[2026-07-29T09:57:52Z DEBUG tracing::span] winit::EventLoopBuilder::build;
[2026-07-29T09:57:52Z DEBUG sctk] Bound new global [46] wl_output v4
[2026-07-29T09:57:52Z DEBUG sctk] Bound new global [9] zxdg_output_manager_v1 v3
[2026-07-29T09:57:52Z DEBUG sctk] Bound new global [40] wl_seat v7
[2026-07-29T09:57:52Z DEBUG sctk] Bound new global [41] wp_cursor_shape_manager_v1 v1
[2026-07-29T09:57:52Z DEBUG sctk] supported wl_shm format Abgr8888
[2026-07-29T09:57:52Z DEBUG sctk] supported wl_shm format Argb8888
[2026-07-29T09:57:52Z DEBUG sctk] supported wl_shm format Xbgr8888
[2026-07-29T09:57:52Z DEBUG sctk] supported wl_shm format Xrgb8888
[2026-07-29T09:57:52Z DEBUG sctk] Bound new global [40] wl_seat v9
[2026-07-29T09:57:52Z DEBUG tracing::span] winit::EventLoopProxy::send_event;
[2026-07-29T09:57:52Z DEBUG winit::event_loop] winit::ActiveEventLoop::create_window; window_attributes=WindowAttributes { inner_size: None, min_inner_size: Some(Logical(LogicalSize { width: 400.0, height: 257.0 })), max_inner_size: Some(Logical(LogicalSize { width: 100014.0, height: 16777215.0 })), position: None, resizable: true, enabled_buttons: WindowButtons(CLOSE | MINIMIZE | MAXIMIZE), title: "Slint Window", maximized: false, visible: false, transparent: true, blur: false, decorations: true, window_icon: None, preferred_theme: None, resize_increments: None, content_protected: false, window_level: Normal, active: true, cursor: Icon(Default), parent_window: None, fullscreen: None, platform_specific: PlatformSpecificWindowAttributes { name: None, activation_token: None, x11: X11WindowAttributes { visual_id: None, screen_id: None, base_size: None, override_redirect: false, x11_window_types: [Normal], embed_window: None } } }
[2026-07-29T09:57:52Z DEBUG tracing::span] winit::Window::inner_size;
[2026-07-29T09:57:52Z DEBUG tracing::span] winit::Window::scale_factor;
[2026-07-29T09:57:52Z DEBUG tracing::span] winit::Window::id;
[2026-07-29T09:57:52Z DEBUG tracing::span] winit::Window::is_visible;
[2026-07-29T09:57:52Z DEBUG tracing::span] winit::Window::fullscreen;
[2026-07-29T09:57:52Z DEBUG winit::window] winit::Window::request_inner_size; size=Physical(PhysicalSize { width: 400, height: 257 })
[2026-07-29T09:57:52Z DEBUG winit::window] winit::Window::set_visible; visible=true
[2026-07-29T09:57:52Z DEBUG tracing::span] winit::Window::enabled_buttons;
[2026-07-29T09:57:52Z DEBUG winit::window] winit::Window::set_enabled_buttons; buttons=WindowButtons(CLOSE | MINIMIZE | MAXIMIZE)
[2026-07-29T09:57:52Z DEBUG tracing::span] winit::Window::id;
[2026-07-29T09:57:52Z DEBUG tracing::span] winit::Window::outer_position;
[2026-07-29T09:57:52Z DEBUG tracing::span] winit::Window::outer_size;
[2026-07-29T09:57:52Z DEBUG tracing::span] winit::Window::inner_position;
[2026-07-29T09:57:52Z DEBUG tracing::span] winit::Window::is_minimized;
[2026-07-29T09:57:52Z DEBUG tracing::span] winit::Window::is_maximized;
[2026-07-29T09:57:52Z DEBUG tracing::span] winit::Window::fullscreen;
[2026-07-29T09:57:52Z INFO  zbus::connection::handshake::common] write_command; command=Auth(Some(External), Some([49, 48, 48, 48]))
[2026-07-29T09:57:52Z INFO  zbus::connection::handshake::common] write_commands; commands=[Auth(Some(External), Some([49, 48, 48, 48]))] extra_bytes=None
[2026-07-29T09:57:52Z INFO  tracing::span] read_command;
[2026-07-29T09:57:52Z INFO  zbus::connection::handshake::common] read_commands; n_commands=1
[2026-07-29T09:57:52Z INFO  zbus::connection::handshake::common] write_commands; commands=[NegotiateUnixFD, Begin] extra_bytes=Some([108, 1, 0, 1, 0, 0, 0, 0, 1, 0, 0, 0, 109, 0, 0, 0, 1, 1, 111, 0, 21, 0, 0, 0, 47, 111, 114, 103, 47, 102, 114, 101, 101, 100, 101, 115, 107, 116, 111, 112, 47, 68, 66, 117, 115, 0, 0, 0, 2, 1, 115, 0, 20, 0, 0, 0, 111, 114, 103, 46, 102, 114, 101, 101, 100, 101, 115, 107, 116, 111, 112, 46, 68, 66, 117, 115, 0, 0, 0, 0, 3, 1, 115, 0, 5, 0, 0, 0, 72, 101, 108, 108, 111, 0, 0, 0, 6, 1, 115, 0, 20, 0, 0, 0, 111, 114, 103, 46, 102, 114, 101, 101, 100, 101, 115, 107, 116, 111, 112, 46, 68, 66, 117, 115, 0, 0, 0, 0])
[2026-07-29T09:57:52Z INFO  zbus::connection::handshake::common] read_commands; n_commands=1
[2026-07-29T09:57:52Z INFO  zbus::proxy] {}; task_name="org.a11y.Status proxy caching"
[2026-07-29T09:57:52Z DEBUG tracing::span] winit::Window::pre_present_notify;
[2026-07-29T09:57:52Z DEBUG winit::window] winit::Window::set_title; title="Slint Window"
[2026-07-29T09:57:52Z DEBUG winit::window] winit::Window::set_decorations; decorations=true
[2026-07-29T09:57:52Z DEBUG tracing::span] winit::Window::fullscreen;
[2026-07-29T09:57:52Z DEBUG tracing::span] winit::Window::request_redraw;
[2026-07-29T09:57:52Z DEBUG tracing::span] winit::Window::pre_present_notify;
[2026-07-29T09:57:52Z DEBUG tracing::span] winit::Window::pre_present_notify;
[2026-07-29T09:57:52Z DEBUG tracing::span] winit::EventLoopProxy::send_event;
[2026-07-29T09:57:52Z DEBUG tracing::span] winit::EventLoopProxy::send_event;
[2026-07-29T09:57:52Z DEBUG tracing::span] winit::EventLoopProxy::send_event;
[2026-07-29T09:57:52Z DEBUG tracing::span] winit::EventLoopProxy::send_event;
[2026-07-29T09:57:52Z DEBUG tracing::span] winit::EventLoopProxy::send_event;
[2026-07-29T09:57:52Z DEBUG tracing::span] winit::EventLoopProxy::send_event;
[2026-07-29T09:57:52Z DEBUG tracing::span] winit::EventLoopProxy::send_event;
[2026-07-29T09:57:52Z DEBUG tracing::span] winit::EventLoopProxy::send_event;
[2026-07-29T09:57:52Z DEBUG tracing::span] winit::EventLoopProxy::send_event;
[2026-07-29T09:57:52Z DEBUG tracing::span] winit::EventLoopProxy::send_event;
[2026-07-29T09:57:52Z DEBUG tracing::span] winit::EventLoopProxy::send_event;
[2026-07-29T09:57:52Z DEBUG tracing::span] winit::EventLoopProxy::send_event;
[2026-07-29T09:57:52Z DEBUG tracing::span] winit::EventLoopProxy::send_event;
[2026-07-29T09:57:52Z DEBUG tracing::span] winit::EventLoopProxy::send_event;
[2026-07-29T09:57:52Z DEBUG tracing::span] winit::EventLoopProxy::send_event;
[2026-07-29T09:57:52Z DEBUG tracing::span] winit::EventLoopProxy::send_event;
[2026-07-29T09:57:52Z DEBUG tracing::span] winit::EventLoopProxy::send_event;
[2026-07-29T09:57:52Z DEBUG tracing::span] winit::EventLoopProxy::send_event;
[2026-07-29T09:57:52Z DEBUG tracing::span] winit::EventLoopProxy::send_event;
[2026-07-29T09:57:52Z DEBUG tracing::span] winit::EventLoopProxy::send_event;
[2026-07-29T09:57:52Z DEBUG tracing::span] winit::EventLoopProxy::send_event;
[2026-07-29T09:57:52Z DEBUG tracing::span] winit::EventLoopProxy::send_event;
[2026-07-29T09:57:52Z DEBUG tracing::span] winit::EventLoopProxy::send_event;
[2026-07-29T09:57:52Z DEBUG tracing::span] winit::EventLoopProxy::send_event;
[2026-07-29T09:57:52Z DEBUG tracing::span] winit::EventLoopProxy::send_event;
[2026-07-29T09:57:52Z DEBUG tracing::span] winit::EventLoopProxy::send_event;
[2026-07-29T09:57:52Z DEBUG tracing::span] winit::EventLoopProxy::send_event;
[2026-07-29T09:57:52Z DEBUG tracing::span] winit::EventLoopProxy::send_event;
[2026-07-29T09:57:52Z DEBUG tracing::span] winit::EventLoopProxy::send_event;
[2026-07-29T09:57:52Z DEBUG tracing::span] winit::EventLoopProxy::send_event;
[2026-07-29T09:57:52Z DEBUG tracing::span] winit::EventLoopProxy::send_event;
[2026-07-29T09:57:52Z DEBUG tracing::span] winit::Window::request_redraw;
[2026-07-29T09:57:52Z DEBUG tracing::span] winit::EventLoopProxy::send_event;
[2026-07-29T09:57:52Z DEBUG tracing::span] winit::Window::pre_present_notify;
[2026-07-29T09:57:52Z DEBUG tracing::span] winit::EventLoopProxy::send_event;
[2026-07-29T09:57:52Z DEBUG tracing::span] winit::Window::request_redraw;
[2026-07-29T09:57:52Z DEBUG winit::window] winit::Window::set_title; title="Slint Window"
[2026-07-29T09:57:52Z DEBUG winit::window] winit::Window::set_decorations; decorations=true
[2026-07-29T09:57:52Z DEBUG tracing::span] winit::Window::fullscreen;
[2026-07-29T09:57:52Z DEBUG winit::window] winit::Window::set_resizable; resizable=true
[2026-07-29T09:57:52Z DEBUG winit::window] winit::Window::set_min_inner_size; min_size=Some(Physical(PhysicalSize { width: 800, height: 257 }))
[2026-07-29T09:57:52Z DEBUG winit::window] winit::Window::max_size; max_size=Some(Physical(PhysicalSize { width: 200208, height: 16777215 }))
[2026-07-29T09:57:52Z DEBUG winit::window] winit::Window::set_title; title="Slint Window"
[2026-07-29T09:57:52Z DEBUG winit::window] winit::Window::set_decorations; decorations=true
[2026-07-29T09:57:52Z DEBUG tracing::span] winit::Window::fullscreen;
[2026-07-29T09:57:53Z DEBUG tracing::span] winit::EventLoopProxy::send_event;
[2026-07-29T09:57:53Z DEBUG tracing::span] winit::Window::pre_present_notify;
[2026-07-29T09:57:53Z DEBUG tracing::span] winit::EventLoopProxy::send_event;
[2026-07-29T09:57:53Z INFO  zbus::connection::handshake::common] write_command; command=Auth(Some(External), Some([49, 48, 48, 48]))
[2026-07-29T09:57:53Z INFO  zbus::connection::handshake::common] write_commands; commands=[Auth(Some(External), Some([49, 48, 48, 48]))] extra_bytes=None
[2026-07-29T09:57:53Z INFO  tracing::span] read_command;
[2026-07-29T09:57:53Z INFO  zbus::connection::handshake::common] read_commands; n_commands=1
[2026-07-29T09:57:53Z DEBUG tracing::span] winit::EventLoopProxy::send_event;
[2026-07-29T09:57:53Z INFO  zbus::connection::handshake::common] write_commands; commands=[NegotiateUnixFD, Begin] extra_bytes=Some([108, 1, 0, 1, 0, 0, 0, 0, 6, 0, 0, 0, 109, 0, 0, 0, 1, 1, 111, 0, 21, 0, 0, 0, 47, 111, 114, 103, 47, 102, 114, 101, 101, 100, 101, 115, 107, 116, 111, 112, 47, 68, 66, 117, 115, 0, 0, 0, 2, 1, 115, 0, 20, 0, 0, 0, 111, 114, 103, 46, 102, 114, 101, 101, 100, 101, 115, 107, 116, 111, 112, 46, 68, 66, 117, 115, 0, 0, 0, 0, 3, 1, 115, 0, 5, 0, 0, 0, 72, 101, 108, 108, 111, 0, 0, 0, 6, 1, 115, 0, 20, 0, 0, 0, 111, 114, 103, 46, 102, 114, 101, 101, 100, 101, 115, 107, 116, 111, 112, 46, 68, 66, 117, 115, 0, 0, 0, 0])
[2026-07-29T09:57:53Z INFO  zbus::connection::handshake::common] read_commands; n_commands=1
[2026-07-29T09:57:53Z DEBUG tracing::span] winit::EventLoopProxy::send_event;
[2026-07-29T09:57:53Z DEBUG tracing::span] winit::EventLoopProxy::send_event;
[2026-07-29T09:57:53Z DEBUG tracing::span] winit::EventLoopProxy::send_event;
[2026-07-29T09:57:53Z DEBUG winit::window] winit::Window::set_theme; theme=None
[2026-07-29T09:57:53Z DEBUG tracing::span] winit::EventLoopProxy::send_event;
[2026-07-29T09:57:53Z DEBUG tracing::span] winit::EventLoopProxy::send_event;
[2026-07-29T09:57:53Z DEBUG tracing::span] winit::EventLoopProxy::send_event;
[2026-07-29T09:57:53Z DEBUG tracing::span] winit::EventLoopProxy::send_event;
[2026-07-29T09:57:57Z DEBUG tracing::span] winit::Window::request_redraw;
[2026-07-29T09:57:57Z DEBUG tracing::span] winit::EventLoopProxy::send_event;
[2026-07-29T09:57:57Z DEBUG tracing::span] winit::EventLoopProxy::send_event;
[2026-07-29T09:57:57Z DEBUG tracing::span] winit::Window::pre_present_notify;
[2026-07-29T09:57:57Z DEBUG tracing::span] winit::Window::request_redraw;
[2026-07-29T09:57:57Z DEBUG winit::window] winit::Window::set_title; title="Slint Window"
[2026-07-29T09:57:57Z DEBUG winit::window] winit::Window::set_decorations; decorations=true
[2026-07-29T09:57:57Z DEBUG tracing::span] winit::Window::fullscreen;
[2026-07-29T09:57:57Z DEBUG winit::window] winit::Window::set_resizable; resizable=true
[2026-07-29T09:57:57Z DEBUG winit::window] winit::Window::set_min_inner_size; min_size=Some(Physical(PhysicalSize { width: 800, height: 257 }))
[2026-07-29T09:57:57Z DEBUG winit::window] winit::Window::max_size; max_size=Some(Physical(PhysicalSize { width: 200462, height: 16777215 }))
[2026-07-29T09:57:57Z DEBUG tracing::span] winit::Window::pre_present_notify;
[2026-07-29T09:57:57Z DEBUG tracing::span] winit::Window::request_redraw;
[2026-07-29T09:57:57Z DEBUG tracing::span] winit::EventLoopProxy::send_event;
[2026-07-29T09:57:57Z DEBUG tracing::span] winit::EventLoopProxy::send_event;
[2026-07-29T09:57:57Z DEBUG tracing::span] winit::Window::pre_present_notify;
[2026-07-29T09:57:57Z DEBUG tracing::span] winit::Window::request_redraw;
[2026-07-29T09:57:57Z DEBUG tracing::span] winit::Window::pre_present_notify;
[2026-07-29T09:57:57Z DEBUG tracing::span] winit::EventLoopProxy::send_event;
[2026-07-29T09:57:57Z DEBUG tracing::span] winit::Window::request_redraw;
[2026-07-29T09:57:57Z DEBUG tracing::span] winit::Window::pre_present_notify;
[2026-07-29T09:57:57Z DEBUG tracing::span] winit::Window::request_redraw;
[2026-07-29T09:57:58Z DEBUG tracing::span] winit::Window::pre_present_notify;
[2026-07-29T09:57:58Z DEBUG tracing::span] winit::Window::request_redraw;
[2026-07-29T09:57:58Z DEBUG tracing::span] winit::Window::pre_present_notify;
[2026-07-29T09:57:58Z DEBUG tracing::span] winit::Window::request_redraw;
[2026-07-29T09:57:58Z DEBUG tracing::span] winit::Window::pre_present_notify;
[2026-07-29T09:57:58Z DEBUG tracing::span] winit::Window::request_redraw;
[2026-07-29T09:57:58Z DEBUG tracing::span] winit::Window::pre_present_notify;
[2026-07-29T09:57:58Z DEBUG tracing::span] winit::Window::request_redraw;
[2026-07-29T09:57:58Z DEBUG tracing::span] winit::Window::pre_present_notify;
[2026-07-29T09:57:58Z DEBUG tracing::span] winit::Window::request_redraw;
[2026-07-29T09:57:58Z DEBUG tracing::span] winit::Window::pre_present_notify;
[2026-07-29T09:57:58Z DEBUG tracing::span] winit::Window::request_redraw;
[2026-07-29T09:57:58Z DEBUG tracing::span] winit::Window::pre_present_notify;
[2026-07-29T09:57:58Z DEBUG tracing::span] winit::Window::request_redraw;
[2026-07-29T09:57:58Z DEBUG tracing::span] winit::EventLoopProxy::send_event;
[2026-07-29T09:57:58Z DEBUG tracing::span] winit::EventLoopProxy::send_event;
[2026-07-29T09:57:58Z DEBUG tracing::span] winit::Window::pre_present_notify;
[2026-07-29T09:57:58Z DEBUG tracing::span] winit::Window::request_redraw;
[2026-07-29T09:57:58Z DEBUG winit::window] winit::Window::set_title; title="Slint Window"
[2026-07-29T09:57:58Z DEBUG winit::window] winit::Window::set_decorations; decorations=true
[2026-07-29T09:57:58Z DEBUG tracing::span] winit::Window::fullscreen;
[2026-07-29T09:57:58Z DEBUG winit::window] winit::Window::set_resizable; resizable=true
[2026-07-29T09:57:58Z DEBUG winit::window] winit::Window::set_min_inner_size; min_size=Some(Physical(PhysicalSize { width: 800, height: 257 }))
[2026-07-29T09:57:58Z DEBUG winit::window] winit::Window::max_size; max_size=Some(Physical(PhysicalSize { width: 200492, height: 16777215 }))
[2026-07-29T09:57:58Z DEBUG tracing::span] winit::Window::pre_present_notify;
[2026-07-29T09:57:58Z DEBUG tracing::span] winit::EventLoopProxy::send_event;
[2026-07-29T09:57:58Z DEBUG tracing::span] winit::Window::request_redraw;
[2026-07-29T09:57:58Z DEBUG tracing::span] winit::EventLoopProxy::send_event;
[2026-07-29T09:57:58Z DEBUG tracing::span] winit::Window::pre_present_notify;
[2026-07-29T09:57:59Z DEBUG tracing::span] winit::Window::request_redraw;
[2026-07-29T09:57:59Z DEBUG tracing::span] winit::EventLoopProxy::send_event;
[2026-07-29T09:57:59Z DEBUG tracing::span] winit::Window::pre_present_notify;
[2026-07-29T09:57:59Z DEBUG tracing::span] winit::Window::request_redraw;
[2026-07-29T09:57:59Z DEBUG winit::window] winit::Window::set_title; title="Slint Window"
[2026-07-29T09:57:59Z DEBUG winit::window] winit::Window::set_decorations; decorations=true
[2026-07-29T09:57:59Z DEBUG tracing::span] winit::Window::fullscreen;
[2026-07-29T09:57:59Z DEBUG winit::window] winit::Window::set_resizable; resizable=true
[2026-07-29T09:57:59Z DEBUG winit::window] winit::Window::set_min_inner_size; min_size=Some(Physical(PhysicalSize { width: 800, height: 257 }))
[2026-07-29T09:57:59Z DEBUG winit::window] winit::Window::max_size; max_size=Some(Physical(PhysicalSize { width: 200462, height: 16777215 }))
[2026-07-29T09:57:59Z DEBUG tracing::span] winit::Window::pre_present_notify;
[2026-07-29T09:57:59Z DEBUG tracing::span] winit::Window::request_redraw;
[2026-07-29T09:57:59Z DEBUG tracing::span] winit::Window::pre_present_notify;
[2026-07-29T09:57:59Z DEBUG tracing::span] winit::Window::request_redraw;
[2026-07-29T09:57:59Z DEBUG tracing::span] winit::Window::pre_present_notify;
[2026-07-29T09:57:59Z DEBUG tracing::span] winit::Window::request_redraw;
[2026-07-29T09:57:59Z DEBUG tracing::span] winit::Window::pre_present_notify;
[2026-07-29T09:57:59Z DEBUG tracing::span] winit::Window::request_redraw;
[2026-07-29T09:58:00Z DEBUG tracing::span] winit::Window::pre_present_notify;
[2026-07-29T09:58:00Z DEBUG tracing::span] winit::Window::request_redraw;
[2026-07-29T09:58:00Z DEBUG tracing::span] winit::Window::pre_present_notify;
[2026-07-29T09:58:00Z DEBUG tracing::span] winit::Window::request_redraw;
[2026-07-29T09:58:00Z DEBUG tracing::span] winit::Window::pre_present_notify;
[2026-07-29T09:58:00Z DEBUG tracing::span] winit::Window::request_redraw;
[2026-07-29T09:58:00Z DEBUG tracing::span] winit::Window::pre_present_notify;
[2026-07-29T09:58:00Z DEBUG tracing::span] winit::Window::request_redraw;
[2026-07-29T09:58:00Z DEBUG tracing::span] winit::Window::pre_present_notify;
[2026-07-29T09:58:00Z DEBUG tracing::span] winit::Window::request_redraw;
[2026-07-29T09:58:00Z DEBUG tracing::span] winit::Window::pre_present_notify;
[2026-07-29T09:58:00Z DEBUG tracing::span] winit::Window::request_redraw;
[2026-07-29T09:58:00Z DEBUG tracing::span] winit::Window::pre_present_notify;
[2026-07-29T09:58:00Z DEBUG tracing::span] winit::Window::request_redraw;
[2026-07-29T09:58:00Z DEBUG tracing::span] winit::Window::pre_present_notify;
[2026-07-29T09:58:01Z DEBUG tracing::span] winit::Window::request_redraw;
[2026-07-29T09:58:01Z DEBUG tracing::span] winit::EventLoopProxy::send_event;
[2026-07-29T09:58:01Z DEBUG tracing::span] winit::Window::pre_present_notify;
[2026-07-29T09:58:01Z DEBUG tracing::span] winit::Window::request_redraw;
[2026-07-29T09:58:01Z DEBUG tracing::span] winit::Window::pre_present_notify;
[2026-07-29T09:58:01Z DEBUG tracing::span] winit::EventLoopProxy::send_event;
[2026-07-29T09:58:01Z DEBUG tracing::span] winit::Window::request_redraw;
[2026-07-29T09:58:01Z DEBUG tracing::span] winit::EventLoopProxy::send_event;
[2026-07-29T09:58:01Z DEBUG tracing::span] winit::Window::pre_present_notify;
[2026-07-29T09:58:01Z DEBUG tracing::span] winit::Window::request_redraw;
[2026-07-29T09:58:01Z DEBUG tracing::span] winit::EventLoopProxy::send_event;
[2026-07-29T09:58:01Z DEBUG tracing::span] winit::Window::pre_present_notify;
[2026-07-29T09:58:01Z DEBUG tracing::span] winit::Window::request_redraw;
[2026-07-29T09:58:01Z DEBUG tracing::span] winit::Window::pre_present_notify;
[2026-07-29T09:58:01Z DEBUG tracing::span] winit::Window::request_redraw;
[2026-07-29T09:58:01Z DEBUG tracing::span] winit::EventLoopProxy::send_event;
[2026-07-29T09:58:01Z DEBUG tracing::span] winit::EventLoopProxy::send_event;
[2026-07-29T09:58:01Z DEBUG tracing::span] winit::Window::pre_present_notify;
[2026-07-29T09:58:01Z DEBUG tracing::span] winit::Window::request_redraw;
[2026-07-29T09:58:01Z DEBUG tracing::span] winit::EventLoopProxy::send_event;
[2026-07-29T09:58:01Z DEBUG tracing::span] winit::Window::pre_present_notify;
[2026-07-29T09:58:01Z DEBUG tracing::span] winit::Window::request_redraw;
[2026-07-29T09:58:01Z DEBUG tracing::span] winit::EventLoopProxy::send_event;
[2026-07-29T09:58:01Z DEBUG tracing::span] winit::Window::pre_present_notify;
[2026-07-29T09:58:01Z DEBUG tracing::span] winit::Window::request_redraw;
[2026-07-29T09:58:01Z DEBUG tracing::span] winit::EventLoopProxy::send_event;
[2026-07-29T09:58:01Z DEBUG tracing::span] winit::Window::pre_present_notify;
[2026-07-29T09:58:01Z DEBUG tracing::span] winit::Window::request_redraw;
[2026-07-29T09:58:01Z DEBUG tracing::span] winit::Window::pre_present_notify;
[2026-07-29T09:58:01Z DEBUG tracing::span] winit::Window::request_redraw;
[2026-07-29T09:58:01Z DEBUG tracing::span] winit::EventLoopProxy::send_event;
[2026-07-29T09:58:01Z DEBUG tracing::span] winit::Window::pre_present_notify;
[2026-07-29T09:58:01Z DEBUG tracing::span] winit::Window::request_redraw;
[2026-07-29T09:58:01Z DEBUG tracing::span] winit::EventLoopProxy::send_event;
[2026-07-29T09:58:01Z DEBUG tracing::span] winit::Window::pre_present_notify;
[2026-07-29T09:58:01Z DEBUG tracing::span] winit::Window::request_redraw;
[2026-07-29T09:58:01Z DEBUG tracing::span] winit::EventLoopProxy::send_event;
[2026-07-29T09:58:01Z DEBUG tracing::span] winit::Window::pre_present_notify;
[2026-07-29T09:58:01Z DEBUG tracing::span] winit::Window::request_redraw;
[2026-07-29T09:58:01Z DEBUG tracing::span] winit::Window::pre_present_notify;
[2026-07-29T09:58:01Z DEBUG tracing::span] winit::Window::request_redraw;
[2026-07-29T09:58:01Z DEBUG tracing::span] winit::Window::pre_present_notify;
[2026-07-29T09:58:01Z DEBUG tracing::span] winit::Window::request_redraw;
[2026-07-29T09:58:01Z DEBUG tracing::span] winit::Window::pre_present_notify;
[2026-07-29T09:58:01Z DEBUG tracing::span] winit::Window::request_redraw;
[2026-07-29T09:58:01Z DEBUG tracing::span] winit::Window::pre_present_notify;
[2026-07-29T09:58:01Z DEBUG tracing::span] winit::Window::request_redraw;
[2026-07-29T09:58:02Z DEBUG tracing::span] winit::Window::pre_present_notify;
[2026-07-29T09:58:02Z DEBUG tracing::span] winit::Window::request_redraw;
[2026-07-29T09:58:02Z DEBUG tracing::span] winit::Window::pre_present_notify;
[2026-07-29T09:58:02Z DEBUG tracing::span] winit::Window::request_redraw;
[2026-07-29T09:58:02Z DEBUG tracing::span] winit::Window::pre_present_notify;
[2026-07-29T09:58:02Z DEBUG tracing::span] winit::Window::request_redraw;
[2026-07-29T09:58:02Z DEBUG tracing::span] winit::Window::pre_present_notify;
[2026-07-29T09:58:02Z DEBUG tracing::span] winit::Window::request_redraw;
[2026-07-29T09:58:02Z DEBUG tracing::span] winit::EventLoopProxy::send_event;
[2026-07-29T09:58:02Z DEBUG tracing::span] winit::Window::pre_present_notify;
[2026-07-29T09:58:02Z DEBUG tracing::span] winit::Window::request_redraw;
[2026-07-29T09:58:02Z DEBUG tracing::span] winit::Window::pre_present_notify;
[2026-07-29T09:58:02Z DEBUG tracing::span] winit::EventLoopProxy::send_event;
[2026-07-29T09:58:02Z DEBUG tracing::span] winit::Window::request_redraw;
[2026-07-29T09:58:02Z DEBUG tracing::span] winit::EventLoopProxy::send_event;
[2026-07-29T09:58:02Z DEBUG tracing::span] winit::Window::pre_present_notify;
[2026-07-29T09:58:03Z DEBUG tracing::span] winit::Window::request_redraw;
[2026-07-29T09:58:03Z DEBUG tracing::span] winit::EventLoopProxy::send_event;
[2026-07-29T09:58:03Z DEBUG tracing::span] winit::Window::pre_present_notify;
[2026-07-29T09:58:03Z DEBUG tracing::span] winit::Window::request_redraw;
[2026-07-29T09:58:03Z DEBUG tracing::span] winit::Window::pre_present_notify;
[2026-07-29T09:58:03Z DEBUG tracing::span] winit::EventLoopProxy::send_event;
[2026-07-29T09:58:03Z DEBUG tracing::span] winit::Window::request_redraw;
[2026-07-29T09:58:03Z DEBUG tracing::span] winit::EventLoopProxy::send_event;
[2026-07-29T09:58:03Z DEBUG tracing::span] winit::Window::pre_present_notify;
[2026-07-29T09:58:04Z DEBUG tracing::span] winit::Window::request_redraw;
[2026-07-29T09:58:04Z DEBUG tracing::span] winit::EventLoopProxy::send_event;
[2026-07-29T09:58:04Z DEBUG tracing::span] winit::Window::pre_present_notify;
[2026-07-29T09:58:04Z DEBUG tracing::span] winit::Window::request_redraw;
[2026-07-29T09:58:04Z DEBUG tracing::span] winit::EventLoopProxy::send_event;
[2026-07-29T09:58:04Z DEBUG tracing::span] winit::EventLoopProxy::send_event;
[2026-07-29T09:58:04Z DEBUG tracing::span] winit::Window::pre_present_notify;
[2026-07-29T09:58:04Z DEBUG tracing::span] winit::Window::request_redraw;
[2026-07-29T09:58:04Z DEBUG tracing::span] winit::Window::pre_present_notify;
[2026-07-29T09:58:04Z DEBUG tracing::span] winit::Window::request_redraw;
[2026-07-29T09:58:04Z DEBUG tracing::span] winit::EventLoopProxy::send_event;
[2026-07-29T09:58:04Z DEBUG tracing::span] winit::Window::pre_present_notify;
[2026-07-29T09:58:04Z DEBUG tracing::span] winit::Window::request_redraw;
[2026-07-29T09:58:04Z DEBUG tracing::span] winit::Window::pre_present_notify;
[2026-07-29T09:58:04Z DEBUG tracing::span] winit::Window::request_redraw;
[2026-07-29T09:58:04Z DEBUG tracing::span] winit::EventLoopProxy::send_event;
[2026-07-29T09:58:04Z DEBUG tracing::span] winit::EventLoopProxy::send_event;
[2026-07-29T09:58:04Z DEBUG tracing::span] winit::Window::pre_present_notify;
[2026-07-29T09:58:04Z DEBUG tracing::span] winit::Window::request_redraw;
[2026-07-29T09:58:04Z DEBUG tracing::span] winit::EventLoopProxy::send_event;
[2026-07-29T09:58:04Z DEBUG tracing::span] winit::Window::pre_present_notify;
[2026-07-29T09:58:04Z DEBUG tracing::span] winit::Window::request_redraw;
[2026-07-29T09:58:04Z DEBUG tracing::span] winit::EventLoopProxy::send_event;
[2026-07-29T09:58:04Z DEBUG tracing::span] winit::Window::pre_present_notify;
[2026-07-29T09:58:04Z DEBUG tracing::span] winit::Window::request_redraw;
[2026-07-29T09:58:04Z DEBUG tracing::span] winit::Window::pre_present_notify;
[2026-07-29T09:58:05Z DEBUG tracing::span] winit::Window::request_redraw;
[2026-07-29T09:58:05Z DEBUG tracing::span] winit::EventLoopProxy::send_event;
[2026-07-29T09:58:05Z DEBUG tracing::span] winit::Window::pre_present_notify;
[2026-07-29T09:58:05Z DEBUG tracing::span] winit::Window::request_redraw;
[2026-07-29T09:58:05Z DEBUG tracing::span] winit::EventLoopProxy::send_event;
[2026-07-29T09:58:05Z DEBUG tracing::span] winit::Window::pre_present_notify;
[2026-07-29T09:58:05Z DEBUG tracing::span] winit::Window::request_redraw;
[2026-07-29T09:58:05Z DEBUG tracing::span] winit::Window::pre_present_notify;
[2026-07-29T09:58:05Z DEBUG tracing::span] winit::Window::request_redraw;
[2026-07-29T09:58:05Z DEBUG tracing::span] winit::EventLoopProxy::send_event;
[2026-07-29T09:58:05Z DEBUG tracing::span] winit::EventLoopProxy::send_event;
[2026-07-29T09:58:05Z DEBUG tracing::span] winit::Window::pre_present_notify;
[2026-07-29T09:58:05Z DEBUG tracing::span] winit::Window::request_redraw;
[2026-07-29T09:58:05Z DEBUG tracing::span] winit::EventLoopProxy::send_event;
[2026-07-29T09:58:05Z DEBUG tracing::span] winit::Window::pre_present_notify;
[2026-07-29T09:58:05Z DEBUG tracing::span] winit::EventLoopProxy::send_event;
[2026-07-29T09:58:05Z DEBUG tracing::span] winit::Window::request_redraw;
[2026-07-29T09:58:05Z DEBUG tracing::span] winit::EventLoopProxy::send_event;
[2026-07-29T09:58:05Z DEBUG tracing::span] winit::Window::pre_present_notify;
[2026-07-29T09:58:05Z DEBUG tracing::span] winit::Window::request_redraw;
[2026-07-29T09:58:05Z DEBUG tracing::span] winit::EventLoopProxy::send_event;
[2026-07-29T09:58:05Z DEBUG tracing::span] winit::EventLoopProxy::send_event;
[2026-07-29T09:58:05Z DEBUG tracing::span] winit::EventLoopProxy::send_event;
[2026-07-29T09:58:05Z DEBUG tracing::span] winit::Window::pre_present_notify;
[2026-07-29T09:58:05Z DEBUG tracing::span] winit::Window::request_redraw;
[2026-07-29T09:58:05Z DEBUG tracing::span] winit::Window::pre_present_notify;
[2026-07-29T09:58:05Z DEBUG tracing::span] winit::Window::request_redraw;
[2026-07-29T09:58:05Z DEBUG tracing::span] winit::EventLoopProxy::send_event;
[2026-07-29T09:58:05Z DEBUG tracing::span] winit::EventLoopProxy::send_event;
[2026-07-29T09:58:05Z DEBUG tracing::span] winit::EventLoopProxy::send_event;
[2026-07-29T09:58:05Z DEBUG tracing::span] winit::Window::pre_present_notify;
[2026-07-29T09:58:05Z DEBUG tracing::span] winit::Window::request_redraw;
[2026-07-29T09:58:05Z DEBUG tracing::span] winit::EventLoopProxy::send_event;
[2026-07-29T09:58:05Z DEBUG tracing::span] winit::Window::pre_present_notify;
[2026-07-29T09:58:05Z DEBUG tracing::span] winit::Window::request_redraw;
[2026-07-29T09:58:05Z DEBUG tracing::span] winit::EventLoopProxy::send_event;
[2026-07-29T09:58:05Z DEBUG tracing::span] winit::EventLoopProxy::send_event;
[2026-07-29T09:58:05Z DEBUG tracing::span] winit::Window::pre_present_notify;
[2026-07-29T09:58:05Z DEBUG tracing::span] winit::Window::request_redraw;
[2026-07-29T09:58:05Z DEBUG tracing::span] winit::EventLoopProxy::send_event;
[2026-07-29T09:58:05Z DEBUG tracing::span] winit::EventLoopProxy::send_event;
[2026-07-29T09:58:05Z DEBUG tracing::span] winit::EventLoopProxy::send_event;
[2026-07-29T09:58:05Z DEBUG tracing::span] winit::Window::pre_present_notify;
[2026-07-29T09:58:05Z DEBUG tracing::span] winit::Window::request_redraw;
[2026-07-29T09:58:05Z DEBUG tracing::span] winit::EventLoopProxy::send_event;
[2026-07-29T09:58:05Z DEBUG tracing::span] winit::EventLoopProxy::send_event;
[2026-07-29T09:58:05Z DEBUG tracing::span] winit::EventLoopProxy::send_event;
[2026-07-29T09:58:05Z DEBUG tracing::span] winit::Window::pre_present_notify;
[2026-07-29T09:58:05Z DEBUG tracing::span] winit::Window::request_redraw;
[2026-07-29T09:58:05Z DEBUG tracing::span] winit::EventLoopProxy::send_event;
[2026-07-29T09:58:05Z DEBUG tracing::span] winit::EventLoopProxy::send_event;
[2026-07-29T09:58:05Z DEBUG tracing::span] winit::EventLoopProxy::send_event;
[2026-07-29T09:58:05Z DEBUG tracing::span] winit::Window::pre_present_notify;
[2026-07-29T09:58:05Z DEBUG tracing::span] winit::Window::request_redraw;
[2026-07-29T09:58:05Z DEBUG tracing::span] winit::EventLoopProxy::send_event;
[2026-07-29T09:58:05Z DEBUG tracing::span] winit::Window::pre_present_notify;
[2026-07-29T09:58:05Z DEBUG tracing::span] winit::Window::request_redraw;
[2026-07-29T09:58:05Z DEBUG tracing::span] winit::EventLoopProxy::send_event;
[2026-07-29T09:58:05Z DEBUG tracing::span] winit::EventLoopProxy::send_event;
[2026-07-29T09:58:05Z DEBUG tracing::span] winit::Window::pre_present_notify;
[2026-07-29T09:58:05Z DEBUG tracing::span] winit::Window::request_redraw;
[2026-07-29T09:58:05Z DEBUG tracing::span] winit::EventLoopProxy::send_event;
[2026-07-29T09:58:05Z DEBUG tracing::span] winit::Window::pre_present_notify;
[2026-07-29T09:58:05Z DEBUG tracing::span] winit::Window::request_redraw;
[2026-07-29T09:58:05Z DEBUG tracing::span] winit::EventLoopProxy::send_event;
[2026-07-29T09:58:05Z DEBUG tracing::span] winit::EventLoopProxy::send_event;
[2026-07-29T09:58:05Z DEBUG tracing::span] winit::Window::pre_present_notify;
[2026-07-29T09:58:05Z DEBUG tracing::span] winit::Window::request_redraw;
[2026-07-29T09:58:05Z DEBUG tracing::span] winit::EventLoopProxy::send_event;
[2026-07-29T09:58:05Z DEBUG tracing::span] winit::EventLoopProxy::send_event;
[2026-07-29T09:58:05Z DEBUG tracing::span] winit::EventLoopProxy::send_event;
[2026-07-29T09:58:05Z DEBUG tracing::span] winit::Window::pre_present_notify;
[2026-07-29T09:58:05Z DEBUG tracing::span] winit::Window::request_redraw;
[2026-07-29T09:58:05Z DEBUG tracing::span] winit::Window::pre_present_notify;
[2026-07-29T09:58:05Z DEBUG tracing::span] winit::Window::request_redraw;
[2026-07-29T09:58:05Z DEBUG tracing::span] winit::EventLoopProxy::send_event;
[2026-07-29T09:58:05Z DEBUG tracing::span] winit::EventLoopProxy::send_event;
[2026-07-29T09:58:05Z DEBUG tracing::span] winit::EventLoopProxy::send_event;
[2026-07-29T09:58:05Z DEBUG tracing::span] winit::Window::pre_present_notify;
[2026-07-29T09:58:05Z DEBUG tracing::span] winit::Window::request_redraw;
[2026-07-29T09:58:05Z WARN  calloop::loop_logic] [calloop] Received an event for non-existence source: TokenInner { id: 3, version: 12, sub_id: 0 }
[2026-07-29T09:58:05Z DEBUG tracing::span] winit::Window::pre_present_notify;
[2026-07-29T09:58:05Z DEBUG tracing::span] winit::Window::request_redraw;
[2026-07-29T09:58:05Z DEBUG tracing::span] winit::Window::pre_present_notify;
[2026-07-29T09:58:05Z DEBUG tracing::span] winit::Window::request_redraw;
[2026-07-29T09:58:05Z DEBUG tracing::span] winit::Window::pre_present_notify;
[2026-07-29T09:58:05Z DEBUG tracing::span] winit::Window::request_redraw;
[2026-07-29T09:58:05Z DEBUG tracing::span] winit::Window::pre_present_notify;
[2026-07-29T09:58:05Z DEBUG tracing::span] winit::Window::request_redraw;
[2026-07-29T09:58:05Z DEBUG tracing::span] winit::Window::pre_present_notify;
[2026-07-29T09:58:05Z DEBUG tracing::span] winit::Window::request_redraw;
[2026-07-29T09:58:05Z DEBUG tracing::span] winit::Window::pre_present_notify;
[2026-07-29T09:58:05Z DEBUG tracing::span] winit::Window::request_redraw;
[2026-07-29T09:58:05Z DEBUG tracing::span] winit::Window::pre_present_notify;
[2026-07-29T09:58:05Z DEBUG tracing::span] winit::Window::request_redraw;
[2026-07-29T09:58:05Z DEBUG tracing::span] winit::Window::pre_present_notify;
[2026-07-29T09:58:06Z DEBUG tracing::span] winit::Window::request_redraw;
[2026-07-29T09:58:06Z DEBUG tracing::span] winit::EventLoopProxy::send_event;
[2026-07-29T09:58:06Z DEBUG tracing::span] winit::Window::pre_present_notify;
[2026-07-29T09:58:06Z DEBUG tracing::span] winit::Window::request_redraw;
[2026-07-29T09:58:06Z DEBUG tracing::span] winit::EventLoopProxy::send_event;
[2026-07-29T09:58:06Z DEBUG tracing::span] winit::Window::pre_present_notify;
[2026-07-29T09:58:06Z DEBUG tracing::span] winit::Window::request_redraw;
[2026-07-29T09:58:06Z DEBUG tracing::span] winit::Window::pre_present_notify;
[2026-07-29T09:58:06Z DEBUG tracing::span] winit::Window::request_redraw;
[2026-07-29T09:58:06Z DEBUG tracing::span] winit::Window::pre_present_notify;
[2026-07-29T09:58:06Z DEBUG tracing::span] winit::Window::request_redraw;
[2026-07-29T09:58:06Z DEBUG tracing::span] winit::Window::pre_present_notify;
[2026-07-29T09:58:06Z DEBUG tracing::span] winit::Window::request_redraw;
[2026-07-29T09:58:06Z DEBUG tracing::span] winit::Window::pre_present_notify;
[2026-07-29T09:58:06Z DEBUG tracing::span] winit::Window::request_redraw;
[2026-07-29T09:58:06Z DEBUG tracing::span] winit::Window::pre_present_notify;
[2026-07-29T09:58:06Z DEBUG tracing::span] winit::Window::request_redraw;
[2026-07-29T09:58:06Z DEBUG tracing::span] winit::Window::pre_present_notify;
[2026-07-29T09:58:06Z DEBUG tracing::span] winit::Window::request_redraw;
[2026-07-29T09:58:06Z DEBUG tracing::span] winit::Window::pre_present_notify;
[2026-07-29T09:58:06Z DEBUG tracing::span] winit::Window::request_redraw;
[2026-07-29T09:58:06Z DEBUG tracing::span] winit::Window::pre_present_notify;
[2026-07-29T09:58:06Z DEBUG tracing::span] winit::Window::request_redraw;
[2026-07-29T09:58:06Z DEBUG tracing::span] winit::EventLoopProxy::send_event;
[2026-07-29T09:58:06Z DEBUG tracing::span] winit::Window::pre_present_notify;
[2026-07-29T09:58:06Z DEBUG tracing::span] winit::Window::request_redraw;
[2026-07-29T09:58:06Z DEBUG tracing::span] winit::EventLoopProxy::send_event;
[2026-07-29T09:58:06Z DEBUG tracing::span] winit::Window::pre_present_notify;
[2026-07-29T09:58:06Z DEBUG tracing::span] winit::Window::request_redraw;
[2026-07-29T09:58:06Z DEBUG tracing::span] winit::Window::pre_present_notify;
[2026-07-29T09:58:06Z DEBUG tracing::span] winit::Window::request_redraw;
[2026-07-29T09:58:06Z DEBUG tracing::span] winit::EventLoopProxy::send_event;
[2026-07-29T09:58:06Z DEBUG tracing::span] winit::Window::pre_present_notify;
[2026-07-29T09:58:06Z DEBUG tracing::span] winit::Window::request_redraw;
[2026-07-29T09:58:06Z DEBUG tracing::span] winit::EventLoopProxy::send_event;
[2026-07-29T09:58:06Z DEBUG tracing::span] winit::Window::pre_present_notify;
[2026-07-29T09:58:06Z DEBUG tracing::span] winit::Window::request_redraw;
[2026-07-29T09:58:06Z DEBUG tracing::span] winit::EventLoopProxy::send_event;
[2026-07-29T09:58:06Z DEBUG tracing::span] winit::Window::pre_present_notify;
[2026-07-29T09:58:06Z DEBUG tracing::span] winit::Window::request_redraw;
[2026-07-29T09:58:06Z DEBUG tracing::span] winit::EventLoopProxy::send_event;
[2026-07-29T09:58:06Z DEBUG tracing::span] winit::Window::pre_present_notify;
[2026-07-29T09:58:06Z DEBUG tracing::span] winit::Window::request_redraw;
[2026-07-29T09:58:06Z DEBUG tracing::span] winit::EventLoopProxy::send_event;
[2026-07-29T09:58:06Z DEBUG tracing::span] winit::Window::pre_present_notify;
[2026-07-29T09:58:06Z DEBUG tracing::span] winit::Window::request_redraw;
[2026-07-29T09:58:06Z DEBUG tracing::span] winit::EventLoopProxy::send_event;
[2026-07-29T09:58:06Z DEBUG tracing::span] winit::Window::pre_present_notify;
[2026-07-29T09:58:07Z DEBUG tracing::span] winit::Window::request_redraw;
[2026-07-29T09:58:07Z DEBUG tracing::span] winit::EventLoopProxy::send_event;
[2026-07-29T09:58:07Z DEBUG tracing::span] winit::Window::pre_present_notify;
[2026-07-29T09:58:07Z DEBUG tracing::span] winit::Window::request_redraw;
[2026-07-29T09:58:07Z DEBUG tracing::span] winit::EventLoopProxy::send_event;
[2026-07-29T09:58:07Z DEBUG tracing::span] winit::Window::pre_present_notify;
[2026-07-29T09:58:07Z DEBUG tracing::span] winit::Window::request_redraw;
[2026-07-29T09:58:07Z DEBUG tracing::span] winit::Window::pre_present_notify;
[2026-07-29T09:58:07Z DEBUG tracing::span] winit::Window::request_redraw;
[2026-07-29T09:58:07Z DEBUG tracing::span] winit::EventLoopProxy::send_event;
[2026-07-29T09:58:07Z DEBUG tracing::span] winit::Window::pre_present_notify;
[2026-07-29T09:58:07Z DEBUG tracing::span] winit::Window::request_redraw;
[2026-07-29T09:58:07Z DEBUG tracing::span] winit::EventLoopProxy::send_event;
[2026-07-29T09:58:07Z DEBUG tracing::span] winit::Window::pre_present_notify;
[2026-07-29T09:58:07Z DEBUG tracing::span] winit::Window::request_redraw;
[2026-07-29T09:58:07Z DEBUG tracing::span] winit::Window::pre_present_notify;
[2026-07-29T09:58:09Z DEBUG tracing::span] winit::Window::request_redraw;
[2026-07-29T09:58:09Z DEBUG tracing::span] winit::EventLoopProxy::send_event;
[2026-07-29T09:58:09Z DEBUG tracing::span] winit::EventLoopProxy::send_event;
[2026-07-29T09:58:09Z DEBUG tracing::span] winit::Window::pre_present_notify;
[2026-07-29T09:58:09Z DEBUG tracing::span] winit::Window::request_redraw;
[2026-07-29T09:58:09Z DEBUG winit::window] winit::Window::set_title; title="Slint Window"
[2026-07-29T09:58:09Z DEBUG winit::window] winit::Window::set_decorations; decorations=true
[2026-07-29T09:58:09Z DEBUG tracing::span] winit::Window::fullscreen;
[2026-07-29T09:58:09Z DEBUG winit::window] winit::Window::set_resizable; resizable=true
[2026-07-29T09:58:09Z DEBUG winit::window] winit::Window::set_min_inner_size; min_size=Some(Physical(PhysicalSize { width: 800, height: 257 }))
[2026-07-29T09:58:09Z DEBUG winit::window] winit::Window::max_size; max_size=Some(Physical(PhysicalSize { width: 200492, height: 16777215 }))
[2026-07-29T09:58:09Z DEBUG tracing::span] winit::Window::pre_present_notify;
[2026-07-29T09:58:09Z DEBUG tracing::span] winit::EventLoopProxy::send_event;
[2026-07-29T09:58:09Z DEBUG tracing::span] winit::Window::request_redraw;
[2026-07-29T09:58:09Z DEBUG tracing::span] winit::EventLoopProxy::send_event;
[2026-07-29T09:58:09Z DEBUG tracing::span] winit::Window::pre_present_notify;
[2026-07-29T09:58:09Z DEBUG tracing::span] winit::Window::request_redraw;
[2026-07-29T09:58:09Z DEBUG tracing::span] winit::Window::pre_present_notify;
[2026-07-29T09:58:09Z DEBUG winit::window] winit::Window::set_title; title="Slint Window"
[2026-07-29T09:58:09Z DEBUG winit::window] winit::Window::set_decorations; decorations=true
[2026-07-29T09:58:09Z DEBUG tracing::span] winit::Window::fullscreen;
[2026-07-29T09:58:09Z DEBUG tracing::span] winit::Window::request_redraw;
[2026-07-29T09:58:09Z DEBUG tracing::span] winit::Window::pre_present_notify;
[2026-07-29T09:58:09Z DEBUG winit::window] winit::Window::set_title; title="Slint Window"
[2026-07-29T09:58:09Z DEBUG winit::window] winit::Window::set_decorations; decorations=true
[2026-07-29T09:58:09Z DEBUG tracing::span] winit::Window::fullscreen;
[2026-07-29T09:58:09Z DEBUG tracing::span] winit::Window::request_redraw;
[2026-07-29T09:58:09Z DEBUG tracing::span] winit::Window::pre_present_notify;
[2026-07-29T09:58:09Z DEBUG winit::window] winit::Window::set_title; title="Slint Window"
[2026-07-29T09:58:09Z DEBUG winit::window] winit::Window::set_decorations; decorations=true
[2026-07-29T09:58:09Z DEBUG tracing::span] winit::Window::fullscreen;
[2026-07-29T09:58:09Z DEBUG tracing::span] winit::Window::request_redraw;
[2026-07-29T09:58:09Z DEBUG tracing::span] winit::Window::pre_present_notify;
[2026-07-29T09:58:09Z DEBUG winit::window] winit::Window::set_title; title="Slint Window"
[2026-07-29T09:58:09Z DEBUG winit::window] winit::Window::set_decorations; decorations=true
[2026-07-29T09:58:09Z DEBUG tracing::span] winit::Window::fullscreen;
[2026-07-29T09:58:10Z DEBUG tracing::span] winit::Window::request_redraw;
[2026-07-29T09:58:10Z DEBUG tracing::span] winit::Window::pre_present_notify;
[2026-07-29T09:58:10Z DEBUG winit::window] winit::Window::set_title; title="Slint Window"
[2026-07-29T09:58:10Z DEBUG winit::window] winit::Window::set_decorations; decorations=true
[2026-07-29T09:58:10Z DEBUG tracing::span] winit::Window::fullscreen;
[2026-07-29T09:58:10Z DEBUG tracing::span] winit::Window::request_redraw;
[2026-07-29T09:58:10Z DEBUG tracing::span] winit::Window::pre_present_notify;
[2026-07-29T09:58:10Z DEBUG winit::window] winit::Window::set_title; title="Slint Window"
[2026-07-29T09:58:10Z DEBUG winit::window] winit::Window::set_decorations; decorations=true
[2026-07-29T09:58:10Z DEBUG tracing::span] winit::Window::fullscreen;
[2026-07-29T09:58:10Z DEBUG tracing::span] winit::Window::request_redraw;
[2026-07-29T09:58:10Z DEBUG tracing::span] winit::Window::pre_present_notify;
[2026-07-29T09:58:10Z DEBUG winit::window] winit::Window::set_title; title="Slint Window"
[2026-07-29T09:58:10Z DEBUG winit::window] winit::Window::set_decorations; decorations=true
[2026-07-29T09:58:10Z DEBUG tracing::span] winit::Window::fullscreen;
[2026-07-29T09:58:10Z DEBUG tracing::span] winit::Window::request_redraw;
[2026-07-29T09:58:10Z DEBUG tracing::span] winit::Window::pre_present_notify;
[2026-07-29T09:58:10Z DEBUG winit::window] winit::Window::set_title; title="Slint Window"
[2026-07-29T09:58:10Z DEBUG winit::window] winit::Window::set_decorations; decorations=true
[2026-07-29T09:58:10Z DEBUG tracing::span] winit::Window::fullscreen;
[2026-07-29T09:58:10Z DEBUG ureq_proto::client] Call<Prepare>
[2026-07-29T09:58:10Z DEBUG ureq::run] GET https://i.scdn.co/******
[2026-07-29T09:58:10Z DEBUG ureq::unversioned::resolver] Resolved: ArrayVec { len: 14, arr: [104.81.60.58:443, 104.81.60.34:443, 104.81.60.25:443, 104.81.60.17:443, 104.81.60.24:443, 104.81.60.26:443, 104.81.60.51:443, 104.81.60.43:443, 104.81.60.59:443, [2a02:26f0:d8::6851:3c2b]:443, [2a02:26f0:d8::6851:3c22]:443, [2a02:26f0:d8::6851:3c3a]:443, [2a02:26f0:d8::6851:3c33]:443, [2a02:26f0:d8::6851:3c1a]:443] }
[2026-07-29T09:58:10Z DEBUG ureq::unversioned::transport::tcp] Connected TcpStream to 104.81.60.58:443
[2026-07-29T09:58:10Z DEBUG rustls::client::hs] No cached session for DnsName("i.scdn.co")
[2026-07-29T09:58:10Z DEBUG rustls::client::hs] Not resuming any session
[2026-07-29T09:58:10Z DEBUG ureq::tls::rustls] Wrapped TLS
[2026-07-29T09:58:10Z DEBUG ureq_proto::client] Call<SendRequest>
[2026-07-29T09:58:10Z DEBUG ureq::run] Request { method: GET, uri: https://i.scdn.co/******, version: HTTP/1.1, headers: {"accept-encoding": "gzip", "user-agent": "ureq/3.3.0", "accept": "*/*", "host": "i.scdn.co"} }
[2026-07-29T09:58:10Z DEBUG rustls::client::hs] Using ciphersuite TLS13_AES_256_GCM_SHA384
[2026-07-29T09:58:10Z DEBUG rustls::client::tls13] Not resuming
[2026-07-29T09:58:10Z DEBUG rustls::client::tls13] TLS1.3 encrypted extensions: ServerExtensions { server_name_ack: (), unknown_extensions: {10}, .. }
[2026-07-29T09:58:10Z DEBUG rustls::client::hs] ALPN protocol is None
[2026-07-29T09:58:10Z DEBUG ureq_proto::client] Call<RecvResponse>
[2026-07-29T09:58:10Z DEBUG ureq_proto::client] Call<RecvBody>
[2026-07-29T09:58:10Z DEBUG ureq::run] Response { status: 200, version: HTTP/1.1, headers: {"content-type": "image/jpeg", "content-length": "150045", "date": "Wed, 29 Jul 2026 09:58:10 GMT", "connection": "keep-alive", "<NOTICE>": "10 HEADERS ARE REDACTED"} }
[2026-07-29T09:58:11Z DEBUG ureq_proto::client] Call<Cleanup>
[2026-07-29T09:58:11Z DEBUG ureq::pool] Return to pool: PoolKey { scheme: "https", authority: i.scdn.co, proxy: None }
[2026-07-29T09:58:11Z INFO  kuplay_core::common::applog] Downloaded 3333
[2026-07-29T09:58:11Z DEBUG tracing::span] winit::EventLoopProxy::send_event;
[2026-07-29T09:58:11Z DEBUG tracing::span] winit::Window::request_redraw;
[2026-07-29T09:58:11Z DEBUG tracing::span] winit::Window::pre_present_notify;
[2026-07-29T09:58:11Z DEBUG winit::window] winit::Window::set_title; title="Slint Window"
[2026-07-29T09:58:11Z DEBUG winit::window] winit::Window::set_decorations; decorations=true
[2026-07-29T09:58:11Z DEBUG tracing::span] winit::Window::fullscreen;
[2026-07-29T09:58:11Z DEBUG ureq_proto::client] Call<Prepare>
[2026-07-29T09:58:11Z DEBUG ureq::run] GET https://i.scdn.co/******
[2026-07-29T09:58:11Z DEBUG ureq::unversioned::resolver] Resolved: ArrayVec { len: 14, arr: [104.81.60.26:443, 104.81.60.24:443, 104.81.60.43:443, 104.81.60.58:443, 104.81.60.34:443, 104.81.60.17:443, 104.81.60.25:443, 104.81.60.51:443, 104.81.60.59:443, [2a02:26f0:d8::6851:3c1a]:443, [2a02:26f0:d8::6851:3c3a]:443, [2a02:26f0:d8::6851:3c33]:443, [2a02:26f0:d8::6851:3c2b]:443, [2a02:26f0:d8::6851:3c22]:443] }
[2026-07-29T09:58:11Z DEBUG ureq::unversioned::transport::tcp] Connected TcpStream to 104.81.60.26:443
[2026-07-29T09:58:11Z DEBUG rustls::client::hs] No cached session for DnsName("i.scdn.co")
[2026-07-29T09:58:11Z DEBUG rustls::client::hs] Not resuming any session
[2026-07-29T09:58:11Z DEBUG ureq::tls::rustls] Wrapped TLS
[2026-07-29T09:58:11Z DEBUG ureq_proto::client] Call<SendRequest>
[2026-07-29T09:58:11Z DEBUG ureq::run] Request { method: GET, uri: https://i.scdn.co/******, version: HTTP/1.1, headers: {"accept-encoding": "gzip", "user-agent": "ureq/3.3.0", "accept": "*/*", "host": "i.scdn.co"} }
[2026-07-29T09:58:11Z DEBUG rustls::client::hs] Using ciphersuite TLS13_AES_256_GCM_SHA384
[2026-07-29T09:58:11Z DEBUG rustls::client::tls13] Not resuming
[2026-07-29T09:58:11Z DEBUG rustls::client::tls13] TLS1.3 encrypted extensions: ServerExtensions { server_name_ack: (), unknown_extensions: {10}, .. }
[2026-07-29T09:58:11Z DEBUG rustls::client::hs] ALPN protocol is None
[2026-07-29T09:58:11Z DEBUG ureq_proto::client] Call<RecvResponse>
[2026-07-29T09:58:11Z DEBUG ureq_proto::client] Call<RecvBody>
[2026-07-29T09:58:11Z DEBUG ureq::run] Response { status: 200, version: HTTP/1.1, headers: {"content-type": "image/jpeg", "content-length": "171270", "date": "Wed, 29 Jul 2026 09:58:11 GMT", "connection": "keep-alive", "<NOTICE>": "11 HEADERS ARE REDACTED"} }
[2026-07-29T09:58:11Z DEBUG ureq_proto::client] Call<Cleanup>
[2026-07-29T09:58:11Z DEBUG ureq::pool] Return to pool: PoolKey { scheme: "https", authority: i.scdn.co, proxy: None }
[2026-07-29T09:58:11Z INFO  kuplay_core::common::applog] Downloaded 3334
[2026-07-29T09:58:11Z DEBUG tracing::span] winit::EventLoopProxy::send_event;
[2026-07-29T09:58:11Z DEBUG tracing::span] winit::Window::request_redraw;
[2026-07-29T09:58:11Z DEBUG tracing::span] winit::Window::pre_present_notify;
[2026-07-29T09:58:11Z DEBUG winit::window] winit::Window::set_title; title="Slint Window"
[2026-07-29T09:58:11Z DEBUG winit::window] winit::Window::set_decorations; decorations=true
[2026-07-29T09:58:11Z DEBUG tracing::span] winit::Window::fullscreen;
[2026-07-29T09:58:11Z DEBUG ureq_proto::client] Call<Prepare>
[2026-07-29T09:58:11Z DEBUG ureq::run] GET https://i.scdn.co/******
[2026-07-29T09:58:11Z DEBUG ureq::unversioned::resolver] Resolved: ArrayVec { len: 14, arr: [104.81.60.17:443, 104.81.60.43:443, 104.81.60.34:443, 104.81.60.25:443, 104.81.60.26:443, 104.81.60.51:443, 104.81.60.59:443, 104.81.60.58:443, 104.81.60.24:443, [2a02:26f0:d8::6851:3c22]:443, [2a02:26f0:d8::6851:3c2b]:443, [2a02:26f0:d8::6851:3c1a]:443, [2a02:26f0:d8::6851:3c33]:443, [2a02:26f0:d8::6851:3c3a]:443] }
[2026-07-29T09:58:11Z DEBUG ureq::unversioned::transport::tcp] Connected TcpStream to 104.81.60.17:443
[2026-07-29T09:58:11Z DEBUG rustls::client::hs] No cached session for DnsName("i.scdn.co")
[2026-07-29T09:58:11Z DEBUG rustls::client::hs] Not resuming any session
[2026-07-29T09:58:11Z DEBUG ureq::tls::rustls] Wrapped TLS
[2026-07-29T09:58:11Z DEBUG ureq_proto::client] Call<SendRequest>
[2026-07-29T09:58:11Z DEBUG ureq::run] Request { method: GET, uri: https://i.scdn.co/******, version: HTTP/1.1, headers: {"accept-encoding": "gzip", "user-agent": "ureq/3.3.0", "accept": "*/*", "host": "i.scdn.co"} }
[2026-07-29T09:58:11Z DEBUG rustls::client::hs] Using ciphersuite TLS13_AES_256_GCM_SHA384
[2026-07-29T09:58:11Z DEBUG rustls::client::tls13] Not resuming
[2026-07-29T09:58:11Z DEBUG rustls::client::tls13] TLS1.3 encrypted extensions: ServerExtensions { server_name_ack: (), unknown_extensions: {10}, .. }
[2026-07-29T09:58:11Z DEBUG rustls::client::hs] ALPN protocol is None
[2026-07-29T09:58:11Z DEBUG ureq_proto::client] Call<RecvResponse>
[2026-07-29T09:58:11Z DEBUG ureq_proto::client] Call<RecvBody>
[2026-07-29T09:58:11Z DEBUG ureq::run] Response { status: 200, version: HTTP/1.1, headers: {"content-type": "image/jpeg", "content-length": "145431", "date": "Wed, 29 Jul 2026 09:58:11 GMT", "connection": "keep-alive", "<NOTICE>": "11 HEADERS ARE REDACTED"} }
[2026-07-29T09:58:11Z DEBUG ureq_proto::client] Call<Cleanup>
[2026-07-29T09:58:11Z DEBUG ureq::pool] Return to pool: PoolKey { scheme: "https", authority: i.scdn.co, proxy: None }
[2026-07-29T09:58:11Z INFO  kuplay_core::common::applog] Downloaded 3335
[2026-07-29T09:58:11Z DEBUG tracing::span] winit::EventLoopProxy::send_event;
[2026-07-29T09:58:11Z DEBUG tracing::span] winit::Window::request_redraw;
[2026-07-29T09:58:11Z DEBUG tracing::span] winit::Window::pre_present_notify;
[2026-07-29T09:58:11Z DEBUG winit::window] winit::Window::set_title; title="Slint Window"
[2026-07-29T09:58:11Z DEBUG winit::window] winit::Window::set_decorations; decorations=true
[2026-07-29T09:58:11Z DEBUG tracing::span] winit::Window::fullscreen;
[2026-07-29T09:58:11Z DEBUG ureq_proto::client] Call<Prepare>
[2026-07-29T09:58:11Z DEBUG ureq::run] GET https://i.scdn.co/******
[2026-07-29T09:58:11Z DEBUG ureq::unversioned::resolver] Resolved: ArrayVec { len: 14, arr: [104.81.60.24:443, 104.81.60.34:443, 104.81.60.26:443, 104.81.60.17:443, 104.81.60.51:443, 104.81.60.43:443, 104.81.60.58:443, 104.81.60.25:443, 104.81.60.59:443, [2a02:26f0:d8::6851:3c3a]:443, [2a02:26f0:d8::6851:3c1a]:443, [2a02:26f0:d8::6851:3c2b]:443, [2a02:26f0:d8::6851:3c22]:443, [2a02:26f0:d8::6851:3c33]:443] }
[2026-07-29T09:58:11Z DEBUG ureq::unversioned::transport::tcp] Connected TcpStream to 104.81.60.24:443
[2026-07-29T09:58:11Z DEBUG rustls::client::hs] No cached session for DnsName("i.scdn.co")
[2026-07-29T09:58:11Z DEBUG rustls::client::hs] Not resuming any session
[2026-07-29T09:58:11Z DEBUG ureq::tls::rustls] Wrapped TLS
[2026-07-29T09:58:11Z DEBUG ureq_proto::client] Call<SendRequest>
[2026-07-29T09:58:11Z DEBUG ureq::run] Request { method: GET, uri: https://i.scdn.co/******, version: HTTP/1.1, headers: {"accept-encoding": "gzip", "user-agent": "ureq/3.3.0", "accept": "*/*", "host": "i.scdn.co"} }
[2026-07-29T09:58:11Z DEBUG rustls::client::hs] Using ciphersuite TLS13_AES_256_GCM_SHA384
[2026-07-29T09:58:11Z DEBUG rustls::client::tls13] Not resuming
[2026-07-29T09:58:11Z DEBUG rustls::client::tls13] TLS1.3 encrypted extensions: ServerExtensions { server_name_ack: (), unknown_extensions: {10}, .. }
[2026-07-29T09:58:11Z DEBUG rustls::client::hs] ALPN protocol is None
[2026-07-29T09:58:11Z DEBUG ureq_proto::client] Call<RecvResponse>
[2026-07-29T09:58:11Z DEBUG ureq_proto::client] Call<RecvBody>
[2026-07-29T09:58:11Z DEBUG ureq::run] Response { status: 200, version: HTTP/1.1, headers: {"content-type": "image/jpeg", "content-length": "119825", "date": "Wed, 29 Jul 2026 09:58:11 GMT", "connection": "keep-alive", "<NOTICE>": "11 HEADERS ARE REDACTED"} }
[2026-07-29T09:58:11Z DEBUG ureq_proto::client] Call<Cleanup>
[2026-07-29T09:58:11Z DEBUG ureq::pool] Return to pool: PoolKey { scheme: "https", authority: i.scdn.co, proxy: None }
[2026-07-29T09:58:11Z INFO  kuplay_core::common::applog] Downloaded 3336
[2026-07-29T09:58:11Z DEBUG tracing::span] winit::EventLoopProxy::send_event;
[2026-07-29T09:58:11Z DEBUG tracing::span] winit::Window::request_redraw;
[2026-07-29T09:58:11Z DEBUG tracing::span] winit::Window::pre_present_notify;
[2026-07-29T09:58:11Z DEBUG winit::window] winit::Window::set_title; title="Slint Window"
[2026-07-29T09:58:11Z DEBUG winit::window] winit::Window::set_decorations; decorations=true
[2026-07-29T09:58:11Z DEBUG tracing::span] winit::Window::fullscreen;
[2026-07-29T09:58:11Z DEBUG ureq_proto::client] Call<Prepare>
[2026-07-29T09:58:11Z DEBUG ureq::run] GET https://i.scdn.co/******
[2026-07-29T09:58:11Z DEBUG ureq::unversioned::resolver] Resolved: ArrayVec { len: 14, arr: [104.81.60.34:443, 104.81.60.43:443, 104.81.60.51:443, 104.81.60.58:443, 104.81.60.26:443, 104.81.60.25:443, 104.81.60.24:443, 104.81.60.59:443, 104.81.60.17:443, [2a02:26f0:d8::6851:3c1a]:443, [2a02:26f0:d8::6851:3c2b]:443, [2a02:26f0:d8::6851:3c33]:443, [2a02:26f0:d8::6851:3c22]:443, [2a02:26f0:d8::6851:3c3a]:443] }
[2026-07-29T09:58:11Z DEBUG ureq::unversioned::transport::tcp] Connected TcpStream to 104.81.60.34:443
[2026-07-29T09:58:11Z DEBUG rustls::client::hs] No cached session for DnsName("i.scdn.co")
[2026-07-29T09:58:11Z DEBUG rustls::client::hs] Not resuming any session
[2026-07-29T09:58:11Z DEBUG ureq::tls::rustls] Wrapped TLS
[2026-07-29T09:58:11Z DEBUG ureq_proto::client] Call<SendRequest>
[2026-07-29T09:58:11Z DEBUG ureq::run] Request { method: GET, uri: https://i.scdn.co/******, version: HTTP/1.1, headers: {"accept-encoding": "gzip", "user-agent": "ureq/3.3.0", "accept": "*/*", "host": "i.scdn.co"} }
[2026-07-29T09:58:11Z DEBUG rustls::client::hs] Using ciphersuite TLS13_AES_256_GCM_SHA384
[2026-07-29T09:58:11Z DEBUG rustls::client::tls13] Not resuming
[2026-07-29T09:58:11Z DEBUG rustls::client::tls13] TLS1.3 encrypted extensions: ServerExtensions { server_name_ack: (), unknown_extensions: {10}, .. }
[2026-07-29T09:58:11Z DEBUG rustls::client::hs] ALPN protocol is None
[2026-07-29T09:58:11Z DEBUG ureq_proto::client] Call<RecvResponse>
[2026-07-29T09:58:11Z DEBUG ureq_proto::client] Call<RecvBody>
[2026-07-29T09:58:11Z DEBUG ureq::run] Response { status: 200, version: HTTP/1.1, headers: {"content-type": "image/jpeg", "content-length": "91789", "date": "Wed, 29 Jul 2026 09:58:11 GMT", "connection": "keep-alive", "<NOTICE>": "10 HEADERS ARE REDACTED"} }
[2026-07-29T09:58:12Z DEBUG ureq_proto::client] Call<Cleanup>
[2026-07-29T09:58:12Z DEBUG ureq::pool] Return to pool: PoolKey { scheme: "https", authority: i.scdn.co, proxy: None }
[2026-07-29T09:58:12Z INFO  kuplay_core::common::applog] Downloaded 3337
[2026-07-29T09:58:12Z DEBUG tracing::span] winit::EventLoopProxy::send_event;
[2026-07-29T09:58:12Z DEBUG tracing::span] winit::Window::request_redraw;
[2026-07-29T09:58:12Z DEBUG tracing::span] winit::Window::pre_present_notify;
[2026-07-29T09:58:12Z DEBUG ureq_proto::client] Call<Prepare>
[2026-07-29T09:58:12Z DEBUG ureq::run] GET https://i.scdn.co/******
[2026-07-29T09:58:12Z DEBUG ureq::unversioned::resolver] Resolved: ArrayVec { len: 14, arr: [104.81.60.51:443, 104.81.60.26:443, 104.81.60.43:443, 104.81.60.59:443, 104.81.60.17:443, 104.81.60.34:443, 104.81.60.24:443, 104.81.60.58:443, 104.81.60.25:443, [2a02:26f0:d8::6851:3c3a]:443, [2a02:26f0:d8::6851:3c1a]:443, [2a02:26f0:d8::6851:3c22]:443, [2a02:26f0:d8::6851:3c2b]:443, [2a02:26f0:d8::6851:3c33]:443] }
[2026-07-29T09:58:12Z DEBUG winit::window] winit::Window::set_title; title="Slint Window"
[2026-07-29T09:58:12Z DEBUG winit::window] winit::Window::set_decorations; decorations=true
[2026-07-29T09:58:12Z DEBUG tracing::span] winit::Window::fullscreen;
[2026-07-29T09:58:12Z DEBUG ureq::unversioned::transport::tcp] Connected TcpStream to 104.81.60.51:443
[2026-07-29T09:58:12Z DEBUG rustls::client::hs] No cached session for DnsName("i.scdn.co")
[2026-07-29T09:58:12Z DEBUG rustls::client::hs] Not resuming any session
[2026-07-29T09:58:12Z DEBUG ureq::tls::rustls] Wrapped TLS
[2026-07-29T09:58:12Z DEBUG ureq_proto::client] Call<SendRequest>
[2026-07-29T09:58:12Z DEBUG ureq::run] Request { method: GET, uri: https://i.scdn.co/******, version: HTTP/1.1, headers: {"accept-encoding": "gzip", "user-agent": "ureq/3.3.0", "accept": "*/*", "host": "i.scdn.co"} }
[2026-07-29T09:58:12Z DEBUG rustls::client::hs] Using ciphersuite TLS13_AES_256_GCM_SHA384
[2026-07-29T09:58:12Z DEBUG rustls::client::tls13] Not resuming
[2026-07-29T09:58:12Z DEBUG rustls::client::tls13] TLS1.3 encrypted extensions: ServerExtensions { server_name_ack: (), unknown_extensions: {10}, .. }
[2026-07-29T09:58:12Z DEBUG rustls::client::hs] ALPN protocol is None
[2026-07-29T09:58:12Z DEBUG ureq_proto::client] Call<RecvResponse>
[2026-07-29T09:58:12Z DEBUG ureq_proto::client] Call<RecvBody>
[2026-07-29T09:58:12Z DEBUG ureq::run] Response { status: 200, version: HTTP/1.1, headers: {"content-type": "image/jpeg", "content-length": "185812", "date": "Wed, 29 Jul 2026 09:58:12 GMT", "connection": "keep-alive", "<NOTICE>": "11 HEADERS ARE REDACTED"} }
[2026-07-29T09:58:12Z DEBUG ureq_proto::client] Call<Cleanup>
[2026-07-29T09:58:12Z DEBUG ureq::pool] Return to pool: PoolKey { scheme: "https", authority: i.scdn.co, proxy: None }
[2026-07-29T09:58:12Z INFO  kuplay_core::common::applog] Downloaded 3338
[2026-07-29T09:58:12Z DEBUG tracing::span] winit::EventLoopProxy::send_event;
[2026-07-29T09:58:12Z DEBUG tracing::span] winit::Window::request_redraw;
[2026-07-29T09:58:12Z DEBUG tracing::span] winit::Window::pre_present_notify;
[2026-07-29T09:58:12Z DEBUG winit::window] winit::Window::set_title; title="Slint Window"
[2026-07-29T09:58:12Z DEBUG winit::window] winit::Window::set_decorations; decorations=true
[2026-07-29T09:58:12Z DEBUG tracing::span] winit::Window::fullscreen;
[2026-07-29T09:58:12Z DEBUG ureq_proto::client] Call<Prepare>
[2026-07-29T09:58:12Z DEBUG ureq::run] GET https://i.scdn.co/******
[2026-07-29T09:58:12Z DEBUG ureq::unversioned::resolver] Resolved: ArrayVec { len: 14, arr: [104.81.60.43:443, 104.81.60.34:443, 104.81.60.58:443, 104.81.60.51:443, 104.81.60.24:443, 104.81.60.59:443, 104.81.60.25:443, 104.81.60.17:443, 104.81.60.26:443, [2a02:26f0:d8::6851:3c33]:443, [2a02:26f0:d8::6851:3c22]:443, [2a02:26f0:d8::6851:3c1a]:443, [2a02:26f0:d8::6851:3c2b]:443, [2a02:26f0:d8::6851:3c3a]:443] }
[2026-07-29T09:58:12Z DEBUG ureq::unversioned::transport::tcp] Connected TcpStream to 104.81.60.43:443
[2026-07-29T09:58:12Z DEBUG rustls::client::hs] No cached session for DnsName("i.scdn.co")
[2026-07-29T09:58:12Z DEBUG rustls::client::hs] Not resuming any session
[2026-07-29T09:58:12Z DEBUG ureq::tls::rustls] Wrapped TLS
[2026-07-29T09:58:12Z DEBUG ureq_proto::client] Call<SendRequest>
[2026-07-29T09:58:12Z DEBUG ureq::run] Request { method: GET, uri: https://i.scdn.co/******, version: HTTP/1.1, headers: {"accept-encoding": "gzip", "user-agent": "ureq/3.3.0", "accept": "*/*", "host": "i.scdn.co"} }
[2026-07-29T09:58:12Z DEBUG rustls::client::hs] Using ciphersuite TLS13_AES_256_GCM_SHA384
[2026-07-29T09:58:12Z DEBUG rustls::client::tls13] Not resuming
[2026-07-29T09:58:12Z DEBUG rustls::client::tls13] TLS1.3 encrypted extensions: ServerExtensions { server_name_ack: (), unknown_extensions: {10}, .. }
[2026-07-29T09:58:12Z DEBUG rustls::client::hs] ALPN protocol is None
[2026-07-29T09:58:12Z DEBUG ureq_proto::client] Call<RecvResponse>
[2026-07-29T09:58:12Z DEBUG ureq_proto::client] Call<RecvBody>
[2026-07-29T09:58:12Z DEBUG ureq::run] Response { status: 200, version: HTTP/1.1, headers: {"content-type": "image/jpeg", "content-length": "45346", "date": "Wed, 29 Jul 2026 09:58:12 GMT", "connection": "keep-alive", "<NOTICE>": "11 HEADERS ARE REDACTED"} }
[2026-07-29T09:58:12Z DEBUG ureq_proto::client] Call<Cleanup>
[2026-07-29T09:58:12Z DEBUG ureq::pool] Return to pool: PoolKey { scheme: "https", authority: i.scdn.co, proxy: None }
[2026-07-29T09:58:12Z INFO  kuplay_core::common::applog] Downloaded 3339
[2026-07-29T09:58:12Z DEBUG tracing::span] winit::EventLoopProxy::send_event;
[2026-07-29T09:58:12Z DEBUG tracing::span] winit::Window::request_redraw;
[2026-07-29T09:58:12Z DEBUG tracing::span] winit::Window::pre_present_notify;
[2026-07-29T09:58:12Z DEBUG winit::window] winit::Window::set_title; title="Slint Window"
[2026-07-29T09:58:12Z DEBUG winit::window] winit::Window::set_decorations; decorations=true
[2026-07-29T09:58:12Z DEBUG tracing::span] winit::Window::fullscreen;
[2026-07-29T09:58:12Z DEBUG ureq_proto::client] Call<Prepare>
[2026-07-29T09:58:12Z DEBUG ureq::run] GET https://i.scdn.co/******
[2026-07-29T09:58:12Z DEBUG ureq::unversioned::resolver] Resolved: ArrayVec { len: 14, arr: [104.81.60.34:443, 104.81.60.43:443, 104.81.60.24:443, 104.81.60.17:443, 104.81.60.26:443, 104.81.60.58:443, 104.81.60.59:443, 104.81.60.25:443, 104.81.60.51:443, [2a02:26f0:d8::6851:3c22]:443, [2a02:26f0:d8::6851:3c2b]:443, [2a02:26f0:d8::6851:3c33]:443, [2a02:26f0:d8::6851:3c3a]:443, [2a02:26f0:d8::6851:3c1a]:443] }
[2026-07-29T09:58:12Z DEBUG ureq::unversioned::transport::tcp] Connected TcpStream to 104.81.60.34:443
[2026-07-29T09:58:12Z DEBUG rustls::client::hs] No cached session for DnsName("i.scdn.co")
[2026-07-29T09:58:12Z DEBUG rustls::client::hs] Not resuming any session
[2026-07-29T09:58:12Z DEBUG ureq::tls::rustls] Wrapped TLS
[2026-07-29T09:58:12Z DEBUG ureq_proto::client] Call<SendRequest>
[2026-07-29T09:58:12Z DEBUG ureq::run] Request { method: GET, uri: https://i.scdn.co/******, version: HTTP/1.1, headers: {"accept-encoding": "gzip", "user-agent": "ureq/3.3.0", "accept": "*/*", "host": "i.scdn.co"} }
[2026-07-29T09:58:12Z DEBUG rustls::client::hs] Using ciphersuite TLS13_AES_256_GCM_SHA384
[2026-07-29T09:58:12Z DEBUG rustls::client::tls13] Not resuming
[2026-07-29T09:58:12Z DEBUG rustls::client::tls13] TLS1.3 encrypted extensions: ServerExtensions { server_name_ack: (), unknown_extensions: {10}, .. }
[2026-07-29T09:58:12Z DEBUG rustls::client::hs] ALPN protocol is None
[2026-07-29T09:58:13Z DEBUG ureq_proto::client] Call<RecvResponse>
[2026-07-29T09:58:13Z DEBUG ureq_proto::client] Call<RecvBody>
[2026-07-29T09:58:13Z DEBUG ureq::run] Response { status: 200, version: HTTP/1.1, headers: {"content-type": "image/jpeg", "content-length": "256019", "date": "Wed, 29 Jul 2026 09:58:13 GMT", "connection": "keep-alive", "<NOTICE>": "11 HEADERS ARE REDACTED"} }
[2026-07-29T09:58:13Z DEBUG ureq_proto::client] Call<Cleanup>
[2026-07-29T09:58:13Z DEBUG ureq::pool] Return to pool: PoolKey { scheme: "https", authority: i.scdn.co, proxy: None }
[2026-07-29T09:58:13Z INFO  kuplay_core::common::applog] Downloaded 3340
[2026-07-29T09:58:13Z DEBUG tracing::span] winit::EventLoopProxy::send_event;
[2026-07-29T09:58:13Z DEBUG tracing::span] winit::Window::request_redraw;
[2026-07-29T09:58:13Z DEBUG tracing::span] winit::Window::pre_present_notify;
[2026-07-29T09:58:13Z DEBUG winit::window] winit::Window::set_title; title="Slint Window"
[2026-07-29T09:58:13Z DEBUG winit::window] winit::Window::set_decorations; decorations=true
[2026-07-29T09:58:13Z DEBUG tracing::span] winit::Window::fullscreen;
[2026-07-29T09:58:13Z DEBUG ureq_proto::client] Call<Prepare>
[2026-07-29T09:58:13Z DEBUG ureq::run] GET https://i.scdn.co/******
[2026-07-29T09:58:13Z DEBUG ureq::unversioned::resolver] Resolved: ArrayVec { len: 14, arr: [104.81.60.24:443, 104.81.60.26:443, 104.81.60.34:443, 104.81.60.51:443, 104.81.60.59:443, 104.81.60.17:443, 104.81.60.58:443, 104.81.60.43:443, 104.81.60.25:443, [2a02:26f0:d8::6851:3c1a]:443, [2a02:26f0:d8::6851:3c3a]:443, [2a02:26f0:d8::6851:3c2b]:443, [2a02:26f0:d8::6851:3c33]:443, [2a02:26f0:d8::6851:3c22]:443] }
[2026-07-29T09:58:13Z DEBUG ureq::unversioned::transport::tcp] Connected TcpStream to 104.81.60.24:443
[2026-07-29T09:58:13Z DEBUG rustls::client::hs] No cached session for DnsName("i.scdn.co")
[2026-07-29T09:58:13Z DEBUG rustls::client::hs] Not resuming any session
[2026-07-29T09:58:13Z DEBUG ureq::tls::rustls] Wrapped TLS
[2026-07-29T09:58:13Z DEBUG ureq_proto::client] Call<SendRequest>
[2026-07-29T09:58:13Z DEBUG ureq::run] Request { method: GET, uri: https://i.scdn.co/******, version: HTTP/1.1, headers: {"accept-encoding": "gzip", "user-agent": "ureq/3.3.0", "accept": "*/*", "host": "i.scdn.co"} }
[2026-07-29T09:58:13Z DEBUG rustls::client::hs] Using ciphersuite TLS13_AES_256_GCM_SHA384
[2026-07-29T09:58:13Z DEBUG rustls::client::tls13] Not resuming
[2026-07-29T09:58:13Z DEBUG rustls::client::tls13] TLS1.3 encrypted extensions: ServerExtensions { server_name_ack: (), unknown_extensions: {10}, .. }
[2026-07-29T09:58:13Z DEBUG rustls::client::hs] ALPN protocol is None
[2026-07-29T09:58:13Z DEBUG ureq_proto::client] Call<RecvResponse>
[2026-07-29T09:58:13Z DEBUG ureq_proto::client] Call<RecvBody>
[2026-07-29T09:58:13Z DEBUG ureq::run] Response { status: 200, version: HTTP/1.1, headers: {"content-type": "image/jpeg", "content-length": "125912", "date": "Wed, 29 Jul 2026 09:58:13 GMT", "connection": "keep-alive", "<NOTICE>": "11 HEADERS ARE REDACTED"} }
[2026-07-29T09:58:13Z DEBUG ureq_proto::client] Call<Cleanup>
[2026-07-29T09:58:13Z DEBUG ureq::pool] Return to pool: PoolKey { scheme: "https", authority: i.scdn.co, proxy: None }
[2026-07-29T09:58:13Z INFO  kuplay_core::common::applog] Downloaded 3341
[2026-07-29T09:58:13Z DEBUG tracing::span] winit::EventLoopProxy::send_event;
[2026-07-29T09:58:13Z DEBUG tracing::span] winit::Window::request_redraw;
[2026-07-29T09:58:13Z DEBUG tracing::span] winit::Window::pre_present_notify;
[2026-07-29T09:58:13Z DEBUG winit::window] winit::Window::set_title; title="Slint Window"
[2026-07-29T09:58:13Z DEBUG winit::window] winit::Window::set_decorations; decorations=true
[2026-07-29T09:58:13Z DEBUG tracing::span] winit::Window::fullscreen;
[2026-07-29T09:58:13Z DEBUG ureq_proto::client] Call<Prepare>
[2026-07-29T09:58:13Z DEBUG ureq::run] GET https://i.scdn.co/******
[2026-07-29T09:58:13Z DEBUG ureq::unversioned::resolver] Resolved: ArrayVec { len: 14, arr: [104.81.60.59:443, 104.81.60.58:443, 104.81.60.17:443, 104.81.60.26:443, 104.81.60.43:443, 104.81.60.51:443, 104.81.60.25:443, 104.81.60.34:443, 104.81.60.24:443, [2a02:26f0:d8::6851:3c2b]:443, [2a02:26f0:d8::6851:3c22]:443, [2a02:26f0:d8::6851:3c3a]:443, [2a02:26f0:d8::6851:3c1a]:443, [2a02:26f0:d8::6851:3c33]:443] }
[2026-07-29T09:58:13Z DEBUG ureq::unversioned::transport::tcp] Connected TcpStream to 104.81.60.59:443
[2026-07-29T09:58:13Z DEBUG rustls::client::hs] No cached session for DnsName("i.scdn.co")
[2026-07-29T09:58:13Z DEBUG rustls::client::hs] Not resuming any session
[2026-07-29T09:58:13Z DEBUG ureq::tls::rustls] Wrapped TLS
[2026-07-29T09:58:13Z DEBUG ureq_proto::client] Call<SendRequest>
[2026-07-29T09:58:13Z DEBUG ureq::run] Request { method: GET, uri: https://i.scdn.co/******, version: HTTP/1.1, headers: {"accept-encoding": "gzip", "user-agent": "ureq/3.3.0", "accept": "*/*", "host": "i.scdn.co"} }
[2026-07-29T09:58:13Z DEBUG rustls::client::hs] Using ciphersuite TLS13_AES_256_GCM_SHA384
[2026-07-29T09:58:13Z DEBUG rustls::client::tls13] Not resuming
[2026-07-29T09:58:13Z DEBUG rustls::client::tls13] TLS1.3 encrypted extensions: ServerExtensions { server_name_ack: (), unknown_extensions: {10}, .. }
[2026-07-29T09:58:13Z DEBUG rustls::client::hs] ALPN protocol is None
[2026-07-29T09:58:13Z DEBUG ureq_proto::client] Call<RecvResponse>
[2026-07-29T09:58:13Z DEBUG ureq_proto::client] Call<RecvBody>
[2026-07-29T09:58:13Z DEBUG ureq::run] Response { status: 200, version: HTTP/1.1, headers: {"content-type": "image/jpeg", "content-length": "151382", "date": "Wed, 29 Jul 2026 09:58:13 GMT", "connection": "keep-alive", "<NOTICE>": "11 HEADERS ARE REDACTED"} }
[2026-07-29T09:58:13Z DEBUG ureq_proto::client] Call<Cleanup>
[2026-07-29T09:58:13Z DEBUG ureq::pool] Return to pool: PoolKey { scheme: "https", authority: i.scdn.co, proxy: None }
[2026-07-29T09:58:13Z INFO  kuplay_core::common::applog] Downloaded 3342
[2026-07-29T09:58:13Z DEBUG tracing::span] winit::EventLoopProxy::send_event;
[2026-07-29T09:58:13Z DEBUG tracing::span] winit::Window::request_redraw;
[2026-07-29T09:58:13Z DEBUG tracing::span] winit::Window::pre_present_notify;
[2026-07-29T09:58:13Z DEBUG winit::window] winit::Window::set_title; title="Slint Window"
[2026-07-29T09:58:13Z DEBUG winit::window] winit::Window::set_decorations; decorations=true
[2026-07-29T09:58:13Z DEBUG tracing::span] winit::Window::fullscreen;
[2026-07-29T09:58:13Z DEBUG ureq_proto::client] Call<Prepare>
[2026-07-29T09:58:13Z DEBUG ureq::run] GET https://i.scdn.co/******
[2026-07-29T09:58:13Z DEBUG ureq::unversioned::resolver] Resolved: ArrayVec { len: 14, arr: [104.81.60.43:443, 104.81.60.25:443, 104.81.60.24:443, 104.81.60.59:443, 104.81.60.17:443, 104.81.60.34:443, 104.81.60.51:443, 104.81.60.58:443, 104.81.60.26:443, [2a02:26f0:d8::6851:3c3a]:443, [2a02:26f0:d8::6851:3c2b]:443, [2a02:26f0:d8::6851:3c33]:443, [2a02:26f0:d8::6851:3c22]:443, [2a02:26f0:d8::6851:3c1a]:443] }
[2026-07-29T09:58:13Z DEBUG ureq::unversioned::transport::tcp] Connected TcpStream to 104.81.60.43:443
[2026-07-29T09:58:13Z DEBUG rustls::client::hs] No cached session for DnsName("i.scdn.co")
[2026-07-29T09:58:13Z DEBUG rustls::client::hs] Not resuming any session
[2026-07-29T09:58:13Z DEBUG ureq::tls::rustls] Wrapped TLS
[2026-07-29T09:58:13Z DEBUG ureq_proto::client] Call<SendRequest>
[2026-07-29T09:58:13Z DEBUG ureq::run] Request { method: GET, uri: https://i.scdn.co/******, version: HTTP/1.1, headers: {"accept-encoding": "gzip", "user-agent": "ureq/3.3.0", "accept": "*/*", "host": "i.scdn.co"} }
[2026-07-29T09:58:13Z DEBUG rustls::client::hs] Using ciphersuite TLS13_AES_256_GCM_SHA384
[2026-07-29T09:58:13Z DEBUG rustls::client::tls13] Not resuming
[2026-07-29T09:58:13Z DEBUG rustls::client::tls13] TLS1.3 encrypted extensions: ServerExtensions { server_name_ack: (), unknown_extensions: {10}, .. }
[2026-07-29T09:58:13Z DEBUG rustls::client::hs] ALPN protocol is None
[2026-07-29T09:58:13Z DEBUG ureq_proto::client] Call<RecvResponse>
[2026-07-29T09:58:14Z DEBUG ureq_proto::client] Call<RecvBody>
[2026-07-29T09:58:14Z DEBUG ureq::run] Response { status: 200, version: HTTP/1.1, headers: {"content-type": "image/jpeg", "content-length": "167001", "date": "Wed, 29 Jul 2026 09:58:14 GMT", "connection": "keep-alive", "<NOTICE>": "11 HEADERS ARE REDACTED"} }
[2026-07-29T09:58:14Z DEBUG ureq_proto::client] Call<Cleanup>
[2026-07-29T09:58:14Z DEBUG ureq::pool] Return to pool: PoolKey { scheme: "https", authority: i.scdn.co, proxy: None }
[2026-07-29T09:58:14Z INFO  kuplay_core::common::applog] Downloaded 3343
[2026-07-29T09:58:14Z DEBUG tracing::span] winit::EventLoopProxy::send_event;
[2026-07-29T09:58:14Z DEBUG tracing::span] winit::Window::request_redraw;
[2026-07-29T09:58:14Z DEBUG tracing::span] winit::Window::pre_present_notify;
[2026-07-29T09:58:14Z DEBUG winit::window] winit::Window::set_title; title="Slint Window"
[2026-07-29T09:58:14Z DEBUG winit::window] winit::Window::set_decorations; decorations=true
[2026-07-29T09:58:14Z DEBUG tracing::span] winit::Window::fullscreen;
[2026-07-29T09:58:14Z DEBUG tracing::span] winit::EventLoopProxy::send_event;
[2026-07-29T09:58:14Z DEBUG ureq_proto::client] Call<Prepare>
[2026-07-29T09:58:14Z DEBUG ureq::run] GET https://i.scdn.co/******
[2026-07-29T09:58:14Z DEBUG tracing::span] winit::Window::request_redraw;
[2026-07-29T09:58:14Z DEBUG ureq::unversioned::resolver] Resolved: ArrayVec { len: 14, arr: [104.81.60.24:443, 104.81.60.34:443, 104.81.60.25:443, 104.81.60.26:443, 104.81.60.51:443, 104.81.60.58:443, 104.81.60.17:443, 104.81.60.59:443, 104.81.60.43:443, [2a02:26f0:d8::6851:3c3a]:443, [2a02:26f0:d8::6851:3c22]:443, [2a02:26f0:d8::6851:3c2b]:443, [2a02:26f0:d8::6851:3c1a]:443, [2a02:26f0:d8::6851:3c33]:443] }
[2026-07-29T09:58:14Z DEBUG tracing::span] winit::Window::pre_present_notify;
[2026-07-29T09:58:14Z DEBUG ureq::unversioned::transport::tcp] Connected TcpStream to 104.81.60.24:443
[2026-07-29T09:58:14Z DEBUG rustls::client::hs] No cached session for DnsName("i.scdn.co")
[2026-07-29T09:58:14Z DEBUG rustls::client::hs] Not resuming any session
[2026-07-29T09:58:14Z DEBUG ureq::tls::rustls] Wrapped TLS
[2026-07-29T09:58:14Z DEBUG ureq_proto::client] Call<SendRequest>
[2026-07-29T09:58:14Z DEBUG ureq::run] Request { method: GET, uri: https://i.scdn.co/******, version: HTTP/1.1, headers: {"accept-encoding": "gzip", "user-agent": "ureq/3.3.0", "accept": "*/*", "host": "i.scdn.co"} }
[2026-07-29T09:58:14Z DEBUG rustls::client::hs] Using ciphersuite TLS13_AES_256_GCM_SHA384
[2026-07-29T09:58:14Z DEBUG rustls::client::tls13] Not resuming
[2026-07-29T09:58:14Z DEBUG rustls::client::tls13] TLS1.3 encrypted extensions: ServerExtensions { server_name_ack: (), unknown_extensions: {10}, .. }
[2026-07-29T09:58:14Z DEBUG rustls::client::hs] ALPN protocol is None
[2026-07-29T09:58:14Z DEBUG ureq_proto::client] Call<RecvResponse>
[2026-07-29T09:58:15Z DEBUG ureq_proto::client] Call<RecvBody>
[2026-07-29T09:58:15Z DEBUG ureq::run] Response { status: 200, version: HTTP/1.1, headers: {"content-type": "image/jpeg", "content-length": "197927", "date": "Wed, 29 Jul 2026 09:58:15 GMT", "connection": "keep-alive", "<NOTICE>": "11 HEADERS ARE REDACTED"} }
[2026-07-29T09:58:15Z DEBUG ureq_proto::client] Call<Cleanup>
[2026-07-29T09:58:15Z DEBUG ureq::pool] Return to pool: PoolKey { scheme: "https", authority: i.scdn.co, proxy: None }
[2026-07-29T09:58:15Z INFO  kuplay_core::common::applog] Downloaded 3344
[2026-07-29T09:58:15Z DEBUG tracing::span] winit::EventLoopProxy::send_event;
[2026-07-29T09:58:15Z DEBUG tracing::span] winit::Window::request_redraw;
[2026-07-29T09:58:15Z DEBUG tracing::span] winit::Window::pre_present_notify;
[2026-07-29T09:58:15Z DEBUG winit::window] winit::Window::set_title; title="Slint Window"
[2026-07-29T09:58:15Z DEBUG winit::window] winit::Window::set_decorations; decorations=true
[2026-07-29T09:58:15Z DEBUG tracing::span] winit::Window::fullscreen;
[2026-07-29T09:58:15Z DEBUG ureq_proto::client] Call<Prepare>
[2026-07-29T09:58:15Z DEBUG ureq::run] GET https://i.scdn.co/******
[2026-07-29T09:58:15Z DEBUG ureq::unversioned::resolver] Resolved: ArrayVec { len: 14, arr: [104.81.60.24:443, 104.81.60.17:443, 104.81.60.59:443, 104.81.60.34:443, 104.81.60.25:443, 104.81.60.58:443, 104.81.60.26:443, 104.81.60.51:443, 104.81.60.43:443, [2a02:26f0:d8::6851:3c22]:443, [2a02:26f0:d8::6851:3c2b]:443, [2a02:26f0:d8::6851:3c33]:443, [2a02:26f0:d8::6851:3c3a]:443, [2a02:26f0:d8::6851:3c1a]:443] }
[2026-07-29T09:58:15Z DEBUG ureq::unversioned::transport::tcp] Connected TcpStream to 104.81.60.24:443
[2026-07-29T09:58:15Z DEBUG rustls::client::hs] No cached session for DnsName("i.scdn.co")
[2026-07-29T09:58:15Z DEBUG rustls::client::hs] Not resuming any session
[2026-07-29T09:58:15Z DEBUG ureq::tls::rustls] Wrapped TLS
[2026-07-29T09:58:15Z DEBUG ureq_proto::client] Call<SendRequest>
[2026-07-29T09:58:15Z DEBUG ureq::run] Request { method: GET, uri: https://i.scdn.co/******, version: HTTP/1.1, headers: {"accept-encoding": "gzip", "user-agent": "ureq/3.3.0", "accept": "*/*", "host": "i.scdn.co"} }
[2026-07-29T09:58:15Z DEBUG rustls::client::hs] Using ciphersuite TLS13_AES_256_GCM_SHA384
[2026-07-29T09:58:15Z DEBUG rustls::client::tls13] Not resuming
[2026-07-29T09:58:15Z DEBUG rustls::client::tls13] TLS1.3 encrypted extensions: ServerExtensions { server_name_ack: (), unknown_extensions: {10}, .. }
[2026-07-29T09:58:15Z DEBUG rustls::client::hs] ALPN protocol is None
[2026-07-29T09:58:15Z DEBUG ureq_proto::client] Call<RecvResponse>
[2026-07-29T09:58:15Z DEBUG ureq_proto::client] Call<RecvBody>
[2026-07-29T09:58:15Z DEBUG ureq::run] Response { status: 200, version: HTTP/1.1, headers: {"content-type": "image/jpeg", "content-length": "116158", "date": "Wed, 29 Jul 2026 09:58:15 GMT", "connection": "keep-alive", "<NOTICE>": "11 HEADERS ARE REDACTED"} }
[2026-07-29T09:58:15Z DEBUG ureq_proto::client] Call<Cleanup>
[2026-07-29T09:58:15Z DEBUG ureq::pool] Return to pool: PoolKey { scheme: "https", authority: i.scdn.co, proxy: None }
[2026-07-29T09:58:15Z INFO  kuplay_core::common::applog] Downloaded 3345
[2026-07-29T09:58:15Z DEBUG tracing::span] winit::EventLoopProxy::send_event;
[2026-07-29T09:58:15Z DEBUG tracing::span] winit::Window::request_redraw;
[2026-07-29T09:58:15Z DEBUG tracing::span] winit::Window::pre_present_notify;
[2026-07-29T09:58:15Z DEBUG winit::window] winit::Window::set_title; title="Slint Window"
[2026-07-29T09:58:15Z DEBUG winit::window] winit::Window::set_decorations; decorations=true
[2026-07-29T09:58:15Z DEBUG tracing::span] winit::Window::fullscreen;
[2026-07-29T09:58:16Z DEBUG ureq_proto::client] Call<Prepare>
[2026-07-29T09:58:16Z DEBUG ureq::run] GET https://i.scdn.co/******
[2026-07-29T09:58:16Z DEBUG ureq::unversioned::resolver] Resolved: ArrayVec { len: 14, arr: [104.81.60.34:443, 104.81.60.51:443, 104.81.60.43:443, 104.81.60.25:443, 104.81.60.24:443, 104.81.60.59:443, 104.81.60.17:443, 104.81.60.58:443, 104.81.60.26:443, [2a02:26f0:d8::6851:3c2b]:443, [2a02:26f0:d8::6851:3c3a]:443, [2a02:26f0:d8::6851:3c1a]:443, [2a02:26f0:d8::6851:3c33]:443, [2a02:26f0:d8::6851:3c22]:443] }
[2026-07-29T09:58:16Z DEBUG ureq::unversioned::transport::tcp] Connected TcpStream to 104.81.60.34:443
[2026-07-29T09:58:16Z DEBUG rustls::client::hs] No cached session for DnsName("i.scdn.co")
[2026-07-29T09:58:16Z DEBUG rustls::client::hs] Not resuming any session
[2026-07-29T09:58:16Z DEBUG ureq::tls::rustls] Wrapped TLS
[2026-07-29T09:58:16Z DEBUG ureq_proto::client] Call<SendRequest>
[2026-07-29T09:58:16Z DEBUG ureq::run] Request { method: GET, uri: https://i.scdn.co/******, version: HTTP/1.1, headers: {"accept-encoding": "gzip", "user-agent": "ureq/3.3.0", "accept": "*/*", "host": "i.scdn.co"} }
[2026-07-29T09:58:16Z DEBUG tracing::span] winit::Window::request_redraw;
[2026-07-29T09:58:16Z DEBUG tracing::span] winit::EventLoopProxy::send_event;
[2026-07-29T09:58:16Z DEBUG rustls::client::hs] Using ciphersuite TLS13_AES_256_GCM_SHA384
[2026-07-29T09:58:16Z DEBUG rustls::client::tls13] Not resuming
[2026-07-29T09:58:16Z DEBUG rustls::client::tls13] TLS1.3 encrypted extensions: ServerExtensions { server_name_ack: (), unknown_extensions: {10}, .. }
[2026-07-29T09:58:16Z DEBUG rustls::client::hs] ALPN protocol is None
[2026-07-29T09:58:16Z DEBUG tracing::span] winit::Window::pre_present_notify;
[2026-07-29T09:58:16Z DEBUG tracing::span] winit::Window::request_redraw;
[2026-07-29T09:58:16Z DEBUG tracing::span] winit::EventLoopProxy::send_event;
[2026-07-29T09:58:16Z DEBUG tracing::span] winit::EventLoopProxy::send_event;
[2026-07-29T09:58:16Z DEBUG ureq_proto::client] Call<RecvResponse>
[2026-07-29T09:58:16Z DEBUG tracing::span] winit::Window::pre_present_notify;
[2026-07-29T09:58:16Z DEBUG ureq_proto::client] Call<RecvBody>
[2026-07-29T09:58:16Z DEBUG ureq::run] Response { status: 200, version: HTTP/1.1, headers: {"content-type": "image/jpeg", "content-length": "112733", "date": "Wed, 29 Jul 2026 09:58:16 GMT", "connection": "keep-alive", "<NOTICE>": "11 HEADERS ARE REDACTED"} }
[2026-07-29T09:58:16Z DEBUG ureq_proto::client] Call<Cleanup>
[2026-07-29T09:58:16Z DEBUG ureq::pool] Return to pool: PoolKey { scheme: "https", authority: i.scdn.co, proxy: None }
[2026-07-29T09:58:16Z INFO  kuplay_core::common::applog] Downloaded 3346
[2026-07-29T09:58:16Z DEBUG tracing::span] winit::EventLoopProxy::send_event;
[2026-07-29T09:58:16Z DEBUG tracing::span] winit::Window::request_redraw;
[2026-07-29T09:58:16Z DEBUG tracing::span] winit::Window::pre_present_notify;
[2026-07-29T09:58:16Z DEBUG winit::window] winit::Window::set_title; title="Slint Window"
[2026-07-29T09:58:16Z DEBUG winit::window] winit::Window::set_decorations; decorations=true
[2026-07-29T09:58:16Z DEBUG tracing::span] winit::Window::fullscreen;
[2026-07-29T09:58:16Z DEBUG tracing::span] winit::EventLoopProxy::send_event;
[2026-07-29T09:58:16Z DEBUG tracing::span] winit::Window::request_redraw;
[2026-07-29T09:58:16Z DEBUG tracing::span] winit::Window::pre_present_notify;
[2026-07-29T09:58:16Z DEBUG tracing::span] winit::Window::request_redraw;
[2026-07-29T09:58:16Z DEBUG tracing::span] winit::EventLoopProxy::send_event;
[2026-07-29T09:58:16Z DEBUG tracing::span] winit::Window::pre_present_notify;
[2026-07-29T09:58:16Z DEBUG tracing::span] winit::Window::request_redraw;
[2026-07-29T09:58:16Z DEBUG tracing::span] winit::EventLoopProxy::send_event;
[2026-07-29T09:58:16Z DEBUG tracing::span] winit::EventLoopProxy::send_event;
[2026-07-29T09:58:16Z DEBUG tracing::span] winit::Window::pre_present_notify;
[2026-07-29T09:58:17Z DEBUG tracing::span] winit::Window::request_redraw;
[2026-07-29T09:58:17Z DEBUG tracing::span] winit::EventLoopProxy::send_event;
[2026-07-29T09:58:17Z DEBUG tracing::span] winit::Window::pre_present_notify;
[2026-07-29T09:58:17Z DEBUG tracing::span] winit::Window::request_redraw;
[2026-07-29T09:58:17Z DEBUG tracing::span] winit::EventLoopProxy::send_event;
[2026-07-29T09:58:17Z DEBUG tracing::span] winit::EventLoopProxy::send_event;
[2026-07-29T09:58:17Z DEBUG tracing::span] winit::Window::pre_present_notify;
[2026-07-29T09:58:17Z DEBUG tracing::span] winit::Window::request_redraw;
[2026-07-29T09:58:17Z DEBUG tracing::span] winit::EventLoopProxy::send_event;
[2026-07-29T09:58:17Z DEBUG tracing::span] winit::Window::pre_present_notify;
[2026-07-29T09:58:17Z DEBUG tracing::span] winit::Window::request_redraw;
[2026-07-29T09:58:17Z DEBUG tracing::span] winit::EventLoopProxy::send_event;
[2026-07-29T09:58:17Z DEBUG tracing::span] winit::EventLoopProxy::send_event;
[2026-07-29T09:58:17Z DEBUG tracing::span] winit::Window::pre_present_notify;
[2026-07-29T09:58:17Z DEBUG tracing::span] winit::Window::request_redraw;
[2026-07-29T09:58:17Z DEBUG tracing::span] winit::EventLoopProxy::send_event;
[2026-07-29T09:58:17Z DEBUG tracing::span] winit::Window::pre_present_notify;
[2026-07-29T09:58:17Z DEBUG tracing::span] winit::Window::request_redraw;
[2026-07-29T09:58:17Z DEBUG tracing::span] winit::EventLoopProxy::send_event;
[2026-07-29T09:58:17Z DEBUG tracing::span] winit::EventLoopProxy::send_event;
[2026-07-29T09:58:17Z DEBUG tracing::span] winit::Window::pre_present_notify;
[2026-07-29T09:58:18Z DEBUG tracing::span] winit::Window::request_redraw;
[2026-07-29T09:58:18Z DEBUG tracing::span] winit::EventLoopProxy::send_event;
[2026-07-29T09:58:18Z DEBUG tracing::span] winit::Window::pre_present_notify;
[2026-07-29T09:58:18Z DEBUG tracing::span] winit::Window::request_redraw;
[2026-07-29T09:58:18Z DEBUG winit::window] winit::Window::set_title; title="Slint Window"
[2026-07-29T09:58:18Z DEBUG winit::window] winit::Window::set_decorations; decorations=true
[2026-07-29T09:58:18Z DEBUG tracing::span] winit::Window::fullscreen;
[2026-07-29T09:58:18Z DEBUG winit::window] winit::Window::set_resizable; resizable=true
[2026-07-29T09:58:18Z DEBUG winit::window] winit::Window::set_min_inner_size; min_size=Some(Physical(PhysicalSize { width: 800, height: 257 }))
[2026-07-29T09:58:18Z DEBUG winit::window] winit::Window::max_size; max_size=Some(Physical(PhysicalSize { width: 200462, height: 16777215 }))
[2026-07-29T09:58:18Z DEBUG tracing::span] winit::Window::pre_present_notify;
[2026-07-29T09:58:18Z DEBUG tracing::span] winit::Window::request_redraw;
[2026-07-29T09:58:18Z DEBUG tracing::span] winit::Window::pre_present_notify;
[2026-07-29T09:58:18Z DEBUG tracing::span] winit::Window::request_redraw;
[2026-07-29T09:58:18Z DEBUG tracing::span] winit::Window::pre_present_notify;
[2026-07-29T09:58:18Z DEBUG tracing::span] winit::Window::request_redraw;
[2026-07-29T09:58:18Z DEBUG tracing::span] winit::Window::pre_present_notify;
[2026-07-29T09:58:18Z DEBUG tracing::span] winit::Window::request_redraw;
[2026-07-29T09:58:18Z DEBUG tracing::span] winit::Window::pre_present_notify;
[2026-07-29T09:58:18Z DEBUG tracing::span] winit::Window::request_redraw;
[2026-07-29T09:58:18Z DEBUG tracing::span] winit::Window::pre_present_notify;
[2026-07-29T09:58:18Z DEBUG tracing::span] winit::Window::request_redraw;
[2026-07-29T09:58:18Z DEBUG tracing::span] winit::Window::pre_present_notify;
[2026-07-29T09:58:18Z DEBUG tracing::span] winit::Window::request_redraw;
[2026-07-29T09:58:18Z DEBUG tracing::span] winit::Window::pre_present_notify;
[2026-07-29T09:58:18Z DEBUG tracing::span] winit::Window::request_redraw;
[2026-07-29T09:58:18Z DEBUG tracing::span] winit::Window::pre_present_notify;
[2026-07-29T09:58:18Z DEBUG tracing::span] winit::Window::request_redraw;
[2026-07-29T09:58:18Z DEBUG tracing::span] winit::Window::pre_present_notify;
[2026-07-29T09:58:19Z DEBUG tracing::span] winit::Window::request_redraw;
[2026-07-29T09:58:19Z DEBUG tracing::span] winit::EventLoopProxy::send_event;
[2026-07-29T09:58:19Z DEBUG tracing::span] winit::Window::pre_present_notify;
[2026-07-29T09:58:19Z DEBUG tracing::span] winit::Window::request_redraw;
[2026-07-29T09:58:19Z DEBUG tracing::span] winit::EventLoopProxy::send_event;
[2026-07-29T09:58:19Z DEBUG tracing::span] winit::Window::pre_present_notify;
[2026-07-29T09:58:19Z DEBUG tracing::span] winit::Window::request_redraw;
[2026-07-29T09:58:19Z DEBUG tracing::span] winit::Window::pre_present_notify;
[2026-07-29T09:58:19Z DEBUG tracing::span] winit::Window::request_redraw;
[2026-07-29T09:58:19Z DEBUG tracing::span] winit::EventLoopProxy::send_event;
[2026-07-29T09:58:19Z DEBUG tracing::span] winit::Window::pre_present_notify;
[2026-07-29T09:58:19Z DEBUG tracing::span] winit::Window::request_redraw;
[2026-07-29T09:58:19Z DEBUG tracing::span] winit::EventLoopProxy::send_event;
[2026-07-29T09:58:19Z DEBUG tracing::span] winit::Window::pre_present_notify;
[2026-07-29T09:58:19Z DEBUG tracing::span] winit::Window::request_redraw;
[2026-07-29T09:58:19Z DEBUG tracing::span] winit::Window::pre_present_notify;
[2026-07-29T09:58:20Z DEBUG tracing::span] winit::EventLoopProxy::send_event;
[2026-07-29T09:58:20Z DEBUG keyring] creating entry with service kuplay, user spot_tokens, and no target
[2026-07-29T09:58:20Z DEBUG keyring] created entry SsCredential { attributes: {"service": "kuplay", "target": "default", "username": "spot_tokens", "application": "rust-keyring"}, label: "spot_tokens@kuplay:default (keyring v3.6.3)", target: Some("default") }
[2026-07-29T09:58:20Z DEBUG keyring] get password from entry SsCredential { attributes: {"service": "kuplay", "target": "default", "username": "spot_tokens", "application": "rust-keyring"}, label: "spot_tokens@kuplay:default (keyring v3.6.3)", target: Some("default") }
[2026-07-29T09:58:20Z DEBUG tracing::span] winit::EventLoopProxy::send_event;
[2026-07-29T09:58:20Z INFO  kuplay_core::common::applog] tokens are {"access_token":"BQDsk66fBsXnrdRPXkfwB_QAk5CjNyNtMzMLKUcSyB9F2PzY3Z6b8wVCwHh1jyEJuCB9jUysOKXFxF-9o4mmbEPeEkK7LHA8uKUSCD6g83yNAJjffaLllKNhHFtN2xI6YyBgV5gmozx_kCInsfYa8USpR68AUyz6h3B_MQZ3LFQA014CLQYzhU5K87iXxNQWrHa7wBzUCoadFa2zM_-MWDO5Eqn9AAF4WwPrrtcgjd6XsppwvS6at3KcRtHkget_PRhmgH8yf0odDCL-","refresh_token":"AQDv0r6Iv0TAOSm9uwz11sCx_3VquPtT2-i74xLYKheiMtMw737R7ffa8Lng7DF70NRvrnOACdX0ebcWaoQzrrqzJaHPb6LYmoR6uU5Q4xImWN9U8CJ3musC3kKzJTnRKKE","token_type":"Bearer","expires_in":1785321661}
[2026-07-29T09:58:20Z DEBUG tracing::span] winit::EventLoopProxy::send_event;
[2026-07-29T09:58:20Z DEBUG keyring] get password from entry SsCredential { attributes: {"service": "kuplay", "target": "default", "username": "spot_tokens", "application": "rust-keyring"}, label: "spot_tokens@kuplay:default (keyring v3.6.3)", target: Some("default") }
[2026-07-29T09:58:20Z DEBUG tracing::span] winit::Window::request_redraw;
[2026-07-29T09:58:20Z INFO  kuplay_core::common::applog] Spot access token pulled from keyring BQDsk66fBsXnrdRPXkfwB_QAk5CjNyNtMzMLKUcSyB9F2PzY3Z6b8wVCwHh1jyEJuCB9jUysOKXFxF-9o4mmbEPeEkK7LHA8uKUSCD6g83yNAJjffaLllKNhHFtN2xI6YyBgV5gmozx_kCInsfYa8USpR68AUyz6h3B_MQZ3LFQA014CLQYzhU5K87iXxNQWrHa7wBzUCoadFa2zM_-MWDO5Eqn9AAF4WwPrrtcgjd6XsppwvS6at3KcRtHkget_PRhmgH8yf0odDCL-, AQDv0r6Iv0TAOSm9uwz11sCx_3VquPtT2-i74xLYKheiMtMw737R7ffa8Lng7DF70NRvrnOACdX0ebcWaoQzrrqzJaHPb6LYmoR6uU5Q4xImWN9U8CJ3musC3kKzJTnRKKE, 1785321661
[2026-07-29T09:58:20Z DEBUG tracing::span] winit::EventLoopProxy::send_event;
[2026-07-29T09:58:20Z DEBUG ureq_proto::client] Call<Prepare>
[2026-07-29T09:58:20Z DEBUG ureq::run] PUT https://api.spotify.com/******
[2026-07-29T09:58:20Z DEBUG ureq::unversioned::resolver] Resolved: ArrayVec { len: 2, arr: [35.186.224.24:443, [2600:1901:1:7c5::]:443] }
[2026-07-29T09:58:20Z DEBUG tracing::span] winit::Window::pre_present_notify;
[2026-07-29T09:58:20Z DEBUG tracing::span] winit::Window::request_redraw;
[2026-07-29T09:58:20Z DEBUG winit::window] winit::Window::set_title; title="Slint Window"
[2026-07-29T09:58:20Z DEBUG winit::window] winit::Window::set_decorations; decorations=true
[2026-07-29T09:58:20Z DEBUG tracing::span] winit::Window::fullscreen;
[2026-07-29T09:58:20Z DEBUG winit::window] winit::Window::set_resizable; resizable=true
[2026-07-29T09:58:20Z DEBUG winit::window] winit::Window::set_min_inner_size; min_size=Some(Physical(PhysicalSize { width: 800, height: 257 }))
[2026-07-29T09:58:20Z DEBUG winit::window] winit::Window::max_size; max_size=Some(Physical(PhysicalSize { width: 200462, height: 16777215 }))
[2026-07-29T09:58:20Z DEBUG winit::window] winit::Window::set_title; title="Slint Window"
[2026-07-29T09:58:20Z DEBUG winit::window] winit::Window::set_decorations; decorations=true
[2026-07-29T09:58:20Z DEBUG tracing::span] winit::Window::fullscreen;
[2026-07-29T09:58:20Z DEBUG winit::window] winit::Window::set_resizable; resizable=true
[2026-07-29T09:58:20Z DEBUG winit::window] winit::Window::set_min_inner_size; min_size=Some(Physical(PhysicalSize { width: 800, height: 257 }))
[2026-07-29T09:58:20Z DEBUG winit::window] winit::Window::max_size; max_size=Some(Physical(PhysicalSize { width: 200462, height: 16777215 }))
[2026-07-29T09:58:20Z DEBUG ureq::unversioned::transport::tcp] Connected TcpStream to 35.186.224.24:443
[2026-07-29T09:58:20Z DEBUG rustls::client::hs] No cached session for DnsName("api.spotify.com")
[2026-07-29T09:58:20Z DEBUG rustls::client::hs] Not resuming any session
[2026-07-29T09:58:20Z DEBUG ureq::tls::rustls] Wrapped TLS
[2026-07-29T09:58:20Z DEBUG ureq_proto::client] Call<SendRequest>
[2026-07-29T09:58:20Z DEBUG ureq::run] Request { method: PUT, uri: https://api.spotify.com/******, version: HTTP/1.1, headers: {"accept-encoding": "gzip", "content-length": "62", "user-agent": "ureq/3.3.0", "accept": "*/*", "host": "api.spotify.com", "content-type": "application/json; charset=utf-8", "<NOTICE>": "1 HEADERS ARE REDACTED"} }
[2026-07-29T09:58:20Z DEBUG tracing::span] winit::Window::pre_present_notify;
[2026-07-29T09:58:20Z DEBUG tracing::span] winit::Window::request_redraw;
[2026-07-29T09:58:20Z DEBUG rustls::client::hs] Using ciphersuite TLS13_AES_256_GCM_SHA384
[2026-07-29T09:58:20Z DEBUG rustls::client::tls13] Not resuming
[2026-07-29T09:58:20Z DEBUG rustls::client::tls13] TLS1.3 encrypted extensions: ServerExtensions { server_name_ack: (), unknown_extensions: {}, .. }
[2026-07-29T09:58:20Z DEBUG rustls::client::hs] ALPN protocol is None
[2026-07-29T09:58:20Z DEBUG ureq_proto::client] Call<SendBody>
[2026-07-29T09:58:20Z DEBUG ureq_proto::client] Call<RecvResponse>
[2026-07-29T09:58:20Z DEBUG tracing::span] winit::Window::pre_present_notify;
[2026-07-29T09:58:20Z DEBUG tracing::span] winit::Window::request_redraw;
[2026-07-29T09:58:20Z DEBUG tracing::span] winit::Window::pre_present_notify;
[2026-07-29T09:58:20Z DEBUG tracing::span] winit::Window::request_redraw;
[2026-07-29T09:58:20Z DEBUG tracing::span] winit::Window::pre_present_notify;
[2026-07-29T09:58:20Z DEBUG tracing::span] winit::Window::request_redraw;
[2026-07-29T09:58:20Z DEBUG tracing::span] winit::Window::pre_present_notify;
[2026-07-29T09:58:20Z DEBUG tracing::span] winit::Window::request_redraw;
[2026-07-29T09:58:20Z DEBUG tracing::span] winit::Window::pre_present_notify;
[2026-07-29T09:58:20Z DEBUG tracing::span] winit::Window::request_redraw;
[2026-07-29T09:58:20Z DEBUG tracing::span] winit::Window::pre_present_notify;
[2026-07-29T09:58:20Z DEBUG tracing::span] winit::Window::request_redraw;
[2026-07-29T09:58:20Z DEBUG tracing::span] winit::Window::pre_present_notify;
[2026-07-29T09:58:20Z DEBUG tracing::span] winit::Window::request_redraw;
[2026-07-29T09:58:20Z DEBUG tracing::span] winit::Window::pre_present_notify;
[2026-07-29T09:58:20Z DEBUG tracing::span] winit::Window::request_redraw;
[2026-07-29T09:58:20Z DEBUG tracing::span] winit::Window::pre_present_notify;
[2026-07-29T09:58:20Z DEBUG ureq_proto::client] Call<Cleanup>
[2026-07-29T09:58:20Z DEBUG ureq::run] Response { status: 204, version: HTTP/1.1, headers: {"date": "Wed, 29 Jul 2026 09:58:20 GMT", "server": "envoy", "<NOTICE>": "9 HEADERS ARE REDACTED"} }
[2026-07-29T09:58:20Z DEBUG ureq::pool] Return to pool: PoolKey { scheme: "https", authority: api.spotify.com, proxy: None }
[2026-07-29T09:58:20Z DEBUG tracing::span] winit::EventLoopProxy::send_event;
[2026-07-29T09:58:20Z DEBUG tracing::span] winit::Window::request_redraw;
[2026-07-29T09:58:20Z DEBUG tracing::span] winit::EventLoopProxy::send_event;
[2026-07-29T09:58:20Z DEBUG tracing::span] winit::Window::pre_present_notify;
[2026-07-29T09:58:20Z DEBUG tracing::span] winit::Window::request_redraw;
[2026-07-29T09:58:20Z DEBUG winit::window] winit::Window::set_title; title="Slint Window"
[2026-07-29T09:58:20Z DEBUG winit::window] winit::Window::set_decorations; decorations=true
[2026-07-29T09:58:20Z DEBUG tracing::span] winit::Window::fullscreen;
[2026-07-29T09:58:20Z DEBUG winit::window] winit::Window::set_resizable; resizable=true
[2026-07-29T09:58:20Z DEBUG winit::window] winit::Window::set_min_inner_size; min_size=Some(Physical(PhysicalSize { width: 800, height: 372 }))
[2026-07-29T09:58:20Z DEBUG winit::window] winit::Window::max_size; max_size=Some(Physical(PhysicalSize { width: 200462, height: 16777215 }))
[2026-07-29T09:58:20Z DEBUG winit::window] winit::Window::set_title; title="Slint Window"
[2026-07-29T09:58:20Z DEBUG winit::window] winit::Window::set_decorations; decorations=true
[2026-07-29T09:58:20Z DEBUG tracing::span] winit::Window::fullscreen;
[2026-07-29T09:58:20Z DEBUG tracing::span] winit::Window::pre_present_notify;
[2026-07-29T09:58:20Z DEBUG tracing::span] winit::Window::request_redraw;
[2026-07-29T09:58:20Z DEBUG tracing::span] winit::Window::pre_present_notify;
[2026-07-29T09:58:20Z DEBUG tracing::span] winit::Window::request_redraw;
[2026-07-29T09:58:20Z DEBUG tracing::span] winit::Window::pre_present_notify;
[2026-07-29T09:58:20Z DEBUG tracing::span] winit::Window::request_redraw;
[2026-07-29T09:58:20Z DEBUG tracing::span] winit::Window::pre_present_notify;
[2026-07-29T09:58:20Z DEBUG tracing::span] winit::Window::request_redraw;
[2026-07-29T09:58:20Z DEBUG tracing::span] winit::Window::pre_present_notify;
[2026-07-29T09:58:20Z DEBUG tracing::span] winit::Window::request_redraw;
[2026-07-29T09:58:20Z DEBUG tracing::span] winit::Window::pre_present_notify;
[2026-07-29T09:58:20Z DEBUG tracing::span] winit::Window::request_redraw;
[2026-07-29T09:58:20Z DEBUG tracing::span] winit::Window::pre_present_notify;
[2026-07-29T09:58:20Z DEBUG tracing::span] winit::Window::request_redraw;
[2026-07-29T09:58:20Z DEBUG tracing::span] winit::Window::pre_present_notify;
[2026-07-29T09:58:20Z DEBUG tracing::span] winit::Window::request_redraw;
[2026-07-29T09:58:20Z DEBUG tracing::span] winit::Window::pre_present_notify;
[2026-07-29T09:58:20Z DEBUG tracing::span] winit::Window::request_redraw;
[2026-07-29T09:58:20Z DEBUG tracing::span] winit::Window::pre_present_notify;
[2026-07-29T09:58:20Z DEBUG tracing::span] winit::Window::request_redraw;
[2026-07-29T09:58:20Z DEBUG tracing::span] winit::Window::pre_present_notify;
[2026-07-29T09:58:20Z DEBUG tracing::span] winit::Window::request_redraw;
[2026-07-29T09:58:20Z DEBUG tracing::span] winit::Window::pre_present_notify;
[2026-07-29T09:58:20Z DEBUG tracing::span] winit::Window::request_redraw;
[2026-07-29T09:58:20Z DEBUG tracing::span] winit::Window::pre_present_notify;
[2026-07-29T09:58:20Z DEBUG tracing::span] winit::Window::request_redraw;
[2026-07-29T09:58:20Z DEBUG tracing::span] winit::Window::pre_present_notify;
[2026-07-29T09:58:20Z DEBUG tracing::span] winit::Window::request_redraw;
[2026-07-29T09:58:20Z DEBUG tracing::span] winit::Window::pre_present_notify;
[2026-07-29T09:58:20Z DEBUG tracing::span] winit::Window::request_redraw;
[2026-07-29T09:58:20Z DEBUG tracing::span] winit::Window::pre_present_notify;
[2026-07-29T09:58:20Z DEBUG tracing::span] winit::Window::request_redraw;
[2026-07-29T09:58:20Z DEBUG tracing::span] winit::Window::pre_present_notify;
[2026-07-29T09:58:20Z DEBUG tracing::span] winit::Window::request_redraw;
[2026-07-29T09:58:20Z DEBUG tracing::span] winit::Window::pre_present_notify;
[2026-07-29T09:58:20Z DEBUG tracing::span] winit::Window::request_redraw;
[2026-07-29T09:58:20Z DEBUG tracing::span] winit::Window::pre_present_notify;
[2026-07-29T09:58:20Z DEBUG tracing::span] winit::Window::request_redraw;
[2026-07-29T09:58:20Z DEBUG tracing::span] winit::Window::pre_present_notify;
[2026-07-29T09:58:20Z DEBUG tracing::span] winit::Window::request_redraw;
[2026-07-29T09:58:20Z DEBUG tracing::span] winit::Window::pre_present_notify;
[2026-07-29T09:58:20Z DEBUG tracing::span] winit::Window::request_redraw;
[2026-07-29T09:58:20Z DEBUG tracing::span] winit::Window::pre_present_notify;
[2026-07-29T09:58:20Z DEBUG tracing::span] winit::Window::request_redraw;
[2026-07-29T09:58:20Z DEBUG tracing::span] winit::Window::pre_present_notify;
[2026-07-29T09:58:20Z DEBUG tracing::span] winit::Window::request_redraw;
[2026-07-29T09:58:20Z DEBUG tracing::span] winit::Window::pre_present_notify;
[2026-07-29T09:58:20Z DEBUG tracing::span] winit::Window::request_redraw;
[2026-07-29T09:58:20Z DEBUG tracing::span] winit::Window::pre_present_notify;
[2026-07-29T09:58:20Z DEBUG tracing::span] winit::Window::request_redraw;
[2026-07-29T09:58:20Z DEBUG tracing::span] winit::Window::pre_present_notify;
[2026-07-29T09:58:20Z DEBUG tracing::span] winit::Window::request_redraw;
[2026-07-29T09:58:20Z DEBUG tracing::span] winit::Window::pre_present_notify;
[2026-07-29T09:58:20Z DEBUG tracing::span] winit::Window::request_redraw;
[2026-07-29T09:58:20Z DEBUG tracing::span] winit::Window::pre_present_notify;
[2026-07-29T09:58:20Z DEBUG tracing::span] winit::Window::request_redraw;
[2026-07-29T09:58:20Z DEBUG tracing::span] winit::Window::pre_present_notify;
[2026-07-29T09:58:20Z DEBUG tracing::span] winit::Window::request_redraw;
[2026-07-29T09:58:20Z DEBUG tracing::span] winit::Window::pre_present_notify;
[2026-07-29T09:58:20Z DEBUG tracing::span] winit::Window::request_redraw;
[2026-07-29T09:58:21Z DEBUG tracing::span] winit::Window::pre_present_notify;
[2026-07-29T09:58:21Z DEBUG tracing::span] winit::Window::request_redraw;
[2026-07-29T09:58:21Z DEBUG tracing::span] winit::Window::pre_present_notify;
[2026-07-29T09:58:21Z DEBUG tracing::span] winit::Window::request_redraw;
[2026-07-29T09:58:21Z DEBUG tracing::span] winit::Window::pre_present_notify;
[2026-07-29T09:58:21Z DEBUG tracing::span] winit::Window::request_redraw;
[2026-07-29T09:58:21Z DEBUG tracing::span] winit::Window::pre_present_notify;
[2026-07-29T09:58:21Z DEBUG tracing::span] winit::Window::request_redraw;
[2026-07-29T09:58:21Z DEBUG tracing::span] winit::Window::pre_present_notify;
[2026-07-29T09:58:21Z DEBUG tracing::span] winit::Window::request_redraw;
[2026-07-29T09:58:21Z DEBUG tracing::span] winit::Window::pre_present_notify;
[2026-07-29T09:58:21Z DEBUG tracing::span] winit::Window::request_redraw;
[2026-07-29T09:58:21Z DEBUG tracing::span] winit::Window::pre_present_notify;
[2026-07-29T09:58:21Z DEBUG tracing::span] winit::Window::request_redraw;
[2026-07-29T09:58:21Z DEBUG tracing::span] winit::Window::pre_present_notify;
[2026-07-29T09:58:21Z DEBUG tracing::span] winit::Window::request_redraw;
[2026-07-29T09:58:21Z DEBUG tracing::span] winit::Window::pre_present_notify;
[2026-07-29T09:58:21Z DEBUG tracing::span] winit::Window::request_redraw;
[2026-07-29T09:58:21Z DEBUG tracing::span] winit::Window::pre_present_notify;
[2026-07-29T09:58:21Z DEBUG tracing::span] winit::Window::request_redraw;
[2026-07-29T09:58:21Z DEBUG tracing::span] winit::Window::pre_present_notify;
[2026-07-29T09:58:21Z DEBUG tracing::span] winit::Window::request_redraw;
[2026-07-29T09:58:21Z DEBUG tracing::span] winit::Window::pre_present_notify;
[2026-07-29T09:58:21Z DEBUG tracing::span] winit::Window::request_redraw;
[2026-07-29T09:58:21Z DEBUG tracing::span] winit::Window::pre_present_notify;
[2026-07-29T09:58:21Z DEBUG tracing::span] winit::Window::request_redraw;
[2026-07-29T09:58:21Z DEBUG tracing::span] winit::Window::pre_present_notify;
[2026-07-29T09:58:21Z DEBUG tracing::span] winit::Window::request_redraw;
[2026-07-29T09:58:21Z DEBUG tracing::span] winit::Window::pre_present_notify;
[2026-07-29T09:58:21Z DEBUG tracing::span] winit::Window::request_redraw;
[2026-07-29T09:58:21Z DEBUG tracing::span] winit::Window::pre_present_notify;
[2026-07-29T09:58:21Z DEBUG tracing::span] winit::Window::request_redraw;
[2026-07-29T09:58:21Z DEBUG tracing::span] winit::Window::pre_present_notify;
[2026-07-29T09:58:21Z DEBUG tracing::span] winit::Window::request_redraw;
[2026-07-29T09:58:21Z DEBUG tracing::span] winit::Window::pre_present_notify;
[2026-07-29T09:58:21Z DEBUG tracing::span] winit::Window::request_redraw;
[2026-07-29T09:58:21Z DEBUG tracing::span] winit::Window::pre_present_notify;
[2026-07-29T09:58:21Z DEBUG tracing::span] winit::Window::request_redraw;
[2026-07-29T09:58:21Z DEBUG tracing::span] winit::Window::pre_present_notify;
[2026-07-29T09:58:21Z DEBUG tracing::span] winit::Window::request_redraw;
[2026-07-29T09:58:21Z DEBUG tracing::span] winit::Window::pre_present_notify;
[2026-07-29T09:58:21Z DEBUG tracing::span] winit::Window::request_redraw;
[2026-07-29T09:58:21Z DEBUG tracing::span] winit::Window::pre_present_notify;
[2026-07-29T09:58:21Z DEBUG tracing::span] winit::Window::request_redraw;
[2026-07-29T09:58:21Z DEBUG tracing::span] winit::Window::pre_present_notify;
[2026-07-29T09:58:21Z DEBUG tracing::span] winit::Window::request_redraw;
[2026-07-29T09:58:21Z DEBUG tracing::span] winit::Window::pre_present_notify;
[2026-07-29T09:58:21Z DEBUG tracing::span] winit::Window::request_redraw;
[2026-07-29T09:58:21Z DEBUG tracing::span] winit::Window::pre_present_notify;
[2026-07-29T09:58:21Z DEBUG tracing::span] winit::Window::request_redraw;
[2026-07-29T09:58:21Z DEBUG tracing::span] winit::Window::pre_present_notify;
[2026-07-29T09:58:21Z DEBUG tracing::span] winit::Window::request_redraw;
[2026-07-29T09:58:21Z DEBUG tracing::span] winit::Window::pre_present_notify;
[2026-07-29T09:58:21Z DEBUG tracing::span] winit::Window::request_redraw;
[2026-07-29T09:58:21Z DEBUG tracing::span] winit::Window::pre_present_notify;
[2026-07-29T09:58:21Z DEBUG tracing::span] winit::Window::request_redraw;
[2026-07-29T09:58:21Z DEBUG winit::window] winit::Window::set_title; title="Slint Window"
[2026-07-29T09:58:21Z DEBUG winit::window] winit::Window::set_decorations; decorations=true
[2026-07-29T09:58:21Z DEBUG tracing::span] winit::Window::fullscreen;
[2026-07-29T09:58:21Z DEBUG winit::window] winit::Window::set_resizable; resizable=true
[2026-07-29T09:58:21Z DEBUG winit::window] winit::Window::set_min_inner_size; min_size=Some(Physical(PhysicalSize { width: 800, height: 372 }))
[2026-07-29T09:58:21Z DEBUG winit::window] winit::Window::max_size; max_size=Some(Physical(PhysicalSize { width: 200462, height: 16777215 }))
[2026-07-29T09:58:21Z DEBUG tracing::span] winit::Window::pre_present_notify;
[2026-07-29T09:58:21Z DEBUG tracing::span] winit::Window::request_redraw;
[2026-07-29T09:58:21Z DEBUG tracing::span] winit::EventLoopProxy::send_event;
[2026-07-29T09:58:21Z DEBUG tracing::span] winit::EventLoopProxy::send_event;
[2026-07-29T09:58:21Z DEBUG winit::window] winit::Window::set_title; title="Slint Window"
[2026-07-29T09:58:21Z DEBUG winit::window] winit::Window::set_decorations; decorations=true
[2026-07-29T09:58:21Z DEBUG tracing::span] winit::Window::fullscreen;
[2026-07-29T09:58:21Z DEBUG winit::window] winit::Window::set_resizable; resizable=true
[2026-07-29T09:58:21Z DEBUG winit::window] winit::Window::set_min_inner_size; min_size=Some(Physical(PhysicalSize { width: 1255, height: 826 }))
[2026-07-29T09:58:21Z DEBUG winit::window] winit::Window::max_size; max_size=Some(Physical(PhysicalSize { width: 101079, height: 16777215 }))
[2026-07-29T09:58:21Z DEBUG tracing::span] winit::EventLoopProxy::send_event;
[2026-07-29T09:58:21Z DEBUG tracing::span] winit::Window::pre_present_notify;
[2026-07-29T09:58:21Z DEBUG tracing::span] winit::Window::request_redraw;
[2026-07-29T09:58:21Z DEBUG winit::window] winit::Window::set_title; title="Slint Window"
[2026-07-29T09:58:21Z DEBUG winit::window] winit::Window::set_decorations; decorations=true
[2026-07-29T09:58:21Z DEBUG tracing::span] winit::Window::fullscreen;
[2026-07-29T09:58:21Z DEBUG tracing::span] winit::Window::pre_present_notify;
[2026-07-29T09:58:21Z DEBUG tracing::span] winit::Window::request_redraw;
[2026-07-29T09:58:21Z DEBUG tracing::span] winit::Window::pre_present_notify;
[2026-07-29T09:58:21Z DEBUG tracing::span] winit::Window::request_redraw;
[2026-07-29T09:58:21Z DEBUG tracing::span] winit::EventLoopProxy::send_event;
[2026-07-29T09:58:21Z DEBUG winit::window] winit::Window::set_title; title="Slint Window"
[2026-07-29T09:58:21Z DEBUG winit::window] winit::Window::set_decorations; decorations=true
[2026-07-29T09:58:21Z DEBUG tracing::span] winit::Window::fullscreen;
[2026-07-29T09:58:21Z DEBUG tracing::span] winit::Window::pre_present_notify;
[2026-07-29T09:58:21Z DEBUG tracing::span] winit::Window::request_redraw;
[2026-07-29T09:58:21Z DEBUG tracing::span] winit::Window::pre_present_notify;
[2026-07-29T09:58:21Z DEBUG tracing::span] winit::Window::request_redraw;
[2026-07-29T09:58:21Z DEBUG tracing::span] winit::Window::pre_present_notify;
[2026-07-29T09:58:21Z DEBUG tracing::span] winit::Window::request_redraw;
[2026-07-29T09:58:21Z DEBUG tracing::span] winit::Window::pre_present_notify;
[2026-07-29T09:58:21Z DEBUG tracing::span] winit::Window::request_redraw;
[2026-07-29T09:58:21Z DEBUG tracing::span] winit::Window::pre_present_notify;
[2026-07-29T09:58:21Z DEBUG tracing::span] winit::Window::request_redraw;
[2026-07-29T09:58:21Z DEBUG tracing::span] winit::Window::pre_present_notify;
[2026-07-29T09:58:21Z DEBUG tracing::span] winit::Window::request_redraw;
[2026-07-29T09:58:21Z DEBUG tracing::span] winit::Window::pre_present_notify;
[2026-07-29T09:58:21Z DEBUG tracing::span] winit::Window::request_redraw;
[2026-07-29T09:58:21Z DEBUG tracing::span] winit::Window::pre_present_notify;
[2026-07-29T09:58:21Z DEBUG tracing::span] winit::Window::request_redraw;
[2026-07-29T09:58:21Z DEBUG tracing::span] winit::Window::pre_present_notify;
[2026-07-29T09:58:21Z DEBUG tracing::span] winit::Window::request_redraw;
[2026-07-29T09:58:21Z DEBUG tracing::span] winit::Window::pre_present_notify;
[2026-07-29T09:58:21Z DEBUG tracing::span] winit::Window::request_redraw;
[2026-07-29T09:58:21Z DEBUG tracing::span] winit::Window::pre_present_notify;
[2026-07-29T09:58:21Z DEBUG tracing::span] winit::Window::request_redraw;
[2026-07-29T09:58:21Z DEBUG tracing::span] winit::Window::pre_present_notify;
[2026-07-29T09:58:21Z DEBUG tracing::span] winit::Window::request_redraw;
[2026-07-29T09:58:21Z DEBUG tracing::span] winit::Window::pre_present_notify;
[2026-07-29T09:58:21Z DEBUG tracing::span] winit::Window::request_redraw;
[2026-07-29T09:58:21Z DEBUG tracing::span] winit::Window::pre_present_notify;
[2026-07-29T09:58:21Z DEBUG tracing::span] winit::Window::request_redraw;
[2026-07-29T09:58:21Z DEBUG tracing::span] winit::Window::pre_present_notify;
[2026-07-29T09:58:21Z DEBUG tracing::span] winit::Window::request_redraw;
[2026-07-29T09:58:21Z DEBUG tracing::span] winit::Window::pre_present_notify;
[2026-07-29T09:58:21Z DEBUG tracing::span] winit::Window::request_redraw;
[2026-07-29T09:58:21Z DEBUG tracing::span] winit::Window::pre_present_notify;
[2026-07-29T09:58:21Z DEBUG tracing::span] winit::Window::request_redraw;
[2026-07-29T09:58:21Z DEBUG tracing::span] winit::Window::pre_present_notify;
[2026-07-29T09:58:21Z DEBUG tracing::span] winit::Window::request_redraw;
[2026-07-29T09:58:21Z DEBUG tracing::span] winit::Window::pre_present_notify;
[2026-07-29T09:58:21Z DEBUG tracing::span] winit::Window::request_redraw;
[2026-07-29T09:58:21Z DEBUG tracing::span] winit::Window::pre_present_notify;
[2026-07-29T09:58:21Z DEBUG tracing::span] winit::Window::request_redraw;
[2026-07-29T09:58:21Z DEBUG tracing::span] winit::Window::pre_present_notify;
[2026-07-29T09:58:21Z DEBUG tracing::span] winit::Window::request_redraw;
[2026-07-29T09:58:21Z DEBUG tracing::span] winit::Window::pre_present_notify;
[2026-07-29T09:58:21Z DEBUG tracing::span] winit::Window::request_redraw;
[2026-07-29T09:58:21Z DEBUG tracing::span] winit::Window::pre_present_notify;
[2026-07-29T09:58:21Z DEBUG tracing::span] winit::Window::request_redraw;
[2026-07-29T09:58:21Z DEBUG tracing::span] winit::Window::pre_present_notify;
[2026-07-29T09:58:21Z DEBUG tracing::span] winit::Window::request_redraw;
[2026-07-29T09:58:21Z DEBUG tracing::span] winit::Window::pre_present_notify;
[2026-07-29T09:58:21Z DEBUG tracing::span] winit::Window::request_redraw;
[2026-07-29T09:58:21Z DEBUG tracing::span] winit::Window::pre_present_notify;
[2026-07-29T09:58:21Z DEBUG tracing::span] winit::Window::request_redraw;
[2026-07-29T09:58:21Z DEBUG tracing::span] winit::Window::pre_present_notify;
[2026-07-29T09:58:21Z DEBUG tracing::span] winit::Window::request_redraw;
[2026-07-29T09:58:21Z DEBUG tracing::span] winit::Window::pre_present_notify;
[2026-07-29T09:58:21Z DEBUG tracing::span] winit::Window::request_redraw;
[2026-07-29T09:58:22Z DEBUG tracing::span] winit::Window::pre_present_notify;
[2026-07-29T09:58:22Z DEBUG tracing::span] winit::Window::request_redraw;
[2026-07-29T09:58:22Z DEBUG tracing::span] winit::Window::pre_present_notify;
[2026-07-29T09:58:22Z DEBUG tracing::span] winit::Window::request_redraw;
[2026-07-29T09:58:22Z DEBUG tracing::span] winit::EventLoopProxy::send_event;
[2026-07-29T09:58:22Z DEBUG tracing::span] winit::EventLoopProxy::send_event;
[2026-07-29T09:58:22Z DEBUG winit::window] winit::Window::set_title; title="Slint Window"
[2026-07-29T09:58:22Z DEBUG winit::window] winit::Window::set_decorations; decorations=true
[2026-07-29T09:58:22Z DEBUG tracing::span] winit::Window::fullscreen;
[2026-07-29T09:58:22Z DEBUG tracing::span] winit::Window::pre_present_notify;
[2026-07-29T09:58:22Z DEBUG tracing::span] winit::Window::request_redraw;
[2026-07-29T09:58:22Z DEBUG tracing::span] winit::Window::pre_present_notify;
[2026-07-29T09:58:22Z DEBUG tracing::span] winit::Window::request_redraw;
[2026-07-29T09:58:22Z DEBUG tracing::span] winit::EventLoopProxy::send_event;
[2026-07-29T09:58:22Z DEBUG winit::window] winit::Window::set_title; title="Slint Window"
[2026-07-29T09:58:22Z DEBUG winit::window] winit::Window::set_decorations; decorations=true
[2026-07-29T09:58:22Z DEBUG tracing::span] winit::Window::fullscreen;
[2026-07-29T09:58:22Z DEBUG tracing::span] winit::Window::pre_present_notify;
[2026-07-29T09:58:22Z DEBUG tracing::span] winit::Window::request_redraw;
[2026-07-29T09:58:22Z DEBUG tracing::span] winit::Window::pre_present_notify;
[2026-07-29T09:58:22Z DEBUG tracing::span] winit::Window::request_redraw;
[2026-07-29T09:58:22Z DEBUG tracing::span] winit::Window::pre_present_notify;
[2026-07-29T09:58:22Z DEBUG tracing::span] winit::Window::request_redraw;
[2026-07-29T09:58:22Z DEBUG tracing::span] winit::Window::pre_present_notify;
[2026-07-29T09:58:22Z DEBUG tracing::span] winit::Window::request_redraw;
[2026-07-29T09:58:22Z DEBUG tracing::span] winit::Window::pre_present_notify;
[2026-07-29T09:58:22Z DEBUG tracing::span] winit::Window::request_redraw;
[2026-07-29T09:58:22Z DEBUG tracing::span] winit::Window::pre_present_notify;
[2026-07-29T09:58:22Z DEBUG tracing::span] winit::Window::request_redraw;
[2026-07-29T09:58:22Z DEBUG tracing::span] winit::Window::pre_present_notify;
[2026-07-29T09:58:22Z DEBUG tracing::span] winit::Window::request_redraw;
[2026-07-29T09:58:22Z DEBUG tracing::span] winit::Window::pre_present_notify;
[2026-07-29T09:58:22Z DEBUG tracing::span] winit::Window::request_redraw;
[2026-07-29T09:58:22Z DEBUG tracing::span] winit::Window::pre_present_notify;
[2026-07-29T09:58:22Z DEBUG tracing::span] winit::Window::request_redraw;
[2026-07-29T09:58:22Z DEBUG tracing::span] winit::Window::pre_present_notify;
[2026-07-29T09:58:22Z DEBUG tracing::span] winit::Window::request_redraw;
[2026-07-29T09:58:22Z DEBUG tracing::span] winit::Window::pre_present_notify;
[2026-07-29T09:58:22Z DEBUG tracing::span] winit::Window::request_redraw;
[2026-07-29T09:58:22Z DEBUG tracing::span] winit::Window::pre_present_notify;
[2026-07-29T09:58:22Z DEBUG tracing::span] winit::Window::request_redraw;
[2026-07-29T09:58:22Z DEBUG tracing::span] winit::Window::pre_present_notify;
[2026-07-29T09:58:22Z DEBUG tracing::span] winit::Window::request_redraw;
[2026-07-29T09:58:22Z DEBUG tracing::span] winit::Window::pre_present_notify;
[2026-07-29T09:58:22Z DEBUG tracing::span] winit::Window::request_redraw;
[2026-07-29T09:58:22Z DEBUG tracing::span] winit::Window::pre_present_notify;
[2026-07-29T09:58:22Z DEBUG tracing::span] winit::Window::request_redraw;
[2026-07-29T09:58:22Z DEBUG tracing::span] winit::Window::pre_present_notify;
[2026-07-29T09:58:22Z DEBUG tracing::span] winit::Window::request_redraw;
[2026-07-29T09:58:22Z DEBUG tracing::span] winit::Window::pre_present_notify;
[2026-07-29T09:58:22Z DEBUG tracing::span] winit::Window::request_redraw;
[2026-07-29T09:58:22Z DEBUG tracing::span] winit::Window::pre_present_notify;
[2026-07-29T09:58:22Z DEBUG tracing::span] winit::Window::request_redraw;
[2026-07-29T09:58:22Z DEBUG tracing::span] winit::Window::pre_present_notify;
[2026-07-29T09:58:22Z DEBUG tracing::span] winit::Window::request_redraw;
[2026-07-29T09:58:22Z DEBUG tracing::span] winit::Window::pre_present_notify;
[2026-07-29T09:58:22Z DEBUG tracing::span] winit::Window::request_redraw;
[2026-07-29T09:58:22Z DEBUG tracing::span] winit::Window::pre_present_notify;
[2026-07-29T09:58:22Z DEBUG tracing::span] winit::Window::request_redraw;
[2026-07-29T09:58:22Z DEBUG tracing::span] winit::Window::pre_present_notify;
[2026-07-29T09:58:22Z DEBUG tracing::span] winit::Window::request_redraw;
[2026-07-29T09:58:22Z DEBUG tracing::span] winit::Window::pre_present_notify;
[2026-07-29T09:58:22Z DEBUG tracing::span] winit::Window::request_redraw;
[2026-07-29T09:58:22Z DEBUG tracing::span] winit::Window::pre_present_notify;
[2026-07-29T09:58:22Z DEBUG tracing::span] winit::Window::request_redraw;
[2026-07-29T09:58:22Z DEBUG tracing::span] winit::Window::pre_present_notify;
[2026-07-29T09:58:22Z DEBUG tracing::span] winit::Window::request_redraw;
[2026-07-29T09:58:22Z DEBUG tracing::span] winit::Window::pre_present_notify;
[2026-07-29T09:58:22Z DEBUG tracing::span] winit::Window::request_redraw;
[2026-07-29T09:58:22Z DEBUG tracing::span] winit::Window::pre_present_notify;
[2026-07-29T09:58:22Z DEBUG tracing::span] winit::Window::request_redraw;
[2026-07-29T09:58:22Z DEBUG tracing::span] winit::Window::pre_present_notify;
[2026-07-29T09:58:22Z DEBUG tracing::span] winit::Window::request_redraw;
[2026-07-29T09:58:22Z DEBUG tracing::span] winit::Window::pre_present_notify;
[2026-07-29T09:58:22Z DEBUG tracing::span] winit::Window::request_redraw;
[2026-07-29T09:58:22Z DEBUG tracing::span] winit::Window::pre_present_notify;
[2026-07-29T09:58:22Z DEBUG tracing::span] winit::Window::request_redraw;
[2026-07-29T09:58:22Z DEBUG tracing::span] winit::Window::pre_present_notify;
[2026-07-29T09:58:22Z DEBUG tracing::span] winit::Window::request_redraw;
[2026-07-29T09:58:22Z DEBUG tracing::span] winit::Window::pre_present_notify;
[2026-07-29T09:58:22Z DEBUG tracing::span] winit::Window::request_redraw;
[2026-07-29T09:58:22Z DEBUG tracing::span] winit::Window::pre_present_notify;
[2026-07-29T09:58:22Z DEBUG tracing::span] winit::Window::request_redraw;
[2026-07-29T09:58:22Z DEBUG tracing::span] winit::Window::pre_present_notify;
[2026-07-29T09:58:22Z DEBUG tracing::span] winit::Window::request_redraw;
[2026-07-29T09:58:22Z DEBUG tracing::span] winit::Window::pre_present_notify;
[2026-07-29T09:58:22Z DEBUG tracing::span] winit::Window::request_redraw;
[2026-07-29T09:58:22Z DEBUG tracing::span] winit::Window::pre_present_notify;
[2026-07-29T09:58:22Z DEBUG tracing::span] winit::Window::request_redraw;
[2026-07-29T09:58:22Z DEBUG tracing::span] winit::Window::pre_present_notify;
[2026-07-29T09:58:22Z DEBUG tracing::span] winit::Window::request_redraw;
[2026-07-29T09:58:22Z DEBUG tracing::span] winit::Window::pre_present_notify;
[2026-07-29T09:58:22Z DEBUG tracing::span] winit::Window::request_redraw;
[2026-07-29T09:58:22Z DEBUG tracing::span] winit::Window::pre_present_notify;
[2026-07-29T09:58:22Z DEBUG tracing::span] winit::Window::request_redraw;
[2026-07-29T09:58:22Z DEBUG tracing::span] winit::Window::pre_present_notify;
[2026-07-29T09:58:22Z DEBUG tracing::span] winit::Window::request_redraw;
[2026-07-29T09:58:22Z DEBUG tracing::span] winit::Window::pre_present_notify;
[2026-07-29T09:58:22Z DEBUG tracing::span] winit::Window::request_redraw;
[2026-07-29T09:58:22Z DEBUG tracing::span] winit::Window::pre_present_notify;
[2026-07-29T09:58:22Z DEBUG tracing::span] winit::Window::request_redraw;
[2026-07-29T09:58:22Z DEBUG tracing::span] winit::Window::pre_present_notify;
[2026-07-29T09:58:22Z DEBUG tracing::span] winit::Window::request_redraw;
[2026-07-29T09:58:22Z DEBUG tracing::span] winit::Window::pre_present_notify;
[2026-07-29T09:58:22Z DEBUG tracing::span] winit::Window::request_redraw;
[2026-07-29T09:58:22Z DEBUG tracing::span] winit::Window::pre_present_notify;
[2026-07-29T09:58:22Z DEBUG tracing::span] winit::Window::request_redraw;
[2026-07-29T09:58:22Z DEBUG tracing::span] winit::Window::pre_present_notify;
[2026-07-29T09:58:22Z DEBUG tracing::span] winit::Window::request_redraw;
[2026-07-29T09:58:22Z DEBUG tracing::span] winit::Window::pre_present_notify;
[2026-07-29T09:58:22Z DEBUG tracing::span] winit::Window::request_redraw;
[2026-07-29T09:58:22Z DEBUG tracing::span] winit::Window::pre_present_notify;
[2026-07-29T09:58:22Z DEBUG tracing::span] winit::Window::request_redraw;
[2026-07-29T09:58:22Z DEBUG tracing::span] winit::Window::pre_present_notify;
[2026-07-29T09:58:22Z DEBUG tracing::span] winit::Window::request_redraw;
[2026-07-29T09:58:22Z DEBUG tracing::span] winit::Window::pre_present_notify;
[2026-07-29T09:58:22Z DEBUG tracing::span] winit::Window::request_redraw;
[2026-07-29T09:58:22Z DEBUG tracing::span] winit::Window::pre_present_notify;
[2026-07-29T09:58:22Z DEBUG tracing::span] winit::Window::request_redraw;
[2026-07-29T09:58:22Z DEBUG tracing::span] winit::Window::pre_present_notify;
[2026-07-29T09:58:22Z DEBUG tracing::span] winit::Window::request_redraw;
[2026-07-29T09:58:22Z DEBUG tracing::span] winit::Window::pre_present_notify;
[2026-07-29T09:58:22Z DEBUG tracing::span] winit::Window::request_redraw;
[2026-07-29T09:58:22Z DEBUG tracing::span] winit::Window::pre_present_notify;
[2026-07-29T09:58:22Z DEBUG tracing::span] winit::Window::request_redraw;
[2026-07-29T09:58:22Z DEBUG tracing::span] winit::Window::pre_present_notify;
[2026-07-29T09:58:22Z DEBUG tracing::span] winit::Window::request_redraw;
[2026-07-29T09:58:22Z DEBUG tracing::span] winit::Window::pre_present_notify;
[2026-07-29T09:58:22Z DEBUG tracing::span] winit::Window::request_redraw;
[2026-07-29T09:58:23Z DEBUG tracing::span] winit::Window::pre_present_notify;
[2026-07-29T09:58:23Z DEBUG tracing::span] winit::Window::request_redraw;
[2026-07-29T09:58:23Z DEBUG tracing::span] winit::Window::pre_present_notify;
[2026-07-29T09:58:23Z DEBUG tracing::span] winit::Window::request_redraw;
[2026-07-29T09:58:23Z DEBUG tracing::span] winit::Window::pre_present_notify;
[2026-07-29T09:58:23Z DEBUG tracing::span] winit::Window::request_redraw;
[2026-07-29T09:58:23Z DEBUG tracing::span] winit::Window::pre_present_notify;
[2026-07-29T09:58:23Z DEBUG tracing::span] winit::Window::request_redraw;
[2026-07-29T09:58:23Z DEBUG tracing::span] winit::Window::pre_present_notify;
[2026-07-29T09:58:23Z DEBUG tracing::span] winit::Window::request_redraw;
[2026-07-29T09:58:23Z DEBUG tracing::span] winit::Window::pre_present_notify;
[2026-07-29T09:58:23Z DEBUG tracing::span] winit::Window::request_redraw;
[2026-07-29T09:58:23Z DEBUG tracing::span] winit::Window::pre_present_notify;
[2026-07-29T09:58:23Z DEBUG tracing::span] winit::Window::request_redraw;
[2026-07-29T09:58:23Z DEBUG tracing::span] winit::Window::pre_present_notify;
[2026-07-29T09:58:23Z DEBUG tracing::span] winit::Window::request_redraw;
[2026-07-29T09:58:23Z DEBUG tracing::span] winit::EventLoopProxy::send_event;
[2026-07-29T09:58:23Z DEBUG tracing::span] winit::EventLoopProxy::send_event;
[2026-07-29T09:58:23Z DEBUG winit::window] winit::Window::set_title; title="Slint Window"
[2026-07-29T09:58:23Z DEBUG winit::window] winit::Window::set_decorations; decorations=true
[2026-07-29T09:58:23Z DEBUG tracing::span] winit::Window::fullscreen;
[2026-07-29T09:58:23Z DEBUG tracing::span] winit::Window::pre_present_notify;
[2026-07-29T09:58:23Z DEBUG tracing::span] winit::Window::request_redraw;
[2026-07-29T09:58:23Z DEBUG tracing::span] winit::Window::pre_present_notify;
[2026-07-29T09:58:23Z DEBUG tracing::span] winit::Window::request_redraw;
[2026-07-29T09:58:23Z DEBUG tracing::span] winit::Window::pre_present_notify;
[2026-07-29T09:58:23Z DEBUG tracing::span] winit::Window::request_redraw;
[2026-07-29T09:58:23Z DEBUG tracing::span] winit::Window::pre_present_notify;
[2026-07-29T09:58:23Z DEBUG tracing::span] winit::Window::request_redraw;
[2026-07-29T09:58:23Z DEBUG tracing::span] winit::Window::pre_present_notify;
[2026-07-29T09:58:23Z DEBUG tracing::span] winit::Window::request_redraw;
[2026-07-29T09:58:23Z DEBUG tracing::span] winit::Window::pre_present_notify;
[2026-07-29T09:58:23Z DEBUG tracing::span] winit::Window::request_redraw;
[2026-07-29T09:58:23Z DEBUG tracing::span] winit::Window::pre_present_notify;
[2026-07-29T09:58:23Z DEBUG tracing::span] winit::Window::request_redraw;
[2026-07-29T09:58:23Z DEBUG tracing::span] winit::Window::pre_present_notify;
[2026-07-29T09:58:23Z DEBUG tracing::span] winit::Window::request_redraw;
[2026-07-29T09:58:23Z DEBUG tracing::span] winit::Window::pre_present_notify;
[2026-07-29T09:58:23Z DEBUG tracing::span] winit::Window::request_redraw;
[2026-07-29T09:58:23Z DEBUG tracing::span] winit::Window::pre_present_notify;
[2026-07-29T09:58:23Z DEBUG tracing::span] winit::Window::request_redraw;
[2026-07-29T09:58:23Z DEBUG tracing::span] winit::Window::pre_present_notify;
[2026-07-29T09:58:23Z DEBUG tracing::span] winit::Window::request_redraw;
[2026-07-29T09:58:23Z DEBUG tracing::span] winit::Window::pre_present_notify;
[2026-07-29T09:58:23Z DEBUG tracing::span] winit::Window::request_redraw;
[2026-07-29T09:58:23Z DEBUG tracing::span] winit::Window::pre_present_notify;
[2026-07-29T09:58:23Z DEBUG tracing::span] winit::Window::request_redraw;
[2026-07-29T09:58:23Z DEBUG tracing::span] winit::Window::pre_present_notify;
[2026-07-29T09:58:23Z DEBUG tracing::span] winit::Window::request_redraw;
[2026-07-29T09:58:23Z DEBUG tracing::span] winit::Window::pre_present_notify;
[2026-07-29T09:58:23Z DEBUG tracing::span] winit::Window::request_redraw;
[2026-07-29T09:58:23Z DEBUG tracing::span] winit::Window::pre_present_notify;
[2026-07-29T09:58:23Z DEBUG tracing::span] winit::Window::request_redraw;
[2026-07-29T09:58:23Z DEBUG tracing::span] winit::Window::pre_present_notify;
[2026-07-29T09:58:23Z DEBUG tracing::span] winit::Window::request_redraw;
[2026-07-29T09:58:23Z DEBUG tracing::span] winit::Window::pre_present_notify;
[2026-07-29T09:58:23Z DEBUG tracing::span] winit::Window::request_redraw;
[2026-07-29T09:58:23Z DEBUG tracing::span] winit::Window::pre_present_notify;
[2026-07-29T09:58:23Z DEBUG tracing::span] winit::Window::request_redraw;
[2026-07-29T09:58:23Z DEBUG tracing::span] winit::Window::pre_present_notify;
[2026-07-29T09:58:23Z DEBUG tracing::span] winit::Window::request_redraw;
[2026-07-29T09:58:23Z DEBUG tracing::span] winit::Window::pre_present_notify;
[2026-07-29T09:58:23Z DEBUG tracing::span] winit::Window::request_redraw;
[2026-07-29T09:58:23Z DEBUG tracing::span] winit::Window::pre_present_notify;
[2026-07-29T09:58:23Z DEBUG tracing::span] winit::Window::request_redraw;
[2026-07-29T09:58:23Z DEBUG tracing::span] winit::Window::pre_present_notify;
[2026-07-29T09:58:23Z DEBUG tracing::span] winit::Window::request_redraw;
[2026-07-29T09:58:23Z DEBUG tracing::span] winit::Window::pre_present_notify;
[2026-07-29T09:58:23Z DEBUG tracing::span] winit::Window::request_redraw;
[2026-07-29T09:58:23Z DEBUG tracing::span] winit::Window::pre_present_notify;
[2026-07-29T09:58:23Z DEBUG tracing::span] winit::Window::request_redraw;
[2026-07-29T09:58:23Z DEBUG tracing::span] winit::Window::pre_present_notify;
[2026-07-29T09:58:23Z DEBUG tracing::span] winit::Window::request_redraw;
[2026-07-29T09:58:23Z DEBUG tracing::span] winit::Window::pre_present_notify;
[2026-07-29T09:58:23Z DEBUG tracing::span] winit::Window::request_redraw;
[2026-07-29T09:58:23Z DEBUG tracing::span] winit::Window::pre_present_notify;
[2026-07-29T09:58:23Z DEBUG tracing::span] winit::Window::request_redraw;
[2026-07-29T09:58:23Z DEBUG tracing::span] winit::Window::pre_present_notify;
[2026-07-29T09:58:23Z DEBUG tracing::span] winit::Window::request_redraw;
[2026-07-29T09:58:23Z DEBUG tracing::span] winit::EventLoopProxy::send_event;
[2026-07-29T09:58:23Z DEBUG winit::window] winit::Window::set_title; title="Slint Window"
[2026-07-29T09:58:23Z DEBUG winit::window] winit::Window::set_decorations; decorations=true
[2026-07-29T09:58:23Z DEBUG tracing::span] winit::Window::fullscreen;
[2026-07-29T09:58:23Z DEBUG tracing::span] winit::Window::pre_present_notify;
[2026-07-29T09:58:23Z DEBUG tracing::span] winit::Window::request_redraw;
[2026-07-29T09:58:23Z DEBUG tracing::span] winit::Window::pre_present_notify;
[2026-07-29T09:58:23Z DEBUG tracing::span] winit::Window::request_redraw;
[2026-07-29T09:58:23Z DEBUG tracing::span] winit::Window::pre_present_notify;
[2026-07-29T09:58:23Z DEBUG tracing::span] winit::Window::request_redraw;
[2026-07-29T09:58:23Z DEBUG tracing::span] winit::Window::pre_present_notify;
[2026-07-29T09:58:23Z DEBUG tracing::span] winit::Window::request_redraw;
[2026-07-29T09:58:23Z DEBUG tracing::span] winit::Window::pre_present_notify;
[2026-07-29T09:58:23Z DEBUG tracing::span] winit::Window::request_redraw;
[2026-07-29T09:58:23Z DEBUG tracing::span] winit::Window::pre_present_notify;
[2026-07-29T09:58:23Z DEBUG tracing::span] winit::Window::request_redraw;
[2026-07-29T09:58:23Z DEBUG tracing::span] winit::Window::pre_present_notify;
[2026-07-29T09:58:23Z DEBUG tracing::span] winit::Window::request_redraw;
[2026-07-29T09:58:23Z DEBUG tracing::span] winit::Window::pre_present_notify;
[2026-07-29T09:58:23Z DEBUG tracing::span] winit::Window::request_redraw;
[2026-07-29T09:58:23Z DEBUG tracing::span] winit::Window::pre_present_notify;
[2026-07-29T09:58:23Z DEBUG tracing::span] winit::Window::request_redraw;
[2026-07-29T09:58:23Z DEBUG tracing::span] winit::Window::pre_present_notify;
[2026-07-29T09:58:23Z DEBUG tracing::span] winit::Window::request_redraw;
[2026-07-29T09:58:23Z DEBUG tracing::span] winit::Window::pre_present_notify;
[2026-07-29T09:58:23Z DEBUG tracing::span] winit::Window::request_redraw;
[2026-07-29T09:58:23Z DEBUG tracing::span] winit::Window::pre_present_notify;
[2026-07-29T09:58:23Z DEBUG tracing::span] winit::Window::request_redraw;
[2026-07-29T09:58:23Z DEBUG tracing::span] winit::Window::pre_present_notify;
[2026-07-29T09:58:23Z DEBUG tracing::span] winit::Window::request_redraw;
[2026-07-29T09:58:23Z DEBUG ureq_proto::client] Call<Prepare>
[2026-07-29T09:58:23Z DEBUG ureq::run] PUT https://api.spotify.com/******
[2026-07-29T09:58:23Z DEBUG ureq::unversioned::resolver] Resolved: ArrayVec { len: 2, arr: [35.186.224.24:443, [2600:1901:1:7c5::]:443] }
[2026-07-29T09:58:23Z DEBUG ureq::pool] Use pooled: PoolKey { scheme: "https", authority: api.spotify.com, proxy: None }
[2026-07-29T09:58:23Z DEBUG ureq_proto::client] Call<SendRequest>
[2026-07-29T09:58:23Z DEBUG ureq::run] Request { method: PUT, uri: https://api.spotify.com/******, version: HTTP/1.1, headers: {"accept-encoding": "gzip", "content-length": "62", "user-agent": "ureq/3.3.0", "accept": "*/*", "host": "api.spotify.com", "content-type": "application/json; charset=utf-8", "<NOTICE>": "1 HEADERS ARE REDACTED"} }
[2026-07-29T09:58:23Z DEBUG ureq_proto::client] Call<SendBody>
[2026-07-29T09:58:23Z DEBUG ureq_proto::client] Call<RecvResponse>
[2026-07-29T09:58:23Z DEBUG tracing::span] winit::Window::pre_present_notify;
[2026-07-29T09:58:23Z DEBUG tracing::span] winit::Window::request_redraw;
[2026-07-29T09:58:23Z DEBUG tracing::span] winit::Window::pre_present_notify;
[2026-07-29T09:58:23Z DEBUG tracing::span] winit::Window::request_redraw;
[2026-07-29T09:58:23Z DEBUG tracing::span] winit::Window::pre_present_notify;
[2026-07-29T09:58:23Z DEBUG tracing::span] winit::Window::request_redraw;
[2026-07-29T09:58:23Z DEBUG tracing::span] winit::Window::pre_present_notify;
[2026-07-29T09:58:23Z DEBUG tracing::span] winit::Window::request_redraw;
[2026-07-29T09:58:23Z DEBUG tracing::span] winit::Window::pre_present_notify;
[2026-07-29T09:58:23Z DEBUG tracing::span] winit::Window::request_redraw;
[2026-07-29T09:58:23Z DEBUG tracing::span] winit::Window::pre_present_notify;
[2026-07-29T09:58:23Z DEBUG tracing::span] winit::Window::request_redraw;
[2026-07-29T09:58:23Z DEBUG tracing::span] winit::Window::pre_present_notify;
[2026-07-29T09:58:23Z DEBUG tracing::span] winit::Window::request_redraw;
[2026-07-29T09:58:23Z DEBUG tracing::span] winit::Window::pre_present_notify;
[2026-07-29T09:58:23Z DEBUG ureq_proto::client] Call<Cleanup>
[2026-07-29T09:58:23Z DEBUG ureq::run] Response { status: 204, version: HTTP/1.1, headers: {"date": "Wed, 29 Jul 2026 09:58:23 GMT", "server": "envoy", "<NOTICE>": "9 HEADERS ARE REDACTED"} }
[2026-07-29T09:58:23Z DEBUG ureq::pool] Return to pool: PoolKey { scheme: "https", authority: api.spotify.com, proxy: None }
[2026-07-29T09:58:23Z DEBUG tracing::span] winit::EventLoopProxy::send_event;
[2026-07-29T09:58:23Z DEBUG tracing::span] winit::Window::request_redraw;
[2026-07-29T09:58:23Z DEBUG winit::window] winit::Window::set_title; title="Slint Window"
[2026-07-29T09:58:23Z DEBUG winit::window] winit::Window::set_decorations; decorations=true
[2026-07-29T09:58:23Z DEBUG tracing::span] winit::Window::fullscreen;
[2026-07-29T09:58:23Z DEBUG tracing::span] winit::Window::pre_present_notify;
[2026-07-29T09:58:23Z DEBUG tracing::span] winit::Window::request_redraw;
[2026-07-29T09:58:23Z DEBUG tracing::span] winit::EventLoopProxy::send_event;
[2026-07-29T09:58:23Z DEBUG tracing::span] winit::Window::pre_present_notify;
[2026-07-29T09:58:23Z DEBUG tracing::span] winit::Window::request_redraw;
[2026-07-29T09:58:23Z DEBUG winit::window] winit::Window::set_title; title="Slint Window"
[2026-07-29T09:58:23Z DEBUG winit::window] winit::Window::set_decorations; decorations=true
[2026-07-29T09:58:23Z DEBUG tracing::span] winit::Window::fullscreen;
[2026-07-29T09:58:24Z DEBUG tracing::span] winit::Window::pre_present_notify;
[2026-07-29T09:58:24Z DEBUG tracing::span] winit::Window::request_redraw;
[2026-07-29T09:58:24Z DEBUG tracing::span] winit::Window::pre_present_notify;
[2026-07-29T09:58:24Z DEBUG tracing::span] winit::Window::request_redraw;
[2026-07-29T09:58:24Z DEBUG tracing::span] winit::Window::pre_present_notify;
[2026-07-29T09:58:24Z DEBUG tracing::span] winit::Window::request_redraw;
[2026-07-29T09:58:24Z DEBUG tracing::span] winit::Window::pre_present_notify;
[2026-07-29T09:58:24Z DEBUG tracing::span] winit::Window::request_redraw;
[2026-07-29T09:58:24Z DEBUG tracing::span] winit::Window::pre_present_notify;
[2026-07-29T09:58:24Z DEBUG tracing::span] winit::Window::request_redraw;
[2026-07-29T09:58:24Z DEBUG tracing::span] winit::Window::pre_present_notify;
[2026-07-29T09:58:24Z DEBUG tracing::span] winit::Window::request_redraw;
[2026-07-29T09:58:24Z DEBUG tracing::span] winit::Window::pre_present_notify;
[2026-07-29T09:58:24Z DEBUG tracing::span] winit::Window::request_redraw;
[2026-07-29T09:58:24Z DEBUG tracing::span] winit::Window::pre_present_notify;
[2026-07-29T09:58:24Z DEBUG tracing::span] winit::Window::request_redraw;
[2026-07-29T09:58:24Z DEBUG tracing::span] winit::Window::pre_present_notify;
[2026-07-29T09:58:24Z DEBUG tracing::span] winit::Window::request_redraw;
[2026-07-29T09:58:24Z DEBUG tracing::span] winit::Window::pre_present_notify;
[2026-07-29T09:58:24Z DEBUG tracing::span] winit::Window::request_redraw;
[2026-07-29T09:58:24Z DEBUG tracing::span] winit::Window::pre_present_notify;
[2026-07-29T09:58:24Z DEBUG tracing::span] winit::Window::request_redraw;
[2026-07-29T09:58:24Z DEBUG tracing::span] winit::Window::pre_present_notify;
[2026-07-29T09:58:24Z DEBUG tracing::span] winit::Window::request_redraw;
[2026-07-29T09:58:24Z DEBUG tracing::span] winit::Window::pre_present_notify;
[2026-07-29T09:58:24Z DEBUG tracing::span] winit::Window::request_redraw;
[2026-07-29T09:58:24Z DEBUG tracing::span] winit::Window::pre_present_notify;
[2026-07-29T09:58:24Z DEBUG tracing::span] winit::Window::request_redraw;
[2026-07-29T09:58:24Z DEBUG tracing::span] winit::Window::pre_present_notify;
[2026-07-29T09:58:24Z DEBUG tracing::span] winit::Window::request_redraw;
[2026-07-29T09:58:24Z DEBUG tracing::span] winit::Window::pre_present_notify;
[2026-07-29T09:58:24Z DEBUG tracing::span] winit::Window::request_redraw;
[2026-07-29T09:58:24Z DEBUG tracing::span] winit::Window::pre_present_notify;
[2026-07-29T09:58:24Z DEBUG tracing::span] winit::Window::request_redraw;
[2026-07-29T09:58:24Z DEBUG tracing::span] winit::Window::pre_present_notify;
[2026-07-29T09:58:24Z DEBUG tracing::span] winit::Window::request_redraw;
[2026-07-29T09:58:24Z DEBUG tracing::span] winit::Window::pre_present_notify;
[2026-07-29T09:58:24Z DEBUG tracing::span] winit::Window::request_redraw;
[2026-07-29T09:58:24Z DEBUG tracing::span] winit::Window::pre_present_notify;
[2026-07-29T09:58:24Z DEBUG tracing::span] winit::Window::request_redraw;
[2026-07-29T09:58:24Z DEBUG tracing::span] winit::Window::pre_present_notify;
[2026-07-29T09:58:24Z DEBUG tracing::span] winit::Window::request_redraw;
[2026-07-29T09:58:24Z DEBUG tracing::span] winit::Window::pre_present_notify;
[2026-07-29T09:58:24Z DEBUG tracing::span] winit::Window::request_redraw;
[2026-07-29T09:58:24Z DEBUG tracing::span] winit::Window::pre_present_notify;
[2026-07-29T09:58:24Z DEBUG tracing::span] winit::Window::request_redraw;
[2026-07-29T09:58:24Z DEBUG tracing::span] winit::Window::pre_present_notify;
[2026-07-29T09:58:24Z DEBUG tracing::span] winit::Window::request_redraw;
[2026-07-29T09:58:24Z DEBUG tracing::span] winit::Window::pre_present_notify;
[2026-07-29T09:58:24Z DEBUG tracing::span] winit::Window::request_redraw;
[2026-07-29T09:58:24Z DEBUG tracing::span] winit::Window::pre_present_notify;
[2026-07-29T09:58:24Z DEBUG tracing::span] winit::Window::request_redraw;
[2026-07-29T09:58:24Z DEBUG tracing::span] winit::Window::pre_present_notify;
[2026-07-29T09:58:24Z DEBUG tracing::span] winit::Window::request_redraw;
[2026-07-29T09:58:24Z DEBUG tracing::span] winit::Window::pre_present_notify;
[2026-07-29T09:58:24Z DEBUG tracing::span] winit::Window::request_redraw;
[2026-07-29T09:58:24Z DEBUG tracing::span] winit::Window::pre_present_notify;
[2026-07-29T09:58:24Z DEBUG tracing::span] winit::Window::request_redraw;
[2026-07-29T09:58:24Z DEBUG tracing::span] winit::Window::pre_present_notify;
[2026-07-29T09:58:24Z DEBUG tracing::span] winit::Window::request_redraw;
[2026-07-29T09:58:24Z DEBUG tracing::span] winit::Window::pre_present_notify;
[2026-07-29T09:58:24Z DEBUG tracing::span] winit::Window::request_redraw;
[2026-07-29T09:58:24Z DEBUG tracing::span] winit::Window::pre_present_notify;
[2026-07-29T09:58:24Z DEBUG tracing::span] winit::Window::request_redraw;
[2026-07-29T09:58:24Z DEBUG tracing::span] winit::Window::pre_present_notify;
[2026-07-29T09:58:24Z DEBUG tracing::span] winit::Window::request_redraw;
[2026-07-29T09:58:24Z DEBUG tracing::span] winit::EventLoopProxy::send_event;
[2026-07-29T09:58:24Z DEBUG winit::window] winit::Window::set_title; title="Slint Window"
[2026-07-29T09:58:24Z DEBUG winit::window] winit::Window::set_decorations; decorations=true
[2026-07-29T09:58:24Z DEBUG tracing::span] winit::Window::fullscreen;
[2026-07-29T09:58:24Z DEBUG tracing::span] winit::Window::pre_present_notify;
[2026-07-29T09:58:24Z DEBUG tracing::span] winit::Window::request_redraw;
[2026-07-29T09:58:24Z DEBUG tracing::span] winit::Window::pre_present_notify;
[2026-07-29T09:58:24Z DEBUG tracing::span] winit::Window::request_redraw;
[2026-07-29T09:58:24Z DEBUG tracing::span] winit::Window::pre_present_notify;
[2026-07-29T09:58:24Z DEBUG tracing::span] winit::Window::request_redraw;
[2026-07-29T09:58:24Z DEBUG tracing::span] winit::Window::pre_present_notify;
[2026-07-29T09:58:24Z DEBUG tracing::span] winit::Window::request_redraw;
[2026-07-29T09:58:24Z DEBUG tracing::span] winit::Window::pre_present_notify;
[2026-07-29T09:58:24Z DEBUG tracing::span] winit::Window::request_redraw;
[2026-07-29T09:58:24Z DEBUG tracing::span] winit::Window::pre_present_notify;
[2026-07-29T09:58:24Z DEBUG tracing::span] winit::Window::request_redraw;
[2026-07-29T09:58:24Z DEBUG tracing::span] winit::Window::pre_present_notify;
[2026-07-29T09:58:24Z DEBUG tracing::span] winit::Window::request_redraw;
[2026-07-29T09:58:24Z DEBUG tracing::span] winit::Window::pre_present_notify;
[2026-07-29T09:58:24Z DEBUG tracing::span] winit::Window::request_redraw;
[2026-07-29T09:58:24Z DEBUG tracing::span] winit::Window::pre_present_notify;
[2026-07-29T09:58:24Z DEBUG tracing::span] winit::Window::request_redraw;
[2026-07-29T09:58:24Z DEBUG tracing::span] winit::Window::pre_present_notify;
[2026-07-29T09:58:24Z DEBUG tracing::span] winit::Window::request_redraw;
[2026-07-29T09:58:24Z DEBUG tracing::span] winit::Window::pre_present_notify;
[2026-07-29T09:58:24Z DEBUG tracing::span] winit::Window::request_redraw;
[2026-07-29T09:58:24Z DEBUG tracing::span] winit::Window::pre_present_notify;
[2026-07-29T09:58:24Z DEBUG tracing::span] winit::Window::request_redraw;
[2026-07-29T09:58:24Z DEBUG tracing::span] winit::EventLoopProxy::send_event;
[2026-07-29T09:58:24Z DEBUG tracing::span] winit::EventLoopProxy::send_event;
[2026-07-29T09:58:24Z DEBUG winit::window] winit::Window::set_title; title="Slint Window"
[2026-07-29T09:58:24Z DEBUG winit::window] winit::Window::set_decorations; decorations=true
[2026-07-29T09:58:24Z DEBUG tracing::span] winit::Window::fullscreen;
[2026-07-29T09:58:24Z DEBUG tracing::span] winit::Window::pre_present_notify;
[2026-07-29T09:58:24Z DEBUG tracing::span] winit::Window::request_redraw;
[2026-07-29T09:58:24Z DEBUG tracing::span] winit::Window::pre_present_notify;
[2026-07-29T09:58:24Z DEBUG tracing::span] winit::Window::request_redraw;
[2026-07-29T09:58:24Z DEBUG tracing::span] winit::Window::pre_present_notify;
[2026-07-29T09:58:24Z DEBUG tracing::span] winit::Window::request_redraw;
[2026-07-29T09:58:24Z DEBUG tracing::span] winit::Window::pre_present_notify;
[2026-07-29T09:58:24Z DEBUG tracing::span] winit::Window::request_redraw;
[2026-07-29T09:58:24Z DEBUG tracing::span] winit::Window::pre_present_notify;
[2026-07-29T09:58:24Z DEBUG tracing::span] winit::Window::request_redraw;
[2026-07-29T09:58:24Z DEBUG tracing::span] winit::Window::pre_present_notify;
[2026-07-29T09:58:24Z DEBUG tracing::span] winit::Window::request_redraw;
[2026-07-29T09:58:24Z DEBUG tracing::span] winit::Window::pre_present_notify;
[2026-07-29T09:58:24Z DEBUG tracing::span] winit::Window::request_redraw;
[2026-07-29T09:58:24Z DEBUG tracing::span] winit::Window::pre_present_notify;
[2026-07-29T09:58:24Z DEBUG tracing::span] winit::Window::request_redraw;
[2026-07-29T09:58:24Z DEBUG tracing::span] winit::Window::pre_present_notify;
[2026-07-29T09:58:24Z DEBUG tracing::span] winit::Window::request_redraw;
[2026-07-29T09:58:24Z DEBUG tracing::span] winit::Window::pre_present_notify;
[2026-07-29T09:58:24Z DEBUG tracing::span] winit::Window::request_redraw;
[2026-07-29T09:58:24Z DEBUG tracing::span] winit::Window::pre_present_notify;
[2026-07-29T09:58:24Z DEBUG tracing::span] winit::Window::request_redraw;
[2026-07-29T09:58:24Z DEBUG tracing::span] winit::EventLoopProxy::send_event;
[2026-07-29T09:58:24Z DEBUG tracing::span] winit::EventLoopProxy::send_event;
[2026-07-29T09:58:24Z DEBUG winit::window] winit::Window::set_title; title="Slint Window"
[2026-07-29T09:58:24Z DEBUG winit::window] winit::Window::set_decorations; decorations=true
[2026-07-29T09:58:24Z DEBUG tracing::span] winit::Window::fullscreen;
[2026-07-29T09:58:24Z DEBUG tracing::span] winit::Window::pre_present_notify;
[2026-07-29T09:58:24Z DEBUG tracing::span] winit::Window::request_redraw;
[2026-07-29T09:58:24Z DEBUG tracing::span] winit::Window::pre_present_notify;
[2026-07-29T09:58:24Z DEBUG tracing::span] winit::Window::request_redraw;
[2026-07-29T09:58:24Z DEBUG tracing::span] winit::Window::pre_present_notify;
[2026-07-29T09:58:24Z DEBUG tracing::span] winit::Window::request_redraw;
[2026-07-29T09:58:24Z DEBUG tracing::span] winit::Window::pre_present_notify;
[2026-07-29T09:58:24Z DEBUG tracing::span] winit::Window::request_redraw;
[2026-07-29T09:58:25Z DEBUG tracing::span] winit::Window::pre_present_notify;
[2026-07-29T09:58:25Z DEBUG tracing::span] winit::Window::request_redraw;
[2026-07-29T09:58:25Z DEBUG tracing::span] winit::Window::pre_present_notify;
[2026-07-29T09:58:25Z DEBUG tracing::span] winit::Window::request_redraw;
[2026-07-29T09:58:25Z DEBUG tracing::span] winit::Window::pre_present_notify;
[2026-07-29T09:58:25Z DEBUG tracing::span] winit::Window::request_redraw;
[2026-07-29T09:58:25Z DEBUG tracing::span] winit::Window::pre_present_notify;
[2026-07-29T09:58:25Z DEBUG tracing::span] winit::Window::request_redraw;
[2026-07-29T09:58:25Z DEBUG tracing::span] winit::Window::pre_present_notify;
[2026-07-29T09:58:25Z DEBUG tracing::span] winit::Window::request_redraw;
[2026-07-29T09:58:25Z DEBUG tracing::span] winit::Window::pre_present_notify;
[2026-07-29T09:58:25Z DEBUG tracing::span] winit::Window::request_redraw;
[2026-07-29T09:58:25Z DEBUG tracing::span] winit::Window::pre_present_notify;
[2026-07-29T09:58:25Z DEBUG tracing::span] winit::Window::request_redraw;
[2026-07-29T09:58:25Z DEBUG tracing::span] winit::EventLoopProxy::send_event;
[2026-07-29T09:58:25Z DEBUG tracing::span] winit::Window::pre_present_notify;
[2026-07-29T09:58:25Z DEBUG tracing::span] winit::EventLoopProxy::send_event;
[2026-07-29T09:58:25Z DEBUG tracing::span] winit::Window::request_redraw;
[2026-07-29T09:58:25Z DEBUG winit::window] winit::Window::set_title; title="Slint Window"
[2026-07-29T09:58:25Z DEBUG winit::window] winit::Window::set_decorations; decorations=true
[2026-07-29T09:58:25Z DEBUG tracing::span] winit::Window::fullscreen;
[2026-07-29T09:58:25Z DEBUG tracing::span] winit::Window::pre_present_notify;
[2026-07-29T09:58:25Z DEBUG tracing::span] winit::Window::request_redraw;
[2026-07-29T09:58:25Z DEBUG tracing::span] winit::Window::pre_present_notify;
[2026-07-29T09:58:25Z DEBUG tracing::span] winit::Window::request_redraw;
[2026-07-29T09:58:25Z DEBUG tracing::span] winit::Window::pre_present_notify;
[2026-07-29T09:58:25Z DEBUG tracing::span] winit::Window::request_redraw;
[2026-07-29T09:58:25Z DEBUG tracing::span] winit::Window::pre_present_notify;
[2026-07-29T09:58:25Z DEBUG tracing::span] winit::Window::request_redraw;
[2026-07-29T09:58:25Z DEBUG tracing::span] winit::Window::pre_present_notify;
[2026-07-29T09:58:25Z DEBUG tracing::span] winit::Window::request_redraw;
[2026-07-29T09:58:25Z DEBUG tracing::span] winit::Window::pre_present_notify;
[2026-07-29T09:58:25Z DEBUG tracing::span] winit::Window::request_redraw;
[2026-07-29T09:58:25Z DEBUG tracing::span] winit::Window::pre_present_notify;
[2026-07-29T09:58:25Z DEBUG tracing::span] winit::Window::request_redraw;
[2026-07-29T09:58:25Z DEBUG tracing::span] winit::Window::pre_present_notify;
[2026-07-29T09:58:25Z DEBUG tracing::span] winit::Window::request_redraw;
[2026-07-29T09:58:25Z DEBUG tracing::span] winit::Window::pre_present_notify;
[2026-07-29T09:58:25Z DEBUG tracing::span] winit::Window::request_redraw;
[2026-07-29T09:58:25Z DEBUG tracing::span] winit::Window::pre_present_notify;
[2026-07-29T09:58:25Z DEBUG tracing::span] winit::Window::request_redraw;
[2026-07-29T09:58:25Z DEBUG tracing::span] winit::Window::pre_present_notify;
[2026-07-29T09:58:25Z DEBUG tracing::span] winit::Window::request_redraw;
[2026-07-29T09:58:25Z DEBUG tracing::span] winit::Window::pre_present_notify;
[2026-07-29T09:58:25Z DEBUG tracing::span] winit::Window::request_redraw;
[2026-07-29T09:58:25Z DEBUG tracing::span] winit::Window::pre_present_notify;
[2026-07-29T09:58:25Z DEBUG tracing::span] winit::Window::request_redraw;
[2026-07-29T09:58:25Z DEBUG tracing::span] winit::Window::pre_present_notify;
[2026-07-29T09:58:25Z DEBUG tracing::span] winit::Window::request_redraw;
[2026-07-29T09:58:25Z DEBUG tracing::span] winit::Window::pre_present_notify;
[2026-07-29T09:58:25Z DEBUG tracing::span] winit::Window::request_redraw;
[2026-07-29T09:58:25Z DEBUG tracing::span] winit::Window::pre_present_notify;
[2026-07-29T09:58:25Z DEBUG tracing::span] winit::Window::request_redraw;
[2026-07-29T09:58:25Z DEBUG tracing::span] winit::Window::pre_present_notify;
[2026-07-29T09:58:25Z DEBUG tracing::span] winit::Window::request_redraw;
[2026-07-29T09:58:25Z DEBUG tracing::span] winit::Window::pre_present_notify;
[2026-07-29T09:58:25Z DEBUG tracing::span] winit::Window::request_redraw;
[2026-07-29T09:58:25Z DEBUG tracing::span] winit::Window::pre_present_notify;
[2026-07-29T09:58:25Z DEBUG tracing::span] winit::Window::request_redraw;
[2026-07-29T09:58:25Z DEBUG tracing::span] winit::Window::pre_present_notify;
[2026-07-29T09:58:25Z DEBUG tracing::span] winit::Window::request_redraw;
[2026-07-29T09:58:25Z DEBUG tracing::span] winit::Window::pre_present_notify;
[2026-07-29T09:58:25Z DEBUG tracing::span] winit::Window::request_redraw;
[2026-07-29T09:58:25Z DEBUG tracing::span] winit::Window::pre_present_notify;
[2026-07-29T09:58:25Z DEBUG tracing::span] winit::Window::request_redraw;
[2026-07-29T09:58:25Z DEBUG tracing::span] winit::Window::pre_present_notify;
[2026-07-29T09:58:25Z DEBUG tracing::span] winit::Window::request_redraw;
[2026-07-29T09:58:25Z DEBUG tracing::span] winit::Window::pre_present_notify;
[2026-07-29T09:58:25Z DEBUG tracing::span] winit::Window::request_redraw;
[2026-07-29T09:58:25Z DEBUG tracing::span] winit::Window::pre_present_notify;
[2026-07-29T09:58:25Z DEBUG tracing::span] winit::Window::request_redraw;
[2026-07-29T09:58:25Z DEBUG tracing::span] winit::Window::pre_present_notify;
[2026-07-29T09:58:25Z DEBUG tracing::span] winit::Window::request_redraw;
[2026-07-29T09:58:25Z DEBUG tracing::span] winit::Window::pre_present_notify;
[2026-07-29T09:58:25Z DEBUG tracing::span] winit::Window::request_redraw;
[2026-07-29T09:58:25Z DEBUG tracing::span] winit::Window::pre_present_notify;
[2026-07-29T09:58:25Z DEBUG tracing::span] winit::Window::request_redraw;
[2026-07-29T09:58:25Z DEBUG tracing::span] winit::Window::pre_present_notify;
[2026-07-29T09:58:25Z DEBUG tracing::span] winit::Window::request_redraw;
[2026-07-29T09:58:25Z DEBUG tracing::span] winit::Window::pre_present_notify;
[2026-07-29T09:58:25Z DEBUG tracing::span] winit::Window::request_redraw;
[2026-07-29T09:58:25Z DEBUG tracing::span] winit::Window::pre_present_notify;
[2026-07-29T09:58:25Z DEBUG tracing::span] winit::Window::request_redraw;
[2026-07-29T09:58:25Z DEBUG tracing::span] winit::Window::pre_present_notify;
[2026-07-29T09:58:25Z DEBUG tracing::span] winit::Window::request_redraw;
[2026-07-29T09:58:25Z DEBUG tracing::span] winit::Window::pre_present_notify;
[2026-07-29T09:58:25Z DEBUG tracing::span] winit::Window::request_redraw;
[2026-07-29T09:58:25Z DEBUG tracing::span] winit::Window::pre_present_notify;
[2026-07-29T09:58:25Z DEBUG tracing::span] winit::Window::request_redraw;
[2026-07-29T09:58:25Z DEBUG tracing::span] winit::Window::pre_present_notify;
[2026-07-29T09:58:25Z DEBUG tracing::span] winit::Window::request_redraw;
[2026-07-29T09:58:25Z DEBUG tracing::span] winit::Window::pre_present_notify;
[2026-07-29T09:58:25Z DEBUG tracing::span] winit::Window::request_redraw;
[2026-07-29T09:58:25Z DEBUG tracing::span] winit::Window::pre_present_notify;
[2026-07-29T09:58:25Z DEBUG tracing::span] winit::Window::request_redraw;
[2026-07-29T09:58:25Z DEBUG tracing::span] winit::Window::pre_present_notify;
[2026-07-29T09:58:25Z DEBUG tracing::span] winit::Window::request_redraw;
[2026-07-29T09:58:25Z DEBUG tracing::span] winit::Window::pre_present_notify;
[2026-07-29T09:58:25Z DEBUG tracing::span] winit::Window::request_redraw;
[2026-07-29T09:58:25Z DEBUG tracing::span] winit::Window::pre_present_notify;
[2026-07-29T09:58:25Z DEBUG tracing::span] winit::Window::request_redraw;
[2026-07-29T09:58:25Z DEBUG tracing::span] winit::EventLoopProxy::send_event;
[2026-07-29T09:58:25Z DEBUG winit::window] winit::Window::set_title; title="Slint Window"
[2026-07-29T09:58:25Z DEBUG winit::window] winit::Window::set_decorations; decorations=true
[2026-07-29T09:58:25Z DEBUG tracing::span] winit::Window::fullscreen;
[2026-07-29T09:58:25Z DEBUG tracing::span] winit::Window::pre_present_notify;
[2026-07-29T09:58:25Z DEBUG tracing::span] winit::Window::request_redraw;
[2026-07-29T09:58:25Z DEBUG tracing::span] winit::Window::pre_present_notify;
[2026-07-29T09:58:25Z DEBUG tracing::span] winit::Window::request_redraw;
[2026-07-29T09:58:25Z DEBUG tracing::span] winit::Window::pre_present_notify;
[2026-07-29T09:58:25Z DEBUG tracing::span] winit::Window::request_redraw;
[2026-07-29T09:58:25Z DEBUG tracing::span] winit::Window::pre_present_notify;
[2026-07-29T09:58:25Z DEBUG tracing::span] winit::Window::request_redraw;
[2026-07-29T09:58:25Z DEBUG tracing::span] winit::Window::pre_present_notify;
[2026-07-29T09:58:25Z DEBUG tracing::span] winit::Window::request_redraw;
[2026-07-29T09:58:25Z DEBUG tracing::span] winit::Window::pre_present_notify;
[2026-07-29T09:58:25Z DEBUG tracing::span] winit::Window::request_redraw;
[2026-07-29T09:58:25Z DEBUG tracing::span] winit::Window::pre_present_notify;
[2026-07-29T09:58:25Z DEBUG tracing::span] winit::Window::request_redraw;
[2026-07-29T09:58:25Z DEBUG tracing::span] winit::Window::pre_present_notify;
[2026-07-29T09:58:25Z DEBUG tracing::span] winit::Window::request_redraw;
[2026-07-29T09:58:25Z DEBUG tracing::span] winit::Window::pre_present_notify;
[2026-07-29T09:58:25Z DEBUG tracing::span] winit::Window::request_redraw;
[2026-07-29T09:58:25Z DEBUG tracing::span] winit::Window::pre_present_notify;
[2026-07-29T09:58:25Z DEBUG tracing::span] winit::Window::request_redraw;
[2026-07-29T09:58:25Z DEBUG tracing::span] winit::Window::pre_present_notify;
[2026-07-29T09:58:25Z DEBUG tracing::span] winit::Window::request_redraw;
[2026-07-29T09:58:25Z DEBUG tracing::span] winit::Window::pre_present_notify;
[2026-07-29T09:58:25Z DEBUG tracing::span] winit::Window::request_redraw;
[2026-07-29T09:58:26Z DEBUG tracing::span] winit::Window::pre_present_notify;
[2026-07-29T09:58:26Z DEBUG tracing::span] winit::Window::request_redraw;
[2026-07-29T09:58:26Z DEBUG tracing::span] winit::Window::pre_present_notify;
[2026-07-29T09:58:26Z DEBUG tracing::span] winit::Window::request_redraw;
[2026-07-29T09:58:26Z DEBUG tracing::span] winit::Window::pre_present_notify;
[2026-07-29T09:58:26Z DEBUG tracing::span] winit::Window::request_redraw;
[2026-07-29T09:58:26Z DEBUG tracing::span] winit::Window::pre_present_notify;
[2026-07-29T09:58:26Z DEBUG tracing::span] winit::Window::request_redraw;
[2026-07-29T09:58:26Z DEBUG tracing::span] winit::Window::pre_present_notify;
[2026-07-29T09:58:26Z DEBUG tracing::span] winit::Window::request_redraw;
[2026-07-29T09:58:26Z DEBUG tracing::span] winit::Window::pre_present_notify;
[2026-07-29T09:58:26Z DEBUG tracing::span] winit::Window::request_redraw;
[2026-07-29T09:58:26Z DEBUG tracing::span] winit::Window::pre_present_notify;
[2026-07-29T09:58:26Z DEBUG tracing::span] winit::Window::request_redraw;
[2026-07-29T09:58:26Z DEBUG tracing::span] winit::Window::pre_present_notify;
[2026-07-29T09:58:26Z DEBUG tracing::span] winit::Window::request_redraw;
[2026-07-29T09:58:26Z DEBUG tracing::span] winit::Window::pre_present_notify;
[2026-07-29T09:58:26Z DEBUG tracing::span] winit::Window::request_redraw;
[2026-07-29T09:58:26Z DEBUG tracing::span] winit::Window::pre_present_notify;
[2026-07-29T09:58:26Z DEBUG tracing::span] winit::Window::request_redraw;
[2026-07-29T09:58:26Z DEBUG tracing::span] winit::Window::pre_present_notify;
[2026-07-29T09:58:26Z DEBUG tracing::span] winit::Window::request_redraw;
[2026-07-29T09:58:26Z DEBUG tracing::span] winit::Window::pre_present_notify;
[2026-07-29T09:58:26Z DEBUG tracing::span] winit::Window::request_redraw;
[2026-07-29T09:58:26Z DEBUG tracing::span] winit::Window::pre_present_notify;
[2026-07-29T09:58:26Z DEBUG tracing::span] winit::Window::request_redraw;
[2026-07-29T09:58:26Z DEBUG tracing::span] winit::Window::pre_present_notify;
[2026-07-29T09:58:26Z DEBUG tracing::span] winit::Window::request_redraw;
[2026-07-29T09:58:26Z DEBUG tracing::span] winit::Window::pre_present_notify;
[2026-07-29T09:58:26Z DEBUG tracing::span] winit::Window::request_redraw;
[2026-07-29T09:58:26Z DEBUG tracing::span] winit::Window::pre_present_notify;
[2026-07-29T09:58:26Z DEBUG tracing::span] winit::Window::request_redraw;
[2026-07-29T09:58:26Z DEBUG tracing::span] winit::Window::pre_present_notify;
[2026-07-29T09:58:26Z DEBUG tracing::span] winit::Window::request_redraw;
[2026-07-29T09:58:26Z DEBUG tracing::span] winit::Window::pre_present_notify;
[2026-07-29T09:58:26Z DEBUG tracing::span] winit::Window::request_redraw;
[2026-07-29T09:58:26Z DEBUG tracing::span] winit::Window::pre_present_notify;
[2026-07-29T09:58:26Z DEBUG tracing::span] winit::Window::request_redraw;
[2026-07-29T09:58:26Z DEBUG tracing::span] winit::Window::pre_present_notify;
[2026-07-29T09:58:26Z DEBUG tracing::span] winit::Window::request_redraw;
[2026-07-29T09:58:26Z DEBUG tracing::span] winit::Window::pre_present_notify;
[2026-07-29T09:58:26Z DEBUG tracing::span] winit::Window::request_redraw;
[2026-07-29T09:58:26Z DEBUG tracing::span] winit::Window::pre_present_notify;
[2026-07-29T09:58:26Z DEBUG tracing::span] winit::Window::request_redraw;
[2026-07-29T09:58:26Z DEBUG tracing::span] winit::Window::pre_present_notify;
[2026-07-29T09:58:26Z DEBUG tracing::span] winit::Window::request_redraw;
[2026-07-29T09:58:26Z DEBUG tracing::span] winit::Window::pre_present_notify;
[2026-07-29T09:58:26Z DEBUG tracing::span] winit::Window::request_redraw;
[2026-07-29T09:58:26Z DEBUG tracing::span] winit::Window::pre_present_notify;
[2026-07-29T09:58:26Z DEBUG tracing::span] winit::Window::request_redraw;
[2026-07-29T09:58:26Z DEBUG tracing::span] winit::Window::pre_present_notify;
[2026-07-29T09:58:26Z DEBUG tracing::span] winit::Window::request_redraw;
[2026-07-29T09:58:26Z DEBUG tracing::span] winit::Window::pre_present_notify;
[2026-07-29T09:58:26Z DEBUG tracing::span] winit::Window::request_redraw;
[2026-07-29T09:58:26Z DEBUG tracing::span] winit::Window::pre_present_notify;
[2026-07-29T09:58:26Z DEBUG tracing::span] winit::Window::request_redraw;
[2026-07-29T09:58:26Z DEBUG tracing::span] winit::Window::pre_present_notify;
[2026-07-29T09:58:26Z DEBUG tracing::span] winit::Window::request_redraw;
[2026-07-29T09:58:26Z DEBUG tracing::span] winit::Window::pre_present_notify;
[2026-07-29T09:58:26Z DEBUG tracing::span] winit::Window::request_redraw;
[2026-07-29T09:58:26Z DEBUG tracing::span] winit::Window::pre_present_notify;
[2026-07-29T09:58:26Z DEBUG tracing::span] winit::Window::request_redraw;
[2026-07-29T09:58:26Z DEBUG tracing::span] winit::Window::pre_present_notify;
[2026-07-29T09:58:26Z DEBUG tracing::span] winit::Window::request_redraw;
[2026-07-29T09:58:26Z DEBUG tracing::span] winit::Window::pre_present_notify;
[2026-07-29T09:58:26Z DEBUG tracing::span] winit::Window::request_redraw;
[2026-07-29T09:58:26Z DEBUG tracing::span] winit::Window::pre_present_notify;
[2026-07-29T09:58:26Z DEBUG tracing::span] winit::Window::request_redraw;
[2026-07-29T09:58:26Z DEBUG tracing::span] winit::Window::pre_present_notify;
[2026-07-29T09:58:26Z DEBUG tracing::span] winit::Window::request_redraw;
[2026-07-29T09:58:26Z DEBUG tracing::span] winit::Window::pre_present_notify;
[2026-07-29T09:58:26Z DEBUG tracing::span] winit::Window::request_redraw;
[2026-07-29T09:58:26Z DEBUG tracing::span] winit::Window::pre_present_notify;
[2026-07-29T09:58:26Z DEBUG tracing::span] winit::Window::request_redraw;
[2026-07-29T09:58:26Z DEBUG tracing::span] winit::Window::pre_present_notify;
[2026-07-29T09:58:26Z DEBUG tracing::span] winit::Window::request_redraw;
[2026-07-29T09:58:26Z DEBUG tracing::span] winit::Window::pre_present_notify;
[2026-07-29T09:58:26Z DEBUG tracing::span] winit::Window::request_redraw;
[2026-07-29T09:58:26Z DEBUG tracing::span] winit::Window::pre_present_notify;
[2026-07-29T09:58:26Z DEBUG tracing::span] winit::Window::request_redraw;
[2026-07-29T09:58:26Z DEBUG tracing::span] winit::Window::pre_present_notify;
[2026-07-29T09:58:26Z DEBUG tracing::span] winit::Window::request_redraw;
[2026-07-29T09:58:26Z DEBUG tracing::span] winit::Window::pre_present_notify;
[2026-07-29T09:58:26Z DEBUG tracing::span] winit::Window::request_redraw;
[2026-07-29T09:58:26Z DEBUG tracing::span] winit::Window::pre_present_notify;
[2026-07-29T09:58:26Z DEBUG tracing::span] winit::Window::request_redraw;
[2026-07-29T09:58:26Z DEBUG tracing::span] winit::Window::pre_present_notify;
[2026-07-29T09:58:26Z DEBUG tracing::span] winit::Window::request_redraw;
[2026-07-29T09:58:26Z DEBUG tracing::span] winit::Window::pre_present_notify;
[2026-07-29T09:58:26Z DEBUG tracing::span] winit::Window::request_redraw;
[2026-07-29T09:58:26Z DEBUG tracing::span] winit::Window::pre_present_notify;
[2026-07-29T09:58:26Z DEBUG tracing::span] winit::Window::request_redraw;
[2026-07-29T09:58:26Z DEBUG tracing::span] winit::Window::pre_present_notify;
[2026-07-29T09:58:26Z DEBUG tracing::span] winit::Window::request_redraw;
[2026-07-29T09:58:26Z DEBUG tracing::span] winit::Window::pre_present_notify;
[2026-07-29T09:58:26Z DEBUG tracing::span] winit::Window::request_redraw;
[2026-07-29T09:58:26Z DEBUG tracing::span] winit::Window::pre_present_notify;
[2026-07-29T09:58:26Z DEBUG tracing::span] winit::Window::request_redraw;
[2026-07-29T09:58:26Z DEBUG tracing::span] winit::Window::pre_present_notify;
[2026-07-29T09:58:26Z DEBUG tracing::span] winit::Window::request_redraw;
[2026-07-29T09:58:26Z DEBUG tracing::span] winit::Window::pre_present_notify;
[2026-07-29T09:58:26Z DEBUG tracing::span] winit::Window::request_redraw;
[2026-07-29T09:58:26Z DEBUG tracing::span] winit::Window::pre_present_notify;
[2026-07-29T09:58:26Z DEBUG tracing::span] winit::Window::request_redraw;
[2026-07-29T09:58:26Z DEBUG tracing::span] winit::Window::pre_present_notify;
[2026-07-29T09:58:26Z DEBUG tracing::span] winit::Window::request_redraw;
[2026-07-29T09:58:26Z DEBUG tracing::span] winit::Window::pre_present_notify;
[2026-07-29T09:58:26Z DEBUG tracing::span] winit::Window::request_redraw;
[2026-07-29T09:58:26Z DEBUG tracing::span] winit::Window::pre_present_notify;
[2026-07-29T09:58:26Z DEBUG tracing::span] winit::Window::request_redraw;
[2026-07-29T09:58:26Z DEBUG tracing::span] winit::Window::pre_present_notify;
[2026-07-29T09:58:26Z DEBUG tracing::span] winit::Window::request_redraw;
[2026-07-29T09:58:26Z DEBUG tracing::span] winit::Window::pre_present_notify;
[2026-07-29T09:58:26Z DEBUG tracing::span] winit::Window::request_redraw;
[2026-07-29T09:58:26Z DEBUG tracing::span] winit::Window::pre_present_notify;
[2026-07-29T09:58:26Z DEBUG tracing::span] winit::Window::request_redraw;
[2026-07-29T09:58:26Z DEBUG tracing::span] winit::Window::pre_present_notify;
[2026-07-29T09:58:26Z DEBUG tracing::span] winit::Window::request_redraw;
[2026-07-29T09:58:26Z DEBUG tracing::span] winit::Window::pre_present_notify;
[2026-07-29T09:58:26Z DEBUG tracing::span] winit::Window::request_redraw;
[2026-07-29T09:58:27Z DEBUG tracing::span] winit::Window::pre_present_notify;
[2026-07-29T09:58:27Z DEBUG tracing::span] winit::Window::request_redraw;
[2026-07-29T09:58:27Z DEBUG ureq_proto::client] Call<Prepare>
[2026-07-29T09:58:27Z DEBUG ureq::run] PUT https://api.spotify.com/******
[2026-07-29T09:58:27Z DEBUG ureq::unversioned::resolver] Resolved: ArrayVec { len: 2, arr: [35.186.224.24:443, [2600:1901:1:7c5::]:443] }
[2026-07-29T09:58:27Z DEBUG ureq::pool] Use pooled: PoolKey { scheme: "https", authority: api.spotify.com, proxy: None }
[2026-07-29T09:58:27Z DEBUG ureq_proto::client] Call<SendRequest>
[2026-07-29T09:58:27Z DEBUG ureq::run] Request { method: PUT, uri: https://api.spotify.com/******, version: HTTP/1.1, headers: {"accept-encoding": "gzip", "content-length": "62", "user-agent": "ureq/3.3.0", "accept": "*/*", "host": "api.spotify.com", "content-type": "application/json; charset=utf-8", "<NOTICE>": "1 HEADERS ARE REDACTED"} }
[2026-07-29T09:58:27Z DEBUG ureq_proto::client] Call<SendBody>
[2026-07-29T09:58:27Z DEBUG ureq_proto::client] Call<RecvResponse>
[2026-07-29T09:58:27Z DEBUG tracing::span] winit::Window::pre_present_notify;
[2026-07-29T09:58:27Z DEBUG tracing::span] winit::Window::request_redraw;
[2026-07-29T09:58:27Z DEBUG tracing::span] winit::Window::pre_present_notify;
[2026-07-29T09:58:27Z DEBUG tracing::span] winit::Window::request_redraw;
[2026-07-29T09:58:27Z DEBUG tracing::span] winit::Window::pre_present_notify;
[2026-07-29T09:58:27Z DEBUG tracing::span] winit::Window::request_redraw;
[2026-07-29T09:58:27Z DEBUG tracing::span] winit::Window::pre_present_notify;
[2026-07-29T09:58:27Z DEBUG tracing::span] winit::Window::request_redraw;
[2026-07-29T09:58:27Z DEBUG tracing::span] winit::Window::pre_present_notify;
[2026-07-29T09:58:27Z DEBUG tracing::span] winit::Window::request_redraw;
[2026-07-29T09:58:27Z DEBUG tracing::span] winit::Window::pre_present_notify;
[2026-07-29T09:58:27Z DEBUG tracing::span] winit::Window::request_redraw;
[2026-07-29T09:58:27Z DEBUG tracing::span] winit::Window::pre_present_notify;
[2026-07-29T09:58:27Z DEBUG tracing::span] winit::Window::request_redraw;
[2026-07-29T09:58:27Z DEBUG tracing::span] winit::Window::pre_present_notify;
[2026-07-29T09:58:27Z DEBUG tracing::span] winit::Window::request_redraw;
[2026-07-29T09:58:27Z DEBUG tracing::span] winit::Window::pre_present_notify;
[2026-07-29T09:58:27Z DEBUG tracing::span] winit::Window::request_redraw;
[2026-07-29T09:58:27Z DEBUG ureq_proto::client] Call<Cleanup>
[2026-07-29T09:58:27Z DEBUG ureq::run] Response { status: 204, version: HTTP/1.1, headers: {"date": "Wed, 29 Jul 2026 09:58:27 GMT", "server": "envoy", "<NOTICE>": "9 HEADERS ARE REDACTED"} }
[2026-07-29T09:58:27Z DEBUG ureq::pool] Return to pool: PoolKey { scheme: "https", authority: api.spotify.com, proxy: None }
[2026-07-29T09:58:27Z DEBUG tracing::span] winit::EventLoopProxy::send_event;
[2026-07-29T09:58:27Z DEBUG winit::window] winit::Window::set_title; title="Slint Window"
[2026-07-29T09:58:27Z DEBUG winit::window] winit::Window::set_decorations; decorations=true
[2026-07-29T09:58:27Z DEBUG tracing::span] winit::Window::fullscreen;
[2026-07-29T09:58:27Z DEBUG tracing::span] winit::Window::pre_present_notify;
[2026-07-29T09:58:27Z DEBUG tracing::span] winit::Window::request_redraw;
[2026-07-29T09:58:27Z DEBUG tracing::span] winit::Window::pre_present_notify;
[2026-07-29T09:58:27Z DEBUG tracing::span] winit::Window::request_redraw;
[2026-07-29T09:58:27Z DEBUG tracing::span] winit::Window::pre_present_notify;
[2026-07-29T09:58:27Z DEBUG tracing::span] winit::Window::request_redraw;
[2026-07-29T09:58:27Z DEBUG tracing::span] winit::Window::pre_present_notify;
[2026-07-29T09:58:27Z DEBUG tracing::span] winit::Window::request_redraw;
[2026-07-29T09:58:27Z DEBUG tracing::span] winit::Window::pre_present_notify;
[2026-07-29T09:58:27Z DEBUG tracing::span] winit::Window::request_redraw;
[2026-07-29T09:58:27Z DEBUG tracing::span] winit::Window::pre_present_notify;
[2026-07-29T09:58:27Z DEBUG tracing::span] winit::Window::request_redraw;
[2026-07-29T09:58:27Z DEBUG tracing::span] winit::Window::pre_present_notify;
[2026-07-29T09:58:27Z DEBUG tracing::span] winit::Window::request_redraw;
[2026-07-29T09:58:27Z DEBUG tracing::span] winit::Window::pre_present_notify;
[2026-07-29T09:58:27Z DEBUG tracing::span] winit::Window::request_redraw;
[2026-07-29T09:58:27Z DEBUG tracing::span] winit::Window::pre_present_notify;
[2026-07-29T09:58:27Z DEBUG tracing::span] winit::Window::request_redraw;
[2026-07-29T09:58:27Z DEBUG tracing::span] winit::Window::pre_present_notify;
[2026-07-29T09:58:27Z DEBUG tracing::span] winit::Window::request_redraw;
[2026-07-29T09:58:27Z DEBUG tracing::span] winit::Window::pre_present_notify;
[2026-07-29T09:58:27Z DEBUG tracing::span] winit::Window::request_redraw;
[2026-07-29T09:58:27Z DEBUG tracing::span] winit::Window::pre_present_notify;
[2026-07-29T09:58:27Z DEBUG tracing::span] winit::Window::request_redraw;
[2026-07-29T09:58:27Z DEBUG tracing::span] winit::Window::pre_present_notify;
[2026-07-29T09:58:27Z DEBUG tracing::span] winit::Window::request_redraw;
[2026-07-29T09:58:27Z DEBUG tracing::span] winit::Window::pre_present_notify;
[2026-07-29T09:58:27Z DEBUG tracing::span] winit::Window::request_redraw;
[2026-07-29T09:58:27Z DEBUG tracing::span] winit::Window::pre_present_notify;
[2026-07-29T09:58:27Z DEBUG tracing::span] winit::Window::request_redraw;
[2026-07-29T09:58:27Z DEBUG tracing::span] winit::Window::pre_present_notify;
[2026-07-29T09:58:27Z DEBUG tracing::span] winit::Window::request_redraw;
[2026-07-29T09:58:27Z DEBUG tracing::span] winit::Window::pre_present_notify;
[2026-07-29T09:58:27Z DEBUG tracing::span] winit::Window::request_redraw;
[2026-07-29T09:58:27Z DEBUG tracing::span] winit::Window::pre_present_notify;
[2026-07-29T09:58:27Z DEBUG tracing::span] winit::Window::request_redraw;
[2026-07-29T09:58:27Z DEBUG tracing::span] winit::Window::pre_present_notify;
[2026-07-29T09:58:27Z DEBUG tracing::span] winit::Window::request_redraw;
[2026-07-29T09:58:27Z DEBUG tracing::span] winit::Window::pre_present_notify;
[2026-07-29T09:58:27Z DEBUG tracing::span] winit::Window::request_redraw;
[2026-07-29T09:58:27Z DEBUG tracing::span] winit::Window::pre_present_notify;
[2026-07-29T09:58:27Z DEBUG tracing::span] winit::Window::request_redraw;
[2026-07-29T09:58:27Z DEBUG tracing::span] winit::Window::pre_present_notify;
[2026-07-29T09:58:27Z DEBUG tracing::span] winit::Window::request_redraw;
[2026-07-29T09:58:27Z DEBUG tracing::span] winit::Window::pre_present_notify;
[2026-07-29T09:58:27Z DEBUG tracing::span] winit::Window::request_redraw;
[2026-07-29T09:58:27Z DEBUG tracing::span] winit::Window::pre_present_notify;
[2026-07-29T09:58:27Z DEBUG tracing::span] winit::Window::request_redraw;
[2026-07-29T09:58:27Z DEBUG tracing::span] winit::Window::pre_present_notify;
[2026-07-29T09:58:27Z DEBUG tracing::span] winit::Window::request_redraw;
[2026-07-29T09:58:27Z DEBUG tracing::span] winit::Window::pre_present_notify;
[2026-07-29T09:58:27Z DEBUG tracing::span] winit::Window::request_redraw;
[2026-07-29T09:58:27Z DEBUG tracing::span] winit::Window::pre_present_notify;
[2026-07-29T09:58:27Z DEBUG tracing::span] winit::Window::request_redraw;
[2026-07-29T09:58:27Z DEBUG tracing::span] winit::Window::pre_present_notify;
[2026-07-29T09:58:27Z DEBUG tracing::span] winit::Window::request_redraw;
[2026-07-29T09:58:27Z DEBUG tracing::span] winit::Window::pre_present_notify;
[2026-07-29T09:58:27Z DEBUG tracing::span] winit::Window::request_redraw;
[2026-07-29T09:58:27Z DEBUG tracing::span] winit::Window::pre_present_notify;
[2026-07-29T09:58:27Z DEBUG tracing::span] winit::Window::request_redraw;
[2026-07-29T09:58:27Z DEBUG tracing::span] winit::Window::pre_present_notify;
[2026-07-29T09:58:27Z DEBUG tracing::span] winit::Window::request_redraw;
[2026-07-29T09:58:27Z DEBUG tracing::span] winit::Window::pre_present_notify;
[2026-07-29T09:58:27Z DEBUG tracing::span] winit::Window::request_redraw;
[2026-07-29T09:58:27Z DEBUG tracing::span] winit::Window::pre_present_notify;
[2026-07-29T09:58:27Z DEBUG tracing::span] winit::Window::request_redraw;
[2026-07-29T09:58:27Z DEBUG tracing::span] winit::Window::pre_present_notify;
[2026-07-29T09:58:27Z DEBUG tracing::span] winit::Window::request_redraw;
[2026-07-29T09:58:27Z DEBUG tracing::span] winit::Window::pre_present_notify;
[2026-07-29T09:58:27Z DEBUG tracing::span] winit::Window::request_redraw;
[2026-07-29T09:58:27Z DEBUG tracing::span] winit::Window::pre_present_notify;
[2026-07-29T09:58:27Z DEBUG tracing::span] winit::Window::request_redraw;
[2026-07-29T09:58:27Z DEBUG tracing::span] winit::Window::pre_present_notify;
[2026-07-29T09:58:27Z DEBUG tracing::span] winit::Window::request_redraw;
[2026-07-29T09:58:27Z DEBUG tracing::span] winit::Window::pre_present_notify;
[2026-07-29T09:58:27Z DEBUG tracing::span] winit::Window::request_redraw;
[2026-07-29T09:58:27Z DEBUG tracing::span] winit::Window::pre_present_notify;
[2026-07-29T09:58:27Z DEBUG tracing::span] winit::Window::request_redraw;
[2026-07-29T09:58:27Z DEBUG tracing::span] winit::Window::pre_present_notify;
[2026-07-29T09:58:27Z DEBUG tracing::span] winit::Window::request_redraw;
[2026-07-29T09:58:27Z DEBUG tracing::span] winit::Window::pre_present_notify;
[2026-07-29T09:58:27Z DEBUG tracing::span] winit::Window::request_redraw;
[2026-07-29T09:58:27Z DEBUG tracing::span] winit::Window::pre_present_notify;
[2026-07-29T09:58:27Z DEBUG tracing::span] winit::Window::request_redraw;
[2026-07-29T09:58:27Z DEBUG tracing::span] winit::Window::pre_present_notify;
[2026-07-29T09:58:27Z DEBUG tracing::span] winit::Window::request_redraw;
[2026-07-29T09:58:27Z DEBUG tracing::span] winit::Window::pre_present_notify;
[2026-07-29T09:58:27Z DEBUG tracing::span] winit::Window::request_redraw;
[2026-07-29T09:58:27Z DEBUG tracing::span] winit::Window::pre_present_notify;
[2026-07-29T09:58:27Z DEBUG tracing::span] winit::Window::request_redraw;
[2026-07-29T09:58:27Z DEBUG tracing::span] winit::Window::pre_present_notify;
[2026-07-29T09:58:27Z DEBUG tracing::span] winit::Window::request_redraw;
[2026-07-29T09:58:27Z DEBUG tracing::span] winit::Window::pre_present_notify;
[2026-07-29T09:58:27Z DEBUG tracing::span] winit::Window::request_redraw;
[2026-07-29T09:58:27Z DEBUG tracing::span] winit::Window::pre_present_notify;
[2026-07-29T09:58:27Z DEBUG tracing::span] winit::Window::request_redraw;
[2026-07-29T09:58:27Z DEBUG tracing::span] winit::Window::pre_present_notify;
[2026-07-29T09:58:27Z DEBUG tracing::span] winit::Window::request_redraw;
[2026-07-29T09:58:27Z DEBUG tracing::span] winit::Window::pre_present_notify;
[2026-07-29T09:58:27Z DEBUG tracing::span] winit::Window::request_redraw;
[2026-07-29T09:58:28Z DEBUG tracing::span] winit::Window::pre_present_notify;
[2026-07-29T09:58:28Z DEBUG tracing::span] winit::Window::request_redraw;
[2026-07-29T09:58:28Z DEBUG tracing::span] winit::Window::pre_present_notify;
[2026-07-29T09:58:28Z DEBUG tracing::span] winit::Window::request_redraw;
[2026-07-29T09:58:28Z DEBUG tracing::span] winit::Window::pre_present_notify;
[2026-07-29T09:58:28Z DEBUG tracing::span] winit::Window::request_redraw;
[2026-07-29T09:58:28Z DEBUG tracing::span] winit::Window::pre_present_notify;
[2026-07-29T09:58:28Z DEBUG tracing::span] winit::Window::request_redraw;
[2026-07-29T09:58:28Z DEBUG tracing::span] winit::Window::pre_present_notify;
[2026-07-29T09:58:28Z DEBUG tracing::span] winit::Window::request_redraw;
[2026-07-29T09:58:28Z DEBUG tracing::span] winit::Window::pre_present_notify;
[2026-07-29T09:58:28Z DEBUG tracing::span] winit::Window::request_redraw;
[2026-07-29T09:58:28Z DEBUG tracing::span] winit::Window::pre_present_notify;
[2026-07-29T09:58:28Z DEBUG tracing::span] winit::Window::request_redraw;
[2026-07-29T09:58:28Z DEBUG tracing::span] winit::Window::pre_present_notify;
[2026-07-29T09:58:28Z DEBUG tracing::span] winit::Window::request_redraw;
[2026-07-29T09:58:28Z DEBUG tracing::span] winit::Window::pre_present_notify;
[2026-07-29T09:58:28Z DEBUG tracing::span] winit::Window::request_redraw;
[2026-07-29T09:58:28Z DEBUG tracing::span] winit::Window::pre_present_notify;
[2026-07-29T09:58:28Z DEBUG tracing::span] winit::Window::request_redraw;
[2026-07-29T09:58:28Z DEBUG tracing::span] winit::Window::pre_present_notify;
[2026-07-29T09:58:28Z DEBUG tracing::span] winit::Window::request_redraw;
[2026-07-29T09:58:28Z DEBUG tracing::span] winit::Window::pre_present_notify;
[2026-07-29T09:58:28Z DEBUG tracing::span] winit::Window::request_redraw;
[2026-07-29T09:58:28Z DEBUG tracing::span] winit::Window::pre_present_notify;
[2026-07-29T09:58:28Z DEBUG tracing::span] winit::Window::request_redraw;
[2026-07-29T09:58:28Z DEBUG tracing::span] winit::Window::pre_present_notify;
[2026-07-29T09:58:28Z DEBUG tracing::span] winit::Window::request_redraw;
[2026-07-29T09:58:28Z DEBUG tracing::span] winit::Window::pre_present_notify;
[2026-07-29T09:58:28Z DEBUG tracing::span] winit::Window::request_redraw;
[2026-07-29T09:58:28Z DEBUG tracing::span] winit::Window::pre_present_notify;
[2026-07-29T09:58:28Z DEBUG tracing::span] winit::Window::request_redraw;
[2026-07-29T09:58:28Z DEBUG tracing::span] winit::Window::pre_present_notify;
[2026-07-29T09:58:28Z DEBUG tracing::span] winit::Window::request_redraw;
[2026-07-29T09:58:28Z DEBUG tracing::span] winit::Window::pre_present_notify;
[2026-07-29T09:58:28Z DEBUG tracing::span] winit::Window::request_redraw;
[2026-07-29T09:58:28Z DEBUG tracing::span] winit::Window::pre_present_notify;
[2026-07-29T09:58:28Z DEBUG tracing::span] winit::Window::request_redraw;
[2026-07-29T09:58:28Z DEBUG tracing::span] winit::Window::pre_present_notify;
[2026-07-29T09:58:28Z DEBUG tracing::span] winit::Window::request_redraw;
[2026-07-29T09:58:28Z DEBUG tracing::span] winit::Window::pre_present_notify;
[2026-07-29T09:58:28Z DEBUG tracing::span] winit::Window::request_redraw;
[2026-07-29T09:58:28Z DEBUG tracing::span] winit::Window::pre_present_notify;
[2026-07-29T09:58:28Z DEBUG tracing::span] winit::Window::request_redraw;
[2026-07-29T09:58:28Z DEBUG tracing::span] winit::Window::pre_present_notify;
[2026-07-29T09:58:28Z DEBUG tracing::span] winit::Window::request_redraw;
[2026-07-29T09:58:28Z DEBUG tracing::span] winit::Window::pre_present_notify;
[2026-07-29T09:58:28Z DEBUG tracing::span] winit::Window::request_redraw;
[2026-07-29T09:58:28Z DEBUG tracing::span] winit::Window::pre_present_notify;
[2026-07-29T09:58:28Z DEBUG tracing::span] winit::Window::request_redraw;
[2026-07-29T09:58:28Z DEBUG tracing::span] winit::Window::pre_present_notify;
[2026-07-29T09:58:28Z DEBUG tracing::span] winit::Window::request_redraw;
[2026-07-29T09:58:28Z DEBUG tracing::span] winit::Window::pre_present_notify;
[2026-07-29T09:58:28Z DEBUG tracing::span] winit::Window::request_redraw;
[2026-07-29T09:58:28Z DEBUG tracing::span] winit::Window::pre_present_notify;
[2026-07-29T09:58:28Z DEBUG tracing::span] winit::Window::request_redraw;
[2026-07-29T09:58:28Z DEBUG tracing::span] winit::Window::pre_present_notify;
[2026-07-29T09:58:28Z DEBUG tracing::span] winit::Window::request_redraw;
[2026-07-29T09:58:28Z DEBUG tracing::span] winit::Window::pre_present_notify;
[2026-07-29T09:58:28Z DEBUG tracing::span] winit::Window::request_redraw;
[2026-07-29T09:58:28Z DEBUG tracing::span] winit::Window::pre_present_notify;
[2026-07-29T09:58:28Z DEBUG tracing::span] winit::Window::request_redraw;
[2026-07-29T09:58:28Z DEBUG tracing::span] winit::Window::pre_present_notify;
[2026-07-29T09:58:28Z DEBUG tracing::span] winit::Window::request_redraw;
[2026-07-29T09:58:28Z DEBUG tracing::span] winit::Window::pre_present_notify;
[2026-07-29T09:58:28Z DEBUG tracing::span] winit::Window::request_redraw;
[2026-07-29T09:58:28Z DEBUG tracing::span] winit::Window::pre_present_notify;
[2026-07-29T09:58:28Z DEBUG tracing::span] winit::Window::request_redraw;
[2026-07-29T09:58:28Z DEBUG tracing::span] winit::Window::pre_present_notify;
[2026-07-29T09:58:28Z DEBUG tracing::span] winit::Window::request_redraw;
[2026-07-29T09:58:28Z DEBUG tracing::span] winit::Window::pre_present_notify;
[2026-07-29T09:58:28Z DEBUG tracing::span] winit::Window::request_redraw;
[2026-07-29T09:58:28Z DEBUG tracing::span] winit::Window::pre_present_notify;
[2026-07-29T09:58:28Z DEBUG tracing::span] winit::Window::request_redraw;
[2026-07-29T09:58:28Z DEBUG tracing::span] winit::Window::pre_present_notify;
[2026-07-29T09:58:28Z DEBUG tracing::span] winit::Window::request_redraw;
[2026-07-29T09:58:28Z DEBUG tracing::span] winit::Window::pre_present_notify;
[2026-07-29T09:58:28Z DEBUG tracing::span] winit::Window::request_redraw;
[2026-07-29T09:58:28Z DEBUG tracing::span] winit::Window::pre_present_notify;
[2026-07-29T09:58:28Z DEBUG tracing::span] winit::Window::request_redraw;
[2026-07-29T09:58:28Z DEBUG tracing::span] winit::Window::pre_present_notify;
[2026-07-29T09:58:28Z DEBUG tracing::span] winit::Window::request_redraw;
[2026-07-29T09:58:28Z DEBUG tracing::span] winit::Window::pre_present_notify;
[2026-07-29T09:58:28Z DEBUG tracing::span] winit::Window::request_redraw;
[2026-07-29T09:58:28Z DEBUG tracing::span] winit::Window::pre_present_notify;
[2026-07-29T09:58:28Z DEBUG tracing::span] winit::Window::request_redraw;
[2026-07-29T09:58:28Z DEBUG tracing::span] winit::Window::pre_present_notify;
[2026-07-29T09:58:28Z DEBUG tracing::span] winit::Window::request_redraw;
[2026-07-29T09:58:28Z DEBUG tracing::span] winit::Window::pre_present_notify;
[2026-07-29T09:58:28Z DEBUG tracing::span] winit::Window::request_redraw;
[2026-07-29T09:58:28Z DEBUG tracing::span] winit::Window::pre_present_notify;
[2026-07-29T09:58:28Z DEBUG tracing::span] winit::Window::request_redraw;
[2026-07-29T09:58:28Z DEBUG tracing::span] winit::Window::pre_present_notify;
[2026-07-29T09:58:28Z DEBUG tracing::span] winit::Window::request_redraw;
[2026-07-29T09:58:28Z DEBUG tracing::span] winit::Window::pre_present_notify;
[2026-07-29T09:58:28Z DEBUG tracing::span] winit::Window::request_redraw;
[2026-07-29T09:58:28Z DEBUG tracing::span] winit::Window::pre_present_notify;
[2026-07-29T09:58:28Z DEBUG tracing::span] winit::Window::request_redraw;
[2026-07-29T09:58:28Z DEBUG tracing::span] winit::Window::pre_present_notify;
[2026-07-29T09:58:28Z DEBUG tracing::span] winit::Window::request_redraw;
[2026-07-29T09:58:28Z DEBUG tracing::span] winit::Window::pre_present_notify;
[2026-07-29T09:58:28Z DEBUG tracing::span] winit::Window::request_redraw;
[2026-07-29T09:58:28Z DEBUG tracing::span] winit::Window::pre_present_notify;
[2026-07-29T09:58:28Z DEBUG tracing::span] winit::Window::request_redraw;
[2026-07-29T09:58:28Z DEBUG tracing::span] winit::Window::pre_present_notify;
[2026-07-29T09:58:28Z DEBUG tracing::span] winit::Window::request_redraw;
[2026-07-29T09:58:28Z DEBUG tracing::span] winit::Window::pre_present_notify;
[2026-07-29T09:58:28Z DEBUG tracing::span] winit::Window::request_redraw;
[2026-07-29T09:58:28Z DEBUG tracing::span] winit::Window::pre_present_notify;
[2026-07-29T09:58:28Z DEBUG tracing::span] winit::Window::request_redraw;
[2026-07-29T09:58:28Z DEBUG tracing::span] winit::Window::pre_present_notify;
[2026-07-29T09:58:28Z DEBUG tracing::span] winit::Window::request_redraw;
[2026-07-29T09:58:28Z DEBUG tracing::span] winit::Window::pre_present_notify;
[2026-07-29T09:58:28Z DEBUG tracing::span] winit::Window::request_redraw;
[2026-07-29T09:58:28Z DEBUG tracing::span] winit::Window::pre_present_notify;
[2026-07-29T09:58:28Z DEBUG tracing::span] winit::Window::request_redraw;
[2026-07-29T09:58:28Z DEBUG tracing::span] winit::Window::pre_present_notify;
[2026-07-29T09:58:28Z DEBUG tracing::span] winit::Window::request_redraw;
[2026-07-29T09:58:28Z DEBUG tracing::span] winit::Window::pre_present_notify;
[2026-07-29T09:58:28Z DEBUG tracing::span] winit::Window::request_redraw;
[2026-07-29T09:58:29Z DEBUG tracing::span] winit::Window::pre_present_notify;
[2026-07-29T09:58:29Z DEBUG tracing::span] winit::Window::request_redraw;
[2026-07-29T09:58:29Z DEBUG tracing::span] winit::Window::pre_present_notify;
[2026-07-29T09:58:29Z DEBUG tracing::span] winit::Window::request_redraw;
[2026-07-29T09:58:29Z DEBUG tracing::span] winit::Window::pre_present_notify;
[2026-07-29T09:58:29Z DEBUG tracing::span] winit::Window::request_redraw;
[2026-07-29T09:58:29Z DEBUG tracing::span] winit::Window::pre_present_notify;
[2026-07-29T09:58:29Z DEBUG tracing::span] winit::Window::request_redraw;
[2026-07-29T09:58:29Z DEBUG tracing::span] winit::Window::pre_present_notify;
[2026-07-29T09:58:29Z DEBUG tracing::span] winit::Window::request_redraw;
[2026-07-29T09:58:29Z DEBUG tracing::span] winit::Window::pre_present_notify;
[2026-07-29T09:58:29Z DEBUG tracing::span] winit::Window::request_redraw;
[2026-07-29T09:58:29Z DEBUG tracing::span] winit::Window::pre_present_notify;
[2026-07-29T09:58:29Z DEBUG tracing::span] winit::Window::request_redraw;
[2026-07-29T09:58:29Z DEBUG tracing::span] winit::Window::pre_present_notify;
[2026-07-29T09:58:29Z DEBUG tracing::span] winit::Window::request_redraw;
[2026-07-29T09:58:29Z DEBUG tracing::span] winit::Window::pre_present_notify;
[2026-07-29T09:58:29Z DEBUG tracing::span] winit::Window::request_redraw;
[2026-07-29T09:58:29Z DEBUG tracing::span] winit::Window::pre_present_notify;
[2026-07-29T09:58:29Z DEBUG tracing::span] winit::Window::request_redraw;
[2026-07-29T09:58:29Z DEBUG tracing::span] winit::Window::pre_present_notify;
[2026-07-29T09:58:29Z DEBUG tracing::span] winit::Window::request_redraw;
[2026-07-29T09:58:29Z DEBUG tracing::span] winit::Window::pre_present_notify;
[2026-07-29T09:58:29Z DEBUG tracing::span] winit::Window::request_redraw;
[2026-07-29T09:58:29Z DEBUG tracing::span] winit::Window::pre_present_notify;
[2026-07-29T09:58:29Z DEBUG tracing::span] winit::Window::request_redraw;
[2026-07-29T09:58:29Z DEBUG tracing::span] winit::Window::pre_present_notify;
[2026-07-29T09:58:29Z DEBUG tracing::span] winit::Window::request_redraw;
[2026-07-29T09:58:29Z DEBUG tracing::span] winit::Window::pre_present_notify;
[2026-07-29T09:58:29Z DEBUG tracing::span] winit::Window::request_redraw;
[2026-07-29T09:58:29Z DEBUG tracing::span] winit::Window::pre_present_notify;
[2026-07-29T09:58:29Z DEBUG tracing::span] winit::Window::request_redraw;
[2026-07-29T09:58:29Z DEBUG tracing::span] winit::Window::pre_present_notify;
[2026-07-29T09:58:29Z DEBUG tracing::span] winit::Window::request_redraw;
[2026-07-29T09:58:29Z DEBUG tracing::span] winit::Window::pre_present_notify;
[2026-07-29T09:58:29Z DEBUG tracing::span] winit::Window::request_redraw;
[2026-07-29T09:58:29Z DEBUG tracing::span] winit::Window::pre_present_notify;
[2026-07-29T09:58:29Z DEBUG tracing::span] winit::Window::request_redraw;
[2026-07-29T09:58:29Z DEBUG tracing::span] winit::Window::pre_present_notify;
[2026-07-29T09:58:29Z DEBUG tracing::span] winit::Window::request_redraw;
[2026-07-29T09:58:29Z DEBUG tracing::span] winit::Window::pre_present_notify;
[2026-07-29T09:58:29Z DEBUG tracing::span] winit::Window::request_redraw;
[2026-07-29T09:58:29Z DEBUG tracing::span] winit::Window::pre_present_notify;
[2026-07-29T09:58:29Z DEBUG tracing::span] winit::Window::request_redraw;
[2026-07-29T09:58:29Z DEBUG tracing::span] winit::Window::pre_present_notify;
[2026-07-29T09:58:29Z DEBUG tracing::span] winit::Window::request_redraw;
[2026-07-29T09:58:29Z DEBUG tracing::span] winit::Window::pre_present_notify;
[2026-07-29T09:58:29Z DEBUG tracing::span] winit::Window::request_redraw;
[2026-07-29T09:58:29Z DEBUG tracing::span] winit::Window::pre_present_notify;
[2026-07-29T09:58:29Z DEBUG tracing::span] winit::Window::request_redraw;
[2026-07-29T09:58:29Z DEBUG tracing::span] winit::Window::pre_present_notify;
[2026-07-29T09:58:29Z DEBUG tracing::span] winit::Window::request_redraw;
[2026-07-29T09:58:29Z DEBUG tracing::span] winit::Window::pre_present_notify;
[2026-07-29T09:58:29Z DEBUG tracing::span] winit::Window::request_redraw;
[2026-07-29T09:58:29Z DEBUG tracing::span] winit::Window::pre_present_notify;
[2026-07-29T09:58:29Z DEBUG tracing::span] winit::Window::request_redraw;
[2026-07-29T09:58:29Z DEBUG tracing::span] winit::Window::pre_present_notify;
[2026-07-29T09:58:29Z DEBUG tracing::span] winit::Window::request_redraw;
[2026-07-29T09:58:29Z DEBUG tracing::span] winit::Window::pre_present_notify;
[2026-07-29T09:58:29Z DEBUG tracing::span] winit::Window::request_redraw;
[2026-07-29T09:58:29Z DEBUG tracing::span] winit::Window::pre_present_notify;
[2026-07-29T09:58:29Z DEBUG tracing::span] winit::Window::request_redraw;
[2026-07-29T09:58:29Z DEBUG tracing::span] winit::Window::pre_present_notify;
[2026-07-29T09:58:29Z DEBUG tracing::span] winit::Window::request_redraw;
[2026-07-29T09:58:29Z DEBUG tracing::span] winit::Window::pre_present_notify;
[2026-07-29T09:58:29Z DEBUG tracing::span] winit::Window::request_redraw;
[2026-07-29T09:58:29Z DEBUG tracing::span] winit::Window::pre_present_notify;
[2026-07-29T09:58:29Z DEBUG tracing::span] winit::Window::request_redraw;
[2026-07-29T09:58:29Z DEBUG tracing::span] winit::Window::pre_present_notify;
[2026-07-29T09:58:29Z DEBUG tracing::span] winit::Window::request_redraw;
[2026-07-29T09:58:29Z DEBUG tracing::span] winit::Window::pre_present_notify;
[2026-07-29T09:58:29Z DEBUG tracing::span] winit::Window::request_redraw;
[2026-07-29T09:58:29Z DEBUG tracing::span] winit::Window::pre_present_notify;
[2026-07-29T09:58:29Z DEBUG tracing::span] winit::Window::request_redraw;
[2026-07-29T09:58:29Z DEBUG tracing::span] winit::Window::pre_present_notify;
[2026-07-29T09:58:29Z DEBUG tracing::span] winit::Window::request_redraw;
[2026-07-29T09:58:29Z DEBUG tracing::span] winit::Window::pre_present_notify;
[2026-07-29T09:58:29Z DEBUG tracing::span] winit::Window::request_redraw;
[2026-07-29T09:58:29Z DEBUG tracing::span] winit::Window::pre_present_notify;
[2026-07-29T09:58:29Z DEBUG tracing::span] winit::Window::request_redraw;
[2026-07-29T09:58:29Z DEBUG tracing::span] winit::Window::pre_present_notify;
[2026-07-29T09:58:29Z DEBUG tracing::span] winit::Window::request_redraw;
[2026-07-29T09:58:29Z DEBUG tracing::span] winit::Window::pre_present_notify;
[2026-07-29T09:58:29Z DEBUG tracing::span] winit::Window::request_redraw;
[2026-07-29T09:58:29Z DEBUG tracing::span] winit::Window::pre_present_notify;
[2026-07-29T09:58:29Z DEBUG tracing::span] winit::Window::request_redraw;
[2026-07-29T09:58:29Z DEBUG tracing::span] winit::Window::pre_present_notify;
[2026-07-29T09:58:29Z DEBUG tracing::span] winit::Window::request_redraw;
[2026-07-29T09:58:29Z DEBUG tracing::span] winit::Window::pre_present_notify;
[2026-07-29T09:58:29Z DEBUG tracing::span] winit::Window::request_redraw;
[2026-07-29T09:58:29Z DEBUG tracing::span] winit::Window::pre_present_notify;
[2026-07-29T09:58:29Z DEBUG tracing::span] winit::Window::request_redraw;
[2026-07-29T09:58:29Z DEBUG tracing::span] winit::Window::pre_present_notify;
[2026-07-29T09:58:29Z DEBUG tracing::span] winit::Window::request_redraw;
[2026-07-29T09:58:29Z DEBUG tracing::span] winit::Window::pre_present_notify;
[2026-07-29T09:58:29Z DEBUG tracing::span] winit::Window::request_redraw;
[2026-07-29T09:58:29Z DEBUG tracing::span] winit::Window::pre_present_notify;
[2026-07-29T09:58:29Z DEBUG tracing::span] winit::Window::request_redraw;
[2026-07-29T09:58:29Z DEBUG tracing::span] winit::Window::pre_present_notify;
[2026-07-29T09:58:29Z DEBUG tracing::span] winit::Window::request_redraw;
[2026-07-29T09:58:29Z DEBUG tracing::span] winit::Window::pre_present_notify;
[2026-07-29T09:58:29Z DEBUG tracing::span] winit::Window::request_redraw;
[2026-07-29T09:58:29Z DEBUG tracing::span] winit::Window::pre_present_notify;
[2026-07-29T09:58:29Z DEBUG tracing::span] winit::Window::request_redraw;
[2026-07-29T09:58:29Z DEBUG tracing::span] winit::Window::pre_present_notify;
[2026-07-29T09:58:29Z DEBUG tracing::span] winit::Window::request_redraw;
[2026-07-29T09:58:29Z DEBUG tracing::span] winit::Window::pre_present_notify;
[2026-07-29T09:58:29Z DEBUG tracing::span] winit::Window::request_redraw;
[2026-07-29T09:58:29Z DEBUG tracing::span] winit::Window::pre_present_notify;
[2026-07-29T09:58:29Z DEBUG tracing::span] winit::Window::request_redraw;
[2026-07-29T09:58:29Z DEBUG tracing::span] winit::Window::pre_present_notify;
[2026-07-29T09:58:29Z DEBUG tracing::span] winit::Window::request_redraw;
[2026-07-29T09:58:29Z DEBUG tracing::span] winit::Window::pre_present_notify;
[2026-07-29T09:58:29Z DEBUG tracing::span] winit::Window::request_redraw;
[2026-07-29T09:58:29Z DEBUG tracing::span] winit::Window::pre_present_notify;
[2026-07-29T09:58:29Z DEBUG tracing::span] winit::Window::request_redraw;
[2026-07-29T09:58:29Z DEBUG tracing::span] winit::Window::pre_present_notify;
[2026-07-29T09:58:29Z DEBUG tracing::span] winit::Window::is_decorated;
[2026-07-29T09:58:29Z DEBUG tracing::span] winit::Window::request_redraw;
[2026-07-29T09:58:29Z DEBUG tracing::span] winit::Window::is_decorated;
[2026-07-29T09:58:29Z DEBUG tracing::span] winit::Window::pre_present_notify;
[2026-07-29T09:58:29Z DEBUG tracing::span] winit::Window::request_redraw;
[2026-07-29T09:58:29Z DEBUG tracing::span] winit::Window::is_decorated;
[2026-07-29T09:58:29Z DEBUG tracing::span] winit::Window::is_decorated;
[2026-07-29T09:58:30Z DEBUG tracing::span] winit::Window::pre_present_notify;
[2026-07-29T09:58:30Z DEBUG tracing::span] winit::Window::request_redraw;
[2026-07-29T09:58:30Z DEBUG tracing::span] winit::Window::is_decorated;
[2026-07-29T09:58:30Z DEBUG tracing::span] winit::Window::is_decorated;
[2026-07-29T09:58:30Z DEBUG tracing::span] winit::Window::pre_present_notify;
[2026-07-29T09:58:30Z DEBUG tracing::span] winit::Window::is_decorated;
[2026-07-29T09:58:30Z DEBUG tracing::span] winit::Window::request_redraw;
[2026-07-29T09:58:30Z DEBUG tracing::span] winit::Window::is_decorated;
[2026-07-29T09:58:30Z DEBUG tracing::span] winit::Window::is_decorated;
[2026-07-29T09:58:30Z DEBUG tracing::span] winit::Window::pre_present_notify;
[2026-07-29T09:58:30Z DEBUG tracing::span] winit::Window::request_redraw;
[2026-07-29T09:58:30Z DEBUG tracing::span] winit::Window::is_decorated;
[2026-07-29T09:58:30Z DEBUG tracing::span] winit::Window::is_decorated;
[2026-07-29T09:58:30Z DEBUG tracing::span] winit::Window::pre_present_notify;
[2026-07-29T09:58:30Z DEBUG tracing::span] winit::Window::request_redraw;
[2026-07-29T09:58:30Z DEBUG tracing::span] winit::Window::is_decorated;
[2026-07-29T09:58:30Z DEBUG tracing::span] winit::Window::is_decorated;
[2026-07-29T09:58:30Z DEBUG tracing::span] winit::Window::pre_present_notify;
[2026-07-29T09:58:30Z DEBUG tracing::span] winit::Window::request_redraw;
[2026-07-29T09:58:30Z DEBUG tracing::span] winit::Window::is_decorated;
[2026-07-29T09:58:30Z DEBUG tracing::span] winit::Window::pre_present_notify;
[2026-07-29T09:58:30Z DEBUG tracing::span] winit::Window::is_decorated;
[2026-07-29T09:58:30Z DEBUG tracing::span] winit::Window::request_redraw;
[2026-07-29T09:58:30Z DEBUG tracing::span] winit::Window::is_decorated;
[2026-07-29T09:58:30Z DEBUG tracing::span] winit::Window::pre_present_notify;
[2026-07-29T09:58:30Z DEBUG tracing::span] winit::Window::request_redraw;
[2026-07-29T09:58:30Z DEBUG tracing::span] winit::Window::is_decorated;
[2026-07-29T09:58:30Z DEBUG tracing::span] winit::Window::pre_present_notify;
[2026-07-29T09:58:30Z DEBUG tracing::span] winit::Window::is_decorated;
[2026-07-29T09:58:30Z DEBUG tracing::span] winit::Window::request_redraw;
[2026-07-29T09:58:30Z DEBUG tracing::span] winit::Window::is_decorated;
[2026-07-29T09:58:30Z DEBUG tracing::span] winit::Window::pre_present_notify;
[2026-07-29T09:58:30Z DEBUG tracing::span] winit::Window::request_redraw;
[2026-07-29T09:58:30Z DEBUG tracing::span] winit::Window::is_decorated;
[2026-07-29T09:58:30Z DEBUG tracing::span] winit::Window::is_decorated;
[2026-07-29T09:58:30Z DEBUG tracing::span] winit::Window::pre_present_notify;
[2026-07-29T09:58:30Z DEBUG tracing::span] winit::Window::request_redraw;
[2026-07-29T09:58:30Z DEBUG tracing::span] winit::Window::is_decorated;
[2026-07-29T09:58:30Z DEBUG tracing::span] winit::Window::is_decorated;
[2026-07-29T09:58:30Z DEBUG tracing::span] winit::Window::pre_present_notify;
[2026-07-29T09:58:30Z DEBUG tracing::span] winit::Window::request_redraw;
[2026-07-29T09:58:30Z DEBUG tracing::span] winit::Window::is_decorated;
[2026-07-29T09:58:30Z DEBUG tracing::span] winit::Window::is_decorated;
[2026-07-29T09:58:30Z DEBUG tracing::span] winit::Window::is_decorated;
[2026-07-29T09:58:30Z DEBUG tracing::span] winit::Window::pre_present_notify;
[2026-07-29T09:58:30Z DEBUG tracing::span] winit::Window::request_redraw;
[2026-07-29T09:58:30Z DEBUG tracing::span] winit::Window::is_decorated;
[2026-07-29T09:58:30Z DEBUG tracing::span] winit::Window::is_decorated;
[2026-07-29T09:58:30Z DEBUG tracing::span] winit::Window::pre_present_notify;
[2026-07-29T09:58:30Z DEBUG tracing::span] winit::Window::request_redraw;
[2026-07-29T09:58:30Z DEBUG tracing::span] winit::Window::is_decorated;
[2026-07-29T09:58:30Z DEBUG tracing::span] winit::Window::is_decorated;
[2026-07-29T09:58:30Z DEBUG tracing::span] winit::Window::pre_present_notify;
[2026-07-29T09:58:30Z DEBUG tracing::span] winit::Window::is_decorated;
[2026-07-29T09:58:30Z DEBUG tracing::span] winit::Window::request_redraw;
[2026-07-29T09:58:30Z DEBUG tracing::span] winit::Window::is_decorated;
[2026-07-29T09:58:30Z DEBUG tracing::span] winit::Window::pre_present_notify;
[2026-07-29T09:58:30Z DEBUG tracing::span] winit::Window::request_redraw;
[2026-07-29T09:58:30Z DEBUG tracing::span] winit::Window::is_decorated;
[2026-07-29T09:58:30Z DEBUG tracing::span] winit::Window::is_decorated;
[2026-07-29T09:58:30Z DEBUG tracing::span] winit::Window::is_decorated;
[2026-07-29T09:58:30Z DEBUG tracing::span] winit::Window::pre_present_notify;
[2026-07-29T09:58:30Z DEBUG tracing::span] winit::Window::request_redraw;
[2026-07-29T09:58:30Z DEBUG tracing::span] winit::Window::is_decorated;
[2026-07-29T09:58:30Z DEBUG tracing::span] winit::Window::is_decorated;
[2026-07-29T09:58:30Z DEBUG tracing::span] winit::Window::pre_present_notify;
[2026-07-29T09:58:30Z DEBUG tracing::span] winit::Window::is_decorated;
[2026-07-29T09:58:30Z DEBUG tracing::span] winit::Window::request_redraw;
[2026-07-29T09:58:30Z DEBUG tracing::span] winit::Window::is_decorated;
[2026-07-29T09:58:30Z DEBUG tracing::span] winit::Window::pre_present_notify;
[2026-07-29T09:58:30Z DEBUG tracing::span] winit::Window::request_redraw;
[2026-07-29T09:58:30Z DEBUG tracing::span] winit::Window::is_decorated;
[2026-07-29T09:58:30Z DEBUG tracing::span] winit::Window::is_decorated;
[2026-07-29T09:58:30Z DEBUG tracing::span] winit::Window::pre_present_notify;
[2026-07-29T09:58:30Z DEBUG tracing::span] winit::Window::request_redraw;
[2026-07-29T09:58:30Z DEBUG tracing::span] winit::Window::is_decorated;
[2026-07-29T09:58:30Z DEBUG tracing::span] winit::Window::is_decorated;
[2026-07-29T09:58:30Z DEBUG tracing::span] winit::Window::pre_present_notify;
[2026-07-29T09:58:30Z DEBUG tracing::span] winit::Window::is_decorated;
[2026-07-29T09:58:30Z DEBUG tracing::span] winit::Window::request_redraw;
[2026-07-29T09:58:30Z DEBUG tracing::span] winit::Window::is_decorated;
[2026-07-29T09:58:30Z DEBUG tracing::span] winit::Window::is_decorated;
[2026-07-29T09:58:30Z DEBUG tracing::span] winit::Window::pre_present_notify;
[2026-07-29T09:58:30Z DEBUG tracing::span] winit::Window::request_redraw;
[2026-07-29T09:58:30Z DEBUG tracing::span] winit::Window::is_decorated;
[2026-07-29T09:58:30Z DEBUG tracing::span] winit::Window::is_decorated;
[2026-07-29T09:58:30Z DEBUG tracing::span] winit::Window::pre_present_notify;
[2026-07-29T09:58:30Z DEBUG tracing::span] winit::Window::request_redraw;
[2026-07-29T09:58:30Z DEBUG tracing::span] winit::Window::is_decorated;
[2026-07-29T09:58:30Z DEBUG tracing::span] winit::Window::is_decorated;
[2026-07-29T09:58:30Z DEBUG tracing::span] winit::Window::pre_present_notify;
[2026-07-29T09:58:30Z DEBUG tracing::span] winit::Window::request_redraw;
[2026-07-29T09:58:30Z DEBUG tracing::span] winit::Window::is_decorated;
[2026-07-29T09:58:30Z DEBUG tracing::span] winit::Window::is_decorated;
[2026-07-29T09:58:30Z DEBUG tracing::span] winit::Window::pre_present_notify;
[2026-07-29T09:58:30Z DEBUG tracing::span] winit::Window::is_decorated;
[2026-07-29T09:58:30Z DEBUG tracing::span] winit::Window::request_redraw;
[2026-07-29T09:58:30Z DEBUG tracing::span] winit::Window::is_decorated;
[2026-07-29T09:58:30Z DEBUG tracing::span] winit::Window::is_decorated;
[2026-07-29T09:58:30Z DEBUG tracing::span] winit::Window::pre_present_notify;
[2026-07-29T09:58:30Z DEBUG tracing::span] winit::Window::request_redraw;
[2026-07-29T09:58:30Z DEBUG tracing::span] winit::Window::is_decorated;
[2026-07-29T09:58:30Z DEBUG tracing::span] winit::Window::is_decorated;
[2026-07-29T09:58:30Z DEBUG tracing::span] winit::Window::pre_present_notify;
[2026-07-29T09:58:30Z DEBUG tracing::span] winit::Window::is_decorated;
[2026-07-29T09:58:30Z DEBUG tracing::span] winit::Window::request_redraw;
[2026-07-29T09:58:30Z DEBUG tracing::span] winit::Window::is_decorated;
[2026-07-29T09:58:30Z DEBUG tracing::span] winit::Window::pre_present_notify;
[2026-07-29T09:58:30Z DEBUG tracing::span] winit::Window::request_redraw;
[2026-07-29T09:58:30Z DEBUG tracing::span] winit::Window::is_decorated;
[2026-07-29T09:58:30Z DEBUG tracing::span] winit::Window::is_decorated;
[2026-07-29T09:58:30Z DEBUG tracing::span] winit::Window::pre_present_notify;
[2026-07-29T09:58:30Z DEBUG tracing::span] winit::Window::request_redraw;
[2026-07-29T09:58:30Z DEBUG tracing::span] winit::Window::is_decorated;
[2026-07-29T09:58:30Z DEBUG tracing::span] winit::Window::is_decorated;
[2026-07-29T09:58:30Z DEBUG tracing::span] winit::Window::pre_present_notify;
[2026-07-29T09:58:30Z DEBUG tracing::span] winit::Window::request_redraw;
[2026-07-29T09:58:30Z DEBUG tracing::span] winit::Window::is_decorated;
[2026-07-29T09:58:30Z DEBUG tracing::span] winit::Window::is_decorated;
[2026-07-29T09:58:30Z DEBUG tracing::span] winit::Window::is_decorated;
[2026-07-29T09:58:30Z DEBUG tracing::span] winit::Window::pre_present_notify;
[2026-07-29T09:58:30Z DEBUG tracing::span] winit::Window::request_redraw;
[2026-07-29T09:58:30Z DEBUG tracing::span] winit::Window::is_decorated;
[2026-07-29T09:58:30Z DEBUG tracing::span] winit::Window::is_decorated;
[2026-07-29T09:58:30Z DEBUG tracing::span] winit::Window::pre_present_notify;
[2026-07-29T09:58:30Z DEBUG tracing::span] winit::Window::request_redraw;
[2026-07-29T09:58:30Z DEBUG tracing::span] winit::Window::is_decorated;
[2026-07-29T09:58:30Z DEBUG tracing::span] winit::Window::is_decorated;
[2026-07-29T09:58:30Z DEBUG tracing::span] winit::Window::pre_present_notify;
[2026-07-29T09:58:30Z DEBUG tracing::span] winit::Window::is_decorated;
[2026-07-29T09:58:30Z DEBUG tracing::span] winit::Window::request_redraw;
[2026-07-29T09:58:30Z DEBUG tracing::span] winit::Window::is_decorated;
[2026-07-29T09:58:30Z DEBUG tracing::span] winit::Window::pre_present_notify;
[2026-07-29T09:58:30Z DEBUG tracing::span] winit::Window::request_redraw;
[2026-07-29T09:58:30Z DEBUG tracing::span] winit::Window::is_decorated;
[2026-07-29T09:58:30Z DEBUG tracing::span] winit::Window::is_decorated;
[2026-07-29T09:58:30Z DEBUG tracing::span] winit::Window::is_decorated;
[2026-07-29T09:58:30Z DEBUG tracing::span] winit::Window::pre_present_notify;
[2026-07-29T09:58:30Z DEBUG tracing::span] winit::Window::request_redraw;
[2026-07-29T09:58:30Z DEBUG tracing::span] winit::Window::is_decorated;
[2026-07-29T09:58:30Z DEBUG tracing::span] winit::Window::is_decorated;
[2026-07-29T09:58:30Z DEBUG tracing::span] winit::Window::pre_present_notify;
[2026-07-29T09:58:30Z DEBUG tracing::span] winit::Window::request_redraw;
[2026-07-29T09:58:30Z DEBUG tracing::span] winit::Window::is_decorated;
[2026-07-29T09:58:30Z DEBUG tracing::span] winit::Window::is_decorated;
[2026-07-29T09:58:30Z DEBUG tracing::span] winit::Window::pre_present_notify;
[2026-07-29T09:58:30Z DEBUG tracing::span] winit::Window::request_redraw;
[2026-07-29T09:58:30Z DEBUG tracing::span] winit::Window::pre_present_notify;
[2026-07-29T09:58:30Z DEBUG tracing::span] winit::Window::request_redraw;
[2026-07-29T09:58:30Z DEBUG tracing::span] winit::Window::is_decorated;
[2026-07-29T09:58:30Z DEBUG tracing::span] winit::Window::pre_present_notify;
[2026-07-29T09:58:30Z DEBUG tracing::span] winit::Window::request_redraw;
[2026-07-29T09:58:30Z DEBUG tracing::span] winit::Window::is_decorated;
[2026-07-29T09:58:30Z DEBUG tracing::span] winit::Window::is_decorated;
[2026-07-29T09:58:30Z DEBUG tracing::span] winit::Window::pre_present_notify;
[2026-07-29T09:58:30Z DEBUG tracing::span] winit::Window::request_redraw;
[2026-07-29T09:58:30Z DEBUG tracing::span] winit::Window::is_decorated;
[2026-07-29T09:58:30Z DEBUG tracing::span] winit::Window::pre_present_notify;
[2026-07-29T09:58:30Z DEBUG tracing::span] winit::Window::request_redraw;
[2026-07-29T09:58:30Z DEBUG tracing::span] winit::Window::is_decorated;
[2026-07-29T09:58:30Z DEBUG tracing::span] winit::Window::pre_present_notify;
[2026-07-29T09:58:30Z DEBUG tracing::span] winit::Window::is_decorated;
[2026-07-29T09:58:30Z DEBUG tracing::span] winit::Window::request_redraw;
[2026-07-29T09:58:30Z DEBUG tracing::span] winit::Window::is_decorated;
[2026-07-29T09:58:30Z DEBUG tracing::span] winit::Window::pre_present_notify;
[2026-07-29T09:58:30Z DEBUG tracing::span] winit::Window::request_redraw;
[2026-07-29T09:58:30Z DEBUG tracing::span] winit::Window::is_decorated;
[2026-07-29T09:58:30Z DEBUG tracing::span] winit::Window::is_decorated;
[2026-07-29T09:58:30Z DEBUG tracing::span] winit::Window::is_decorated;
[2026-07-29T09:58:30Z DEBUG tracing::span] winit::Window::pre_present_notify;
[2026-07-29T09:58:30Z DEBUG tracing::span] winit::Window::request_redraw;
[2026-07-29T09:58:30Z DEBUG tracing::span] winit::Window::is_decorated;
[2026-07-29T09:58:30Z DEBUG tracing::span] winit::Window::pre_present_notify;
[2026-07-29T09:58:30Z DEBUG tracing::span] winit::Window::is_decorated;
[2026-07-29T09:58:30Z DEBUG tracing::span] winit::Window::request_redraw;
[2026-07-29T09:58:30Z DEBUG tracing::span] winit::Window::pre_present_notify;
[2026-07-29T09:58:30Z DEBUG tracing::span] winit::Window::request_redraw;
[2026-07-29T09:58:30Z DEBUG tracing::span] winit::Window::is_decorated;
[2026-07-29T09:58:30Z DEBUG tracing::span] winit::Window::pre_present_notify;
[2026-07-29T09:58:30Z DEBUG tracing::span] winit::Window::request_redraw;
[2026-07-29T09:58:30Z DEBUG tracing::span] winit::Window::is_decorated;
[2026-07-29T09:58:30Z DEBUG tracing::span] winit::Window::is_decorated;
[2026-07-29T09:58:30Z DEBUG tracing::span] winit::Window::pre_present_notify;
[2026-07-29T09:58:30Z DEBUG tracing::span] winit::Window::request_redraw;
[2026-07-29T09:58:30Z DEBUG tracing::span] winit::Window::pre_present_notify;
[2026-07-29T09:58:30Z DEBUG tracing::span] winit::Window::request_redraw;
[2026-07-29T09:58:30Z DEBUG tracing::span] winit::Window::is_decorated;
[2026-07-29T09:58:30Z DEBUG tracing::span] winit::Window::pre_present_notify;
[2026-07-29T09:58:30Z DEBUG tracing::span] winit::Window::request_redraw;
[2026-07-29T09:58:30Z DEBUG tracing::span] winit::Window::pre_present_notify;
[2026-07-29T09:58:30Z DEBUG tracing::span] winit::Window::request_redraw;
[2026-07-29T09:58:30Z DEBUG tracing::span] winit::Window::pre_present_notify;
[2026-07-29T09:58:30Z DEBUG tracing::span] winit::Window::request_redraw;
[2026-07-29T09:58:30Z DEBUG tracing::span] winit::Window::pre_present_notify;
[2026-07-29T09:58:30Z DEBUG tracing::span] winit::Window::request_redraw;
[2026-07-29T09:58:30Z DEBUG tracing::span] winit::Window::pre_present_notify;
[2026-07-29T09:58:30Z DEBUG tracing::span] winit::Window::request_redraw;
[2026-07-29T09:58:30Z DEBUG tracing::span] winit::Window::pre_present_notify;
[2026-07-29T09:58:30Z DEBUG tracing::span] winit::Window::request_redraw;
[2026-07-29T09:58:30Z DEBUG tracing::span] winit::Window::pre_present_notify;
[2026-07-29T09:58:30Z DEBUG tracing::span] winit::Window::request_redraw;
[2026-07-29T09:58:30Z DEBUG tracing::span] winit::Window::pre_present_notify;
[2026-07-29T09:58:30Z DEBUG tracing::span] winit::Window::request_redraw;
[2026-07-29T09:58:30Z DEBUG tracing::span] winit::Window::pre_present_notify;
[2026-07-29T09:58:30Z DEBUG tracing::span] winit::Window::request_redraw;
[2026-07-29T09:58:30Z DEBUG tracing::span] winit::Window::pre_present_notify;
[2026-07-29T09:58:30Z DEBUG tracing::span] winit::Window::request_redraw;
[2026-07-29T09:58:30Z DEBUG tracing::span] winit::Window::pre_present_notify;
[2026-07-29T09:58:30Z DEBUG tracing::span] winit::Window::request_redraw;
[2026-07-29T09:58:30Z DEBUG tracing::span] winit::Window::pre_present_notify;
[2026-07-29T09:58:30Z DEBUG tracing::span] winit::Window::request_redraw;
[2026-07-29T09:58:31Z DEBUG tracing::span] winit::Window::pre_present_notify;
[2026-07-29T09:58:31Z DEBUG tracing::span] winit::Window::request_redraw;
[2026-07-29T09:58:31Z DEBUG tracing::span] winit::Window::pre_present_notify;
[2026-07-29T09:58:31Z DEBUG tracing::span] winit::Window::request_redraw;
[2026-07-29T09:58:31Z DEBUG tracing::span] winit::Window::pre_present_notify;
[2026-07-29T09:58:31Z DEBUG tracing::span] winit::Window::request_redraw;
[2026-07-29T09:58:31Z DEBUG tracing::span] winit::Window::pre_present_notify;
[2026-07-29T09:58:31Z DEBUG tracing::span] winit::Window::request_redraw;
[2026-07-29T09:58:31Z DEBUG tracing::span] winit::Window::pre_present_notify;
[2026-07-29T09:58:31Z DEBUG tracing::span] winit::Window::request_redraw;
[2026-07-29T09:58:31Z DEBUG ureq_proto::client] Call<Prepare>
[2026-07-29T09:58:31Z DEBUG ureq::run] PUT https://api.spotify.com/******
[2026-07-29T09:58:31Z DEBUG ureq::unversioned::resolver] Resolved: ArrayVec { len: 2, arr: [35.186.224.24:443, [2600:1901:1:7c5::]:443] }
[2026-07-29T09:58:31Z DEBUG ureq::pool] Use pooled: PoolKey { scheme: "https", authority: api.spotify.com, proxy: None }
[2026-07-29T09:58:31Z DEBUG ureq_proto::client] Call<SendRequest>
[2026-07-29T09:58:31Z DEBUG ureq::run] Request { method: PUT, uri: https://api.spotify.com/******, version: HTTP/1.1, headers: {"accept-encoding": "gzip", "content-length": "0", "user-agent": "ureq/3.3.0", "accept": "*/*", "host": "api.spotify.com", "<NOTICE>": "1 HEADERS ARE REDACTED"} }
[2026-07-29T09:58:31Z DEBUG ureq_proto::client] Call<RecvResponse>
[2026-07-29T09:58:31Z DEBUG tracing::span] winit::Window::pre_present_notify;
[2026-07-29T09:58:31Z DEBUG tracing::span] winit::Window::request_redraw;
[2026-07-29T09:58:31Z DEBUG tracing::span] winit::Window::pre_present_notify;
[2026-07-29T09:58:31Z DEBUG tracing::span] winit::Window::request_redraw;
[2026-07-29T09:58:31Z DEBUG tracing::span] winit::Window::is_decorated;
[2026-07-29T09:58:31Z DEBUG tracing::span] winit::Window::is_decorated;
[2026-07-29T09:58:31Z DEBUG tracing::span] winit::Window::pre_present_notify;
[2026-07-29T09:58:31Z DEBUG tracing::span] winit::Window::request_redraw;
[2026-07-29T09:58:31Z DEBUG tracing::span] winit::Window::is_decorated;
[2026-07-29T09:58:31Z DEBUG tracing::span] winit::Window::pre_present_notify;
[2026-07-29T09:58:31Z DEBUG tracing::span] winit::Window::request_redraw;
[2026-07-29T09:58:31Z DEBUG tracing::span] winit::Window::is_decorated;
[2026-07-29T09:58:31Z DEBUG tracing::span] winit::Window::is_decorated;
[2026-07-29T09:58:31Z DEBUG tracing::span] winit::Window::pre_present_notify;
[2026-07-29T09:58:31Z DEBUG tracing::span] winit::Window::request_redraw;
[2026-07-29T09:58:31Z DEBUG tracing::span] winit::Window::is_decorated;
[2026-07-29T09:58:31Z DEBUG tracing::span] winit::Window::is_decorated;
[2026-07-29T09:58:31Z DEBUG tracing::span] winit::Window::pre_present_notify;
[2026-07-29T09:58:31Z DEBUG tracing::span] winit::Window::is_decorated;
[2026-07-29T09:58:31Z DEBUG tracing::span] winit::Window::request_redraw;
[2026-07-29T09:58:31Z DEBUG tracing::span] winit::Window::is_decorated;
[2026-07-29T09:58:31Z DEBUG tracing::span] winit::Window::pre_present_notify;
[2026-07-29T09:58:31Z DEBUG tracing::span] winit::Window::is_decorated;
[2026-07-29T09:58:31Z DEBUG tracing::span] winit::Window::request_redraw;
[2026-07-29T09:58:31Z DEBUG tracing::span] winit::Window::is_decorated;
[2026-07-29T09:58:31Z DEBUG ureq_proto::client] Call<RecvBody>
[2026-07-29T09:58:31Z DEBUG ureq::run] Response { status: 200, version: HTTP/1.1, headers: {"content-length": "27", "date": "Wed, 29 Jul 2026 09:58:30 GMT", "server": "envoy", "<NOTICE>": "8 HEADERS ARE REDACTED"} }
[2026-07-29T09:58:31Z DEBUG tracing::span] winit::EventLoopProxy::send_event;
[2026-07-29T09:58:31Z DEBUG tracing::span] winit::Window::pre_present_notify;
[2026-07-29T09:58:31Z DEBUG tracing::span] winit::Window::is_decorated;
[2026-07-29T09:58:31Z DEBUG tracing::span] winit::Window::request_redraw;
[2026-07-29T09:58:31Z DEBUG tracing::span] winit::Window::is_decorated;
[2026-07-29T09:58:31Z DEBUG tracing::span] winit::Window::pre_present_notify;
[2026-07-29T09:58:31Z DEBUG tracing::span] winit::Window::request_redraw;
[2026-07-29T09:58:31Z DEBUG tracing::span] winit::Window::is_decorated;
[2026-07-29T09:58:31Z DEBUG tracing::span] winit::Window::is_decorated;
[2026-07-29T09:58:31Z DEBUG tracing::span] winit::Window::is_decorated;
[2026-07-29T09:58:31Z DEBUG tracing::span] winit::Window::pre_present_notify;
[2026-07-29T09:58:31Z DEBUG tracing::span] winit::Window::request_redraw;
[2026-07-29T09:58:31Z DEBUG tracing::span] winit::Window::is_decorated;
[2026-07-29T09:58:31Z DEBUG tracing::span] winit::Window::is_decorated;
[2026-07-29T09:58:31Z DEBUG tracing::span] winit::Window::pre_present_notify;
[2026-07-29T09:58:31Z DEBUG tracing::span] winit::Window::request_redraw;
[2026-07-29T09:58:31Z DEBUG tracing::span] winit::Window::is_decorated;
[2026-07-29T09:58:31Z DEBUG tracing::span] winit::Window::is_decorated;
[2026-07-29T09:58:31Z DEBUG tracing::span] winit::Window::pre_present_notify;
[2026-07-29T09:58:31Z DEBUG tracing::span] winit::Window::request_redraw;
[2026-07-29T09:58:31Z DEBUG tracing::span] winit::Window::is_decorated;
[2026-07-29T09:58:31Z DEBUG tracing::span] winit::Window::is_decorated;
[2026-07-29T09:58:31Z DEBUG tracing::span] winit::Window::pre_present_notify;
[2026-07-29T09:58:31Z DEBUG tracing::span] winit::Window::request_redraw;
[2026-07-29T09:58:31Z DEBUG tracing::span] winit::Window::is_decorated;
[2026-07-29T09:58:31Z DEBUG tracing::span] winit::Window::is_decorated;
[2026-07-29T09:58:31Z DEBUG tracing::span] winit::Window::is_decorated;
[2026-07-29T09:58:31Z DEBUG tracing::span] winit::Window::pre_present_notify;
[2026-07-29T09:58:31Z DEBUG tracing::span] winit::Window::request_redraw;
[2026-07-29T09:58:31Z DEBUG tracing::span] winit::Window::is_decorated;
[2026-07-29T09:58:31Z DEBUG tracing::span] winit::Window::is_decorated;
[2026-07-29T09:58:31Z DEBUG tracing::span] winit::Window::pre_present_notify;
[2026-07-29T09:58:31Z DEBUG tracing::span] winit::Window::request_redraw;
[2026-07-29T09:58:31Z DEBUG tracing::span] winit::Window::is_decorated;
[2026-07-29T09:58:31Z DEBUG tracing::span] winit::Window::is_decorated;
[2026-07-29T09:58:31Z DEBUG tracing::span] winit::Window::pre_present_notify;
[2026-07-29T09:58:31Z DEBUG tracing::span] winit::Window::request_redraw;
[2026-07-29T09:58:31Z DEBUG tracing::span] winit::Window::is_decorated;
[2026-07-29T09:58:31Z DEBUG tracing::span] winit::Window::is_decorated;
[2026-07-29T09:58:31Z DEBUG tracing::span] winit::Window::pre_present_notify;
[2026-07-29T09:58:31Z DEBUG tracing::span] winit::Window::request_redraw;
[2026-07-29T09:58:31Z DEBUG tracing::span] winit::Window::is_decorated;
[2026-07-29T09:58:31Z DEBUG tracing::span] winit::Window::is_decorated;
[2026-07-29T09:58:31Z DEBUG tracing::span] winit::Window::pre_present_notify;
[2026-07-29T09:58:31Z DEBUG tracing::span] winit::Window::request_redraw;
[2026-07-29T09:58:31Z DEBUG tracing::span] winit::Window::is_decorated;
[2026-07-29T09:58:31Z DEBUG tracing::span] winit::Window::is_decorated;
[2026-07-29T09:58:31Z DEBUG tracing::span] winit::Window::is_decorated;
[2026-07-29T09:58:31Z DEBUG tracing::span] winit::Window::pre_present_notify;
[2026-07-29T09:58:31Z DEBUG tracing::span] winit::Window::request_redraw;
[2026-07-29T09:58:31Z DEBUG tracing::span] winit::Window::is_decorated;
[2026-07-29T09:58:31Z DEBUG tracing::span] winit::Window::is_decorated;
[2026-07-29T09:58:31Z DEBUG tracing::span] winit::Window::pre_present_notify;
[2026-07-29T09:58:31Z DEBUG tracing::span] winit::Window::request_redraw;
[2026-07-29T09:58:31Z DEBUG tracing::span] winit::Window::is_decorated;
[2026-07-29T09:58:31Z DEBUG tracing::span] winit::Window::is_decorated;
[2026-07-29T09:58:31Z DEBUG tracing::span] winit::Window::pre_present_notify;
[2026-07-29T09:58:31Z DEBUG tracing::span] winit::Window::request_redraw;
[2026-07-29T09:58:31Z DEBUG tracing::span] winit::Window::is_decorated;
[2026-07-29T09:58:31Z DEBUG tracing::span] winit::Window::pre_present_notify;
[2026-07-29T09:58:31Z DEBUG tracing::span] winit::Window::request_redraw;
[2026-07-29T09:58:31Z DEBUG tracing::span] winit::Window::pre_present_notify;
[2026-07-29T09:58:31Z DEBUG tracing::span] winit::Window::request_redraw;
[2026-07-29T09:58:31Z DEBUG tracing::span] winit::Window::pre_present_notify;
[2026-07-29T09:58:31Z DEBUG tracing::span] winit::Window::request_redraw;
[2026-07-29T09:58:31Z DEBUG tracing::span] winit::Window::pre_present_notify;
[2026-07-29T09:58:31Z DEBUG tracing::span] winit::Window::request_redraw;
[2026-07-29T09:58:31Z DEBUG tracing::span] winit::Window::pre_present_notify;
[2026-07-29T09:58:31Z DEBUG tracing::span] winit::Window::request_redraw;
[2026-07-29T09:58:31Z DEBUG tracing::span] winit::Window::pre_present_notify;
[2026-07-29T09:58:31Z DEBUG tracing::span] winit::Window::request_redraw;
[2026-07-29T09:58:31Z DEBUG tracing::span] winit::Window::pre_present_notify;
[2026-07-29T09:58:31Z DEBUG tracing::span] winit::Window::request_redraw;
[2026-07-29T09:58:31Z DEBUG tracing::span] winit::Window::pre_present_notify;
[2026-07-29T09:58:31Z DEBUG tracing::span] winit::Window::request_redraw;
[2026-07-29T09:58:31Z DEBUG tracing::span] winit::Window::pre_present_notify;
[2026-07-29T09:58:31Z DEBUG tracing::span] winit::Window::request_redraw;
[2026-07-29T09:58:31Z DEBUG tracing::span] winit::Window::pre_present_notify;
[2026-07-29T09:58:31Z DEBUG tracing::span] winit::Window::request_redraw;
[2026-07-29T09:58:31Z DEBUG tracing::span] winit::Window::pre_present_notify;
[2026-07-29T09:58:31Z DEBUG tracing::span] winit::Window::request_redraw;
[2026-07-29T09:58:31Z DEBUG tracing::span] winit::Window::pre_present_notify;
[2026-07-29T09:58:31Z DEBUG tracing::span] winit::Window::request_redraw;
[2026-07-29T09:58:31Z DEBUG tracing::span] winit::Window::pre_present_notify;
[2026-07-29T09:58:31Z DEBUG tracing::span] winit::Window::request_redraw;
[2026-07-29T09:58:31Z DEBUG tracing::span] winit::Window::pre_present_notify;
[2026-07-29T09:58:31Z DEBUG tracing::span] winit::Window::request_redraw;
[2026-07-29T09:58:31Z DEBUG tracing::span] winit::Window::pre_present_notify;
[2026-07-29T09:58:31Z DEBUG tracing::span] winit::Window::request_redraw;
[2026-07-29T09:58:31Z DEBUG tracing::span] winit::Window::pre_present_notify;
[2026-07-29T09:58:31Z DEBUG tracing::span] winit::Window::request_redraw;
[2026-07-29T09:58:31Z DEBUG tracing::span] winit::Window::pre_present_notify;
[2026-07-29T09:58:31Z DEBUG tracing::span] winit::Window::request_redraw;
[2026-07-29T09:58:31Z DEBUG tracing::span] winit::Window::pre_present_notify;
[2026-07-29T09:58:31Z DEBUG tracing::span] winit::Window::request_redraw;
[2026-07-29T09:58:31Z DEBUG tracing::span] winit::Window::pre_present_notify;
[2026-07-29T09:58:31Z DEBUG tracing::span] winit::Window::request_redraw;
[2026-07-29T09:58:31Z DEBUG tracing::span] winit::Window::pre_present_notify;
[2026-07-29T09:58:31Z DEBUG tracing::span] winit::Window::request_redraw;
[2026-07-29T09:58:31Z DEBUG tracing::span] winit::Window::pre_present_notify;
[2026-07-29T09:58:31Z DEBUG tracing::span] winit::Window::request_redraw;
[2026-07-29T09:58:31Z DEBUG tracing::span] winit::Window::pre_present_notify;
[2026-07-29T09:58:31Z DEBUG tracing::span] winit::Window::request_redraw;
[2026-07-29T09:58:31Z DEBUG tracing::span] winit::Window::pre_present_notify;
[2026-07-29T09:58:31Z DEBUG tracing::span] winit::Window::request_redraw;
[2026-07-29T09:58:31Z DEBUG tracing::span] winit::Window::pre_present_notify;
[2026-07-29T09:58:31Z DEBUG tracing::span] winit::Window::request_redraw;
[2026-07-29T09:58:31Z DEBUG tracing::span] winit::Window::pre_present_notify;
[2026-07-29T09:58:31Z DEBUG tracing::span] winit::Window::request_redraw;
[2026-07-29T09:58:31Z DEBUG tracing::span] winit::Window::pre_present_notify;
[2026-07-29T09:58:31Z DEBUG tracing::span] winit::Window::request_redraw;
[2026-07-29T09:58:31Z DEBUG tracing::span] winit::Window::pre_present_notify;
[2026-07-29T09:58:31Z DEBUG tracing::span] winit::Window::request_redraw;
[2026-07-29T09:58:31Z DEBUG tracing::span] winit::Window::pre_present_notify;
[2026-07-29T09:58:31Z DEBUG tracing::span] winit::Window::request_redraw;
[2026-07-29T09:58:31Z DEBUG tracing::span] winit::Window::pre_present_notify;
[2026-07-29T09:58:31Z DEBUG tracing::span] winit::Window::request_redraw;
[2026-07-29T09:58:31Z DEBUG tracing::span] winit::Window::pre_present_notify;
[2026-07-29T09:58:31Z DEBUG tracing::span] winit::Window::request_redraw;
[2026-07-29T09:58:31Z DEBUG tracing::span] winit::Window::pre_present_notify;
[2026-07-29T09:58:31Z DEBUG tracing::span] winit::Window::request_redraw;
[2026-07-29T09:58:31Z DEBUG tracing::span] winit::Window::pre_present_notify;
[2026-07-29T09:58:31Z DEBUG tracing::span] winit::Window::request_redraw;
[2026-07-29T09:58:31Z DEBUG tracing::span] winit::Window::pre_present_notify;
[2026-07-29T09:58:31Z DEBUG tracing::span] winit::Window::request_redraw;
[2026-07-29T09:58:31Z DEBUG tracing::span] winit::Window::pre_present_notify;
[2026-07-29T09:58:31Z DEBUG tracing::span] winit::Window::request_redraw;
[2026-07-29T09:58:32Z DEBUG tracing::span] winit::Window::pre_present_notify;
[2026-07-29T09:58:32Z DEBUG tracing::span] winit::Window::request_redraw;
[2026-07-29T09:58:32Z DEBUG tracing::span] winit::Window::pre_present_notify;
[2026-07-29T09:58:32Z DEBUG tracing::span] winit::Window::request_redraw;
[2026-07-29T09:58:32Z DEBUG tracing::span] winit::Window::pre_present_notify;
[2026-07-29T09:58:32Z DEBUG tracing::span] winit::Window::request_redraw;
[2026-07-29T09:58:32Z DEBUG tracing::span] winit::Window::pre_present_notify;
[2026-07-29T09:58:32Z DEBUG tracing::span] winit::Window::request_redraw;
[2026-07-29T09:58:32Z DEBUG tracing::span] winit::Window::pre_present_notify;
[2026-07-29T09:58:32Z DEBUG tracing::span] winit::Window::request_redraw;
[2026-07-29T09:58:32Z DEBUG tracing::span] winit::Window::pre_present_notify;
[2026-07-29T09:58:32Z DEBUG tracing::span] winit::Window::request_redraw;
[2026-07-29T09:58:32Z DEBUG tracing::span] winit::Window::pre_present_notify;
[2026-07-29T09:58:32Z DEBUG tracing::span] winit::Window::request_redraw;
[2026-07-29T09:58:32Z DEBUG tracing::span] winit::Window::pre_present_notify;
[2026-07-29T09:58:32Z DEBUG tracing::span] winit::Window::request_redraw;
[2026-07-29T09:58:32Z DEBUG tracing::span] winit::Window::pre_present_notify;
[2026-07-29T09:58:32Z DEBUG tracing::span] winit::Window::request_redraw;
[2026-07-29T09:58:32Z DEBUG tracing::span] winit::Window::pre_present_notify;
[2026-07-29T09:58:32Z DEBUG tracing::span] winit::Window::request_redraw;
[2026-07-29T09:58:32Z DEBUG tracing::span] winit::Window::pre_present_notify;
[2026-07-29T09:58:32Z DEBUG tracing::span] winit::Window::request_redraw;
[2026-07-29T09:58:32Z DEBUG tracing::span] winit::Window::pre_present_notify;
[2026-07-29T09:58:32Z DEBUG tracing::span] winit::Window::request_redraw;
[2026-07-29T09:58:32Z DEBUG tracing::span] winit::Window::pre_present_notify;
[2026-07-29T09:58:32Z DEBUG tracing::span] winit::Window::request_redraw;
[2026-07-29T09:58:32Z DEBUG tracing::span] winit::Window::pre_present_notify;
[2026-07-29T09:58:32Z DEBUG tracing::span] winit::Window::request_redraw;
[2026-07-29T09:58:32Z DEBUG tracing::span] winit::Window::pre_present_notify;
[2026-07-29T09:58:32Z DEBUG tracing::span] winit::Window::request_redraw;
[2026-07-29T09:58:32Z DEBUG tracing::span] winit::Window::pre_present_notify;
[2026-07-29T09:58:32Z DEBUG tracing::span] winit::Window::request_redraw;
[2026-07-29T09:58:32Z DEBUG tracing::span] winit::Window::pre_present_notify;
[2026-07-29T09:58:32Z DEBUG tracing::span] winit::Window::request_redraw;
[2026-07-29T09:58:32Z DEBUG tracing::span] winit::Window::pre_present_notify;
[2026-07-29T09:58:32Z DEBUG tracing::span] winit::Window::request_redraw;
[2026-07-29T09:58:32Z DEBUG tracing::span] winit::Window::pre_present_notify;
[2026-07-29T09:58:32Z DEBUG tracing::span] winit::Window::request_redraw;
[2026-07-29T09:58:32Z DEBUG tracing::span] winit::Window::pre_present_notify;
[2026-07-29T09:58:32Z DEBUG tracing::span] winit::Window::request_redraw;
[2026-07-29T09:58:32Z DEBUG tracing::span] winit::Window::pre_present_notify;
[2026-07-29T09:58:32Z DEBUG tracing::span] winit::Window::request_redraw;
[2026-07-29T09:58:32Z DEBUG tracing::span] winit::Window::pre_present_notify;
[2026-07-29T09:58:32Z DEBUG tracing::span] winit::Window::request_redraw;
[2026-07-29T09:58:32Z DEBUG tracing::span] winit::Window::pre_present_notify;
[2026-07-29T09:58:32Z DEBUG tracing::span] winit::Window::request_redraw;
[2026-07-29T09:58:32Z DEBUG tracing::span] winit::Window::pre_present_notify;
[2026-07-29T09:58:32Z DEBUG tracing::span] winit::Window::request_redraw;
[2026-07-29T09:58:32Z DEBUG tracing::span] winit::Window::pre_present_notify;
[2026-07-29T09:58:32Z DEBUG tracing::span] winit::Window::request_redraw;
[2026-07-29T09:58:32Z DEBUG tracing::span] winit::Window::pre_present_notify;
[2026-07-29T09:58:32Z DEBUG tracing::span] winit::Window::request_redraw;
[2026-07-29T09:58:32Z DEBUG tracing::span] winit::Window::pre_present_notify;
[2026-07-29T09:58:32Z DEBUG tracing::span] winit::Window::request_redraw;
[2026-07-29T09:58:32Z DEBUG tracing::span] winit::Window::pre_present_notify;
[2026-07-29T09:58:32Z DEBUG tracing::span] winit::Window::request_redraw;
[2026-07-29T09:58:32Z DEBUG tracing::span] winit::Window::pre_present_notify;
[2026-07-29T09:58:32Z DEBUG tracing::span] winit::Window::request_redraw;
[2026-07-29T09:58:32Z DEBUG tracing::span] winit::Window::pre_present_notify;
[2026-07-29T09:58:32Z DEBUG tracing::span] winit::Window::request_redraw;
[2026-07-29T09:58:32Z DEBUG tracing::span] winit::Window::pre_present_notify;
[2026-07-29T09:58:32Z DEBUG tracing::span] winit::Window::request_redraw;
[2026-07-29T09:58:32Z DEBUG tracing::span] winit::Window::pre_present_notify;
[2026-07-29T09:58:32Z DEBUG tracing::span] winit::Window::request_redraw;
[2026-07-29T09:58:32Z DEBUG tracing::span] winit::Window::pre_present_notify;
[2026-07-29T09:58:32Z DEBUG tracing::span] winit::Window::request_redraw;
[2026-07-29T09:58:32Z DEBUG tracing::span] winit::Window::pre_present_notify;
[2026-07-29T09:58:32Z DEBUG tracing::span] winit::Window::request_redraw;
[2026-07-29T09:58:32Z DEBUG tracing::span] winit::Window::pre_present_notify;
[2026-07-29T09:58:32Z DEBUG tracing::span] winit::Window::request_redraw;
[2026-07-29T09:58:32Z DEBUG tracing::span] winit::Window::pre_present_notify;
[2026-07-29T09:58:32Z DEBUG tracing::span] winit::Window::request_redraw;
[2026-07-29T09:58:32Z DEBUG tracing::span] winit::Window::pre_present_notify;
[2026-07-29T09:58:32Z DEBUG tracing::span] winit::Window::request_redraw;
[2026-07-29T09:58:32Z DEBUG tracing::span] winit::Window::pre_present_notify;
[2026-07-29T09:58:32Z DEBUG tracing::span] winit::Window::request_redraw;
[2026-07-29T09:58:32Z DEBUG tracing::span] winit::Window::pre_present_notify;
[2026-07-29T09:58:32Z DEBUG tracing::span] winit::Window::request_redraw;
[2026-07-29T09:58:32Z DEBUG tracing::span] winit::EventLoopProxy::send_event;
[2026-07-29T09:58:32Z DEBUG winit::window] winit::Window::set_title; title="Slint Window"
[2026-07-29T09:58:32Z DEBUG winit::window] winit::Window::set_decorations; decorations=true
[2026-07-29T09:58:32Z DEBUG tracing::span] winit::Window::fullscreen;
[2026-07-29T09:58:32Z DEBUG tracing::span] winit::Window::pre_present_notify;
[2026-07-29T09:58:32Z DEBUG tracing::span] winit::Window::request_redraw;
[2026-07-29T09:58:32Z DEBUG tracing::span] winit::Window::pre_present_notify;
[2026-07-29T09:58:32Z DEBUG tracing::span] winit::Window::request_redraw;
[2026-07-29T09:58:32Z DEBUG tracing::span] winit::Window::pre_present_notify;
[2026-07-29T09:58:32Z DEBUG tracing::span] winit::Window::request_redraw;
[2026-07-29T09:58:32Z DEBUG tracing::span] winit::Window::pre_present_notify;
[2026-07-29T09:58:32Z DEBUG tracing::span] winit::Window::request_redraw;
[2026-07-29T09:58:32Z DEBUG tracing::span] winit::Window::pre_present_notify;
[2026-07-29T09:58:32Z DEBUG tracing::span] winit::Window::request_redraw;
[2026-07-29T09:58:32Z DEBUG tracing::span] winit::Window::pre_present_notify;
[2026-07-29T09:58:32Z DEBUG tracing::span] winit::Window::request_redraw;
[2026-07-29T09:58:32Z DEBUG tracing::span] winit::Window::pre_present_notify;
[2026-07-29T09:58:32Z DEBUG tracing::span] winit::Window::request_redraw;
[2026-07-29T09:58:32Z DEBUG tracing::span] winit::Window::pre_present_notify;
[2026-07-29T09:58:32Z DEBUG tracing::span] winit::Window::request_redraw;
[2026-07-29T09:58:32Z DEBUG tracing::span] winit::Window::pre_present_notify;
[2026-07-29T09:58:32Z DEBUG tracing::span] winit::Window::request_redraw;
[2026-07-29T09:58:32Z DEBUG tracing::span] winit::Window::pre_present_notify;
[2026-07-29T09:58:32Z DEBUG tracing::span] winit::Window::request_redraw;
[2026-07-29T09:58:32Z DEBUG tracing::span] winit::Window::pre_present_notify;
[2026-07-29T09:58:32Z DEBUG tracing::span] winit::Window::request_redraw;
[2026-07-29T09:58:32Z DEBUG tracing::span] winit::Window::pre_present_notify;
[2026-07-29T09:58:32Z DEBUG tracing::span] winit::Window::request_redraw;
[2026-07-29T09:58:32Z DEBUG tracing::span] winit::EventLoopProxy::send_event;
[2026-07-29T09:58:32Z DEBUG tracing::span] winit::EventLoopProxy::send_event;
[2026-07-29T09:58:32Z DEBUG winit::window] winit::Window::set_title; title="Slint Window"
[2026-07-29T09:58:32Z DEBUG winit::window] winit::Window::set_decorations; decorations=true
[2026-07-29T09:58:32Z DEBUG tracing::span] winit::Window::fullscreen;
[2026-07-29T09:58:32Z DEBUG tracing::span] winit::Window::pre_present_notify;
[2026-07-29T09:58:32Z DEBUG tracing::span] winit::Window::request_redraw;
[2026-07-29T09:58:32Z DEBUG tracing::span] winit::Window::pre_present_notify;
[2026-07-29T09:58:32Z DEBUG tracing::span] winit::Window::request_redraw;
[2026-07-29T09:58:32Z DEBUG tracing::span] winit::EventLoopProxy::send_event;
[2026-07-29T09:58:32Z DEBUG winit::window] winit::Window::set_title; title="Slint Window"
[2026-07-29T09:58:32Z DEBUG winit::window] winit::Window::set_decorations; decorations=true
[2026-07-29T09:58:32Z DEBUG tracing::span] winit::Window::fullscreen;
[2026-07-29T09:58:32Z DEBUG tracing::span] winit::Window::pre_present_notify;
[2026-07-29T09:58:32Z DEBUG tracing::span] winit::Window::request_redraw;
[2026-07-29T09:58:32Z DEBUG tracing::span] winit::Window::pre_present_notify;
[2026-07-29T09:58:32Z DEBUG tracing::span] winit::Window::request_redraw;
[2026-07-29T09:58:32Z DEBUG tracing::span] winit::Window::pre_present_notify;
[2026-07-29T09:58:32Z DEBUG tracing::span] winit::Window::request_redraw;
[2026-07-29T09:58:32Z DEBUG tracing::span] winit::Window::pre_present_notify;
[2026-07-29T09:58:32Z DEBUG tracing::span] winit::Window::request_redraw;
[2026-07-29T09:58:32Z DEBUG tracing::span] winit::Window::pre_present_notify;
[2026-07-29T09:58:32Z DEBUG tracing::span] winit::Window::request_redraw;
[2026-07-29T09:58:32Z DEBUG tracing::span] winit::Window::pre_present_notify;
[2026-07-29T09:58:32Z DEBUG tracing::span] winit::Window::request_redraw;
[2026-07-29T09:58:32Z DEBUG tracing::span] winit::Window::pre_present_notify;
[2026-07-29T09:58:32Z DEBUG tracing::span] winit::Window::request_redraw;
[2026-07-29T09:58:33Z DEBUG tracing::span] winit::Window::pre_present_notify;
[2026-07-29T09:58:33Z DEBUG tracing::span] winit::Window::request_redraw;
[2026-07-29T09:58:33Z DEBUG tracing::span] winit::EventLoopProxy::send_event;
[2026-07-29T09:58:33Z DEBUG tracing::span] winit::EventLoopProxy::send_event;
[2026-07-29T09:58:33Z DEBUG winit::window] winit::Window::set_title; title="Slint Window"
[2026-07-29T09:58:33Z DEBUG winit::window] winit::Window::set_decorations; decorations=true
[2026-07-29T09:58:33Z DEBUG tracing::span] winit::Window::fullscreen;
[2026-07-29T09:58:33Z DEBUG tracing::span] winit::Window::pre_present_notify;
[2026-07-29T09:58:33Z DEBUG tracing::span] winit::Window::request_redraw;
[2026-07-29T09:58:33Z DEBUG tracing::span] winit::Window::pre_present_notify;
[2026-07-29T09:58:33Z DEBUG tracing::span] winit::Window::request_redraw;
[2026-07-29T09:58:33Z DEBUG tracing::span] winit::Window::pre_present_notify;
[2026-07-29T09:58:33Z DEBUG tracing::span] winit::Window::request_redraw;
[2026-07-29T09:58:33Z DEBUG tracing::span] winit::Window::pre_present_notify;
[2026-07-29T09:58:33Z DEBUG tracing::span] winit::Window::request_redraw;
[2026-07-29T09:58:33Z DEBUG tracing::span] winit::Window::pre_present_notify;
[2026-07-29T09:58:33Z DEBUG tracing::span] winit::Window::request_redraw;
[2026-07-29T09:58:33Z DEBUG tracing::span] winit::Window::pre_present_notify;
[2026-07-29T09:58:33Z DEBUG tracing::span] winit::Window::request_redraw;
[2026-07-29T09:58:33Z DEBUG tracing::span] winit::Window::pre_present_notify;
[2026-07-29T09:58:33Z DEBUG tracing::span] winit::Window::request_redraw;
[2026-07-29T09:58:33Z DEBUG tracing::span] winit::Window::pre_present_notify;
[2026-07-29T09:58:33Z DEBUG tracing::span] winit::Window::request_redraw;
[2026-07-29T09:58:33Z DEBUG tracing::span] winit::Window::pre_present_notify;
[2026-07-29T09:58:33Z DEBUG tracing::span] winit::Window::request_redraw;
[2026-07-29T09:58:33Z DEBUG tracing::span] winit::Window::pre_present_notify;
[2026-07-29T09:58:33Z DEBUG tracing::span] winit::Window::request_redraw;
[2026-07-29T09:58:33Z DEBUG tracing::span] winit::Window::pre_present_notify;
[2026-07-29T09:58:33Z DEBUG tracing::span] winit::Window::request_redraw;
[2026-07-29T09:58:33Z DEBUG tracing::span] winit::Window::pre_present_notify;
[2026-07-29T09:58:33Z DEBUG tracing::span] winit::Window::request_redraw;
[2026-07-29T09:58:33Z DEBUG tracing::span] winit::EventLoopProxy::send_event;
[2026-07-29T09:58:33Z DEBUG tracing::span] winit::EventLoopProxy::send_event;
[2026-07-29T09:58:33Z DEBUG winit::window] winit::Window::set_title; title="Slint Window"
[2026-07-29T09:58:33Z DEBUG winit::window] winit::Window::set_decorations; decorations=true
[2026-07-29T09:58:33Z DEBUG tracing::span] winit::Window::fullscreen;
[2026-07-29T09:58:33Z DEBUG tracing::span] winit::Window::pre_present_notify;
[2026-07-29T09:58:33Z DEBUG tracing::span] winit::Window::request_redraw;
[2026-07-29T09:58:33Z DEBUG tracing::span] winit::EventLoopProxy::send_event;
[2026-07-29T09:58:33Z DEBUG winit::window] winit::Window::set_title; title="Slint Window"
[2026-07-29T09:58:33Z DEBUG winit::window] winit::Window::set_decorations; decorations=true
[2026-07-29T09:58:33Z DEBUG tracing::span] winit::Window::fullscreen;
[2026-07-29T09:58:33Z DEBUG tracing::span] winit::Window::pre_present_notify;
[2026-07-29T09:58:33Z DEBUG tracing::span] winit::Window::request_redraw;
[2026-07-29T09:58:33Z DEBUG tracing::span] winit::Window::pre_present_notify;
[2026-07-29T09:58:33Z DEBUG tracing::span] winit::Window::request_redraw;
[2026-07-29T09:58:33Z DEBUG tracing::span] winit::Window::pre_present_notify;
[2026-07-29T09:58:33Z DEBUG tracing::span] winit::Window::request_redraw;
[2026-07-29T09:58:33Z DEBUG tracing::span] winit::Window::pre_present_notify;
[2026-07-29T09:58:33Z DEBUG tracing::span] winit::Window::request_redraw;
[2026-07-29T09:58:33Z DEBUG tracing::span] winit::Window::pre_present_notify;
[2026-07-29T09:58:33Z DEBUG tracing::span] winit::Window::request_redraw;
[2026-07-29T09:58:33Z DEBUG tracing::span] winit::Window::pre_present_notify;
[2026-07-29T09:58:33Z DEBUG tracing::span] winit::Window::request_redraw;
[2026-07-29T09:58:33Z DEBUG tracing::span] winit::Window::pre_present_notify;
[2026-07-29T09:58:33Z DEBUG tracing::span] winit::Window::request_redraw;
[2026-07-29T09:58:33Z DEBUG tracing::span] winit::Window::pre_present_notify;
[2026-07-29T09:58:33Z DEBUG tracing::span] winit::Window::request_redraw;
[2026-07-29T09:58:33Z DEBUG tracing::span] winit::Window::pre_present_notify;
[2026-07-29T09:58:33Z DEBUG tracing::span] winit::Window::request_redraw;
[2026-07-29T09:58:33Z DEBUG tracing::span] winit::Window::pre_present_notify;
[2026-07-29T09:58:33Z DEBUG tracing::span] winit::Window::request_redraw;
[2026-07-29T09:58:33Z DEBUG tracing::span] winit::Window::pre_present_notify;
[2026-07-29T09:58:33Z DEBUG tracing::span] winit::Window::request_redraw;
[2026-07-29T09:58:33Z DEBUG tracing::span] winit::Window::pre_present_notify;
[2026-07-29T09:58:33Z DEBUG tracing::span] winit::Window::request_redraw;
[2026-07-29T09:58:33Z DEBUG tracing::span] winit::Window::pre_present_notify;
[2026-07-29T09:58:33Z DEBUG tracing::span] winit::Window::request_redraw;
[2026-07-29T09:58:33Z DEBUG tracing::span] winit::Window::pre_present_notify;
[2026-07-29T09:58:33Z DEBUG tracing::span] winit::Window::request_redraw;
[2026-07-29T09:58:33Z DEBUG tracing::span] winit::Window::pre_present_notify;
[2026-07-29T09:58:33Z DEBUG tracing::span] winit::Window::request_redraw;
[2026-07-29T09:58:33Z DEBUG tracing::span] winit::Window::pre_present_notify;
[2026-07-29T09:58:33Z DEBUG tracing::span] winit::Window::request_redraw;
[2026-07-29T09:58:33Z DEBUG tracing::span] winit::Window::pre_present_notify;
[2026-07-29T09:58:33Z DEBUG tracing::span] winit::Window::request_redraw;
[2026-07-29T09:58:33Z DEBUG tracing::span] winit::EventLoopProxy::send_event;
[2026-07-29T09:58:33Z DEBUG tracing::span] winit::EventLoopProxy::send_event;
[2026-07-29T09:58:33Z DEBUG winit::window] winit::Window::set_title; title="Slint Window"
[2026-07-29T09:58:33Z DEBUG winit::window] winit::Window::set_decorations; decorations=true
[2026-07-29T09:58:33Z DEBUG tracing::span] winit::Window::fullscreen;
[2026-07-29T09:58:33Z DEBUG tracing::span] winit::Window::pre_present_notify;
[2026-07-29T09:58:33Z DEBUG tracing::span] winit::Window::request_redraw;
[2026-07-29T09:58:33Z DEBUG tracing::span] winit::Window::pre_present_notify;
[2026-07-29T09:58:33Z DEBUG tracing::span] winit::Window::request_redraw;
[2026-07-29T09:58:33Z DEBUG tracing::span] winit::Window::pre_present_notify;
[2026-07-29T09:58:33Z DEBUG tracing::span] winit::Window::request_redraw;
[2026-07-29T09:58:33Z DEBUG tracing::span] winit::Window::pre_present_notify;
[2026-07-29T09:58:33Z DEBUG tracing::span] winit::Window::request_redraw;
[2026-07-29T09:58:33Z DEBUG tracing::span] winit::Window::pre_present_notify;
[2026-07-29T09:58:33Z DEBUG tracing::span] winit::Window::request_redraw;
[2026-07-29T09:58:33Z DEBUG tracing::span] winit::Window::pre_present_notify;
[2026-07-29T09:58:33Z DEBUG tracing::span] winit::Window::request_redraw;
[2026-07-29T09:58:33Z DEBUG tracing::span] winit::Window::pre_present_notify;
[2026-07-29T09:58:33Z DEBUG tracing::span] winit::Window::request_redraw;
[2026-07-29T09:58:33Z DEBUG tracing::span] winit::Window::pre_present_notify;
[2026-07-29T09:58:33Z DEBUG tracing::span] winit::Window::request_redraw;
[2026-07-29T09:58:33Z DEBUG tracing::span] winit::Window::pre_present_notify;
[2026-07-29T09:58:33Z DEBUG tracing::span] winit::Window::request_redraw;
[2026-07-29T09:58:33Z DEBUG tracing::span] winit::Window::pre_present_notify;
[2026-07-29T09:58:33Z DEBUG tracing::span] winit::Window::request_redraw;
[2026-07-29T09:58:33Z DEBUG tracing::span] winit::Window::pre_present_notify;
[2026-07-29T09:58:33Z DEBUG tracing::span] winit::Window::request_redraw;
[2026-07-29T09:58:33Z DEBUG tracing::span] winit::Window::pre_present_notify;
[2026-07-29T09:58:33Z DEBUG tracing::span] winit::Window::request_redraw;
[2026-07-29T09:58:33Z DEBUG tracing::span] winit::Window::pre_present_notify;
[2026-07-29T09:58:33Z DEBUG tracing::span] winit::Window::request_redraw;
[2026-07-29T09:58:33Z DEBUG tracing::span] winit::Window::pre_present_notify;
[2026-07-29T09:58:33Z DEBUG tracing::span] winit::Window::request_redraw;
[2026-07-29T09:58:33Z DEBUG tracing::span] winit::Window::pre_present_notify;
[2026-07-29T09:58:33Z DEBUG tracing::span] winit::Window::request_redraw;
[2026-07-29T09:58:33Z DEBUG tracing::span] winit::Window::pre_present_notify;
[2026-07-29T09:58:33Z DEBUG tracing::span] winit::Window::request_redraw;
[2026-07-29T09:58:33Z DEBUG tracing::span] winit::Window::pre_present_notify;
[2026-07-29T09:58:33Z DEBUG tracing::span] winit::Window::request_redraw;
[2026-07-29T09:58:33Z DEBUG tracing::span] winit::Window::pre_present_notify;
[2026-07-29T09:58:33Z DEBUG tracing::span] winit::Window::request_redraw;
[2026-07-29T09:58:33Z DEBUG tracing::span] winit::Window::pre_present_notify;
[2026-07-29T09:58:33Z DEBUG tracing::span] winit::Window::request_redraw;
[2026-07-29T09:58:33Z DEBUG tracing::span] winit::Window::pre_present_notify;
[2026-07-29T09:58:33Z DEBUG tracing::span] winit::Window::request_redraw;
[2026-07-29T09:58:33Z DEBUG tracing::span] winit::Window::pre_present_notify;
[2026-07-29T09:58:33Z DEBUG tracing::span] winit::Window::request_redraw;
[2026-07-29T09:58:33Z DEBUG tracing::span] winit::Window::pre_present_notify;
[2026-07-29T09:58:33Z DEBUG tracing::span] winit::Window::request_redraw;
[2026-07-29T09:58:33Z DEBUG tracing::span] winit::Window::pre_present_notify;
[2026-07-29T09:58:33Z DEBUG tracing::span] winit::Window::request_redraw;
[2026-07-29T09:58:33Z DEBUG tracing::span] winit::Window::pre_present_notify;
[2026-07-29T09:58:33Z DEBUG tracing::span] winit::Window::request_redraw;
[2026-07-29T09:58:33Z DEBUG tracing::span] winit::Window::pre_present_notify;
[2026-07-29T09:58:33Z DEBUG tracing::span] winit::Window::request_redraw;
[2026-07-29T09:58:33Z DEBUG tracing::span] winit::Window::pre_present_notify;
[2026-07-29T09:58:33Z DEBUG tracing::span] winit::Window::request_redraw;
[2026-07-29T09:58:33Z DEBUG tracing::span] winit::Window::pre_present_notify;
[2026-07-29T09:58:33Z DEBUG tracing::span] winit::Window::request_redraw;
[2026-07-29T09:58:33Z DEBUG tracing::span] winit::Window::pre_present_notify;
[2026-07-29T09:58:33Z DEBUG tracing::span] winit::Window::request_redraw;
[2026-07-29T09:58:33Z DEBUG tracing::span] winit::Window::pre_present_notify;
[2026-07-29T09:58:33Z DEBUG tracing::span] winit::Window::request_redraw;
[2026-07-29T09:58:34Z DEBUG tracing::span] winit::Window::pre_present_notify;
[2026-07-29T09:58:34Z DEBUG tracing::span] winit::Window::request_redraw;
[2026-07-29T09:58:34Z DEBUG winit::window] winit::Window::set_title; title="Slint Window"
[2026-07-29T09:58:34Z DEBUG winit::window] winit::Window::set_decorations; decorations=true
[2026-07-29T09:58:34Z DEBUG tracing::span] winit::Window::fullscreen;
[2026-07-29T09:58:34Z DEBUG winit::window] winit::Window::set_resizable; resizable=true
[2026-07-29T09:58:34Z DEBUG winit::window] winit::Window::set_min_inner_size; min_size=Some(Physical(PhysicalSize { width: 1255, height: 826 }))
[2026-07-29T09:58:34Z DEBUG winit::window] winit::Window::max_size; max_size=Some(Physical(PhysicalSize { width: 101079, height: 16777215 }))
[2026-07-29T09:58:34Z DEBUG tracing::span] winit::Window::pre_present_notify;
[2026-07-29T09:58:34Z DEBUG tracing::span] winit::Window::request_redraw;
[2026-07-29T09:58:34Z DEBUG tracing::span] winit::Window::pre_present_notify;
[2026-07-29T09:58:34Z DEBUG tracing::span] winit::Window::request_redraw;
[2026-07-29T09:58:34Z DEBUG tracing::span] winit::Window::pre_present_notify;
[2026-07-29T09:58:34Z DEBUG tracing::span] winit::Window::request_redraw;
[2026-07-29T09:58:34Z DEBUG tracing::span] winit::Window::pre_present_notify;
[2026-07-29T09:58:34Z DEBUG tracing::span] winit::Window::request_redraw;
[2026-07-29T09:58:34Z DEBUG tracing::span] winit::Window::pre_present_notify;
[2026-07-29T09:58:34Z DEBUG tracing::span] winit::Window::request_redraw;
[2026-07-29T09:58:34Z DEBUG tracing::span] winit::Window::pre_present_notify;
[2026-07-29T09:58:34Z DEBUG tracing::span] winit::Window::request_redraw;
[2026-07-29T09:58:34Z DEBUG tracing::span] winit::Window::pre_present_notify;
[2026-07-29T09:58:34Z DEBUG tracing::span] winit::Window::request_redraw;
[2026-07-29T09:58:34Z DEBUG tracing::span] winit::Window::pre_present_notify;
[2026-07-29T09:58:34Z DEBUG tracing::span] winit::Window::request_redraw;
[2026-07-29T09:58:34Z DEBUG tracing::span] winit::Window::pre_present_notify;
[2026-07-29T09:58:34Z DEBUG tracing::span] winit::Window::request_redraw;
[2026-07-29T09:58:34Z DEBUG tracing::span] winit::Window::pre_present_notify;
[2026-07-29T09:58:34Z DEBUG tracing::span] winit::Window::request_redraw;
[2026-07-29T09:58:34Z DEBUG tracing::span] winit::Window::pre_present_notify;
[2026-07-29T09:58:34Z DEBUG tracing::span] winit::Window::request_redraw;
[2026-07-29T09:58:34Z DEBUG tracing::span] winit::EventLoopProxy::send_event;
[2026-07-29T09:58:34Z DEBUG winit::window] winit::Window::set_title; title="Slint Window"
[2026-07-29T09:58:34Z DEBUG winit::window] winit::Window::set_decorations; decorations=true
[2026-07-29T09:58:34Z DEBUG tracing::span] winit::Window::fullscreen;
[2026-07-29T09:58:34Z DEBUG winit::window] winit::Window::set_resizable; resizable=true
[2026-07-29T09:58:34Z DEBUG winit::window] winit::Window::set_min_inner_size; min_size=Some(Physical(PhysicalSize { width: 1255, height: 826 }))
[2026-07-29T09:58:34Z DEBUG winit::window] winit::Window::max_size; max_size=Some(Physical(PhysicalSize { width: 101079, height: 16777215 }))
[2026-07-29T09:58:34Z DEBUG winit::window] winit::Window::set_title; title="Slint Window"
[2026-07-29T09:58:34Z DEBUG winit::window] winit::Window::set_decorations; decorations=true
[2026-07-29T09:58:34Z DEBUG tracing::span] winit::Window::fullscreen;
[2026-07-29T09:58:34Z DEBUG tracing::span] winit::Window::pre_present_notify;
[2026-07-29T09:58:34Z DEBUG tracing::span] winit::Window::request_redraw;
[2026-07-29T09:58:34Z DEBUG tracing::span] winit::Window::pre_present_notify;
[2026-07-29T09:58:34Z DEBUG tracing::span] winit::Window::request_redraw;
[2026-07-29T09:58:34Z DEBUG tracing::span] winit::Window::pre_present_notify;
[2026-07-29T09:58:34Z DEBUG tracing::span] winit::Window::request_redraw;
[2026-07-29T09:58:34Z DEBUG tracing::span] winit::Window::pre_present_notify;
[2026-07-29T09:58:34Z DEBUG tracing::span] winit::Window::request_redraw;
[2026-07-29T09:58:34Z DEBUG tracing::span] winit::Window::pre_present_notify;
[2026-07-29T09:58:34Z DEBUG tracing::span] winit::Window::request_redraw;
[2026-07-29T09:58:34Z DEBUG tracing::span] winit::Window::pre_present_notify;
[2026-07-29T09:58:34Z DEBUG tracing::span] winit::Window::request_redraw;
[2026-07-29T09:58:34Z DEBUG tracing::span] winit::Window::pre_present_notify;
[2026-07-29T09:58:34Z DEBUG tracing::span] winit::Window::request_redraw;
[2026-07-29T09:58:34Z DEBUG tracing::span] winit::Window::pre_present_notify;
[2026-07-29T09:58:34Z DEBUG tracing::span] winit::Window::request_redraw;
[2026-07-29T09:58:34Z DEBUG tracing::span] winit::Window::pre_present_notify;
[2026-07-29T09:58:34Z DEBUG tracing::span] winit::Window::request_redraw;
[2026-07-29T09:58:34Z DEBUG tracing::span] winit::Window::pre_present_notify;
[2026-07-29T09:58:34Z DEBUG tracing::span] winit::Window::request_redraw;
[2026-07-29T09:58:34Z DEBUG tracing::span] winit::Window::pre_present_notify;
[2026-07-29T09:58:34Z DEBUG tracing::span] winit::Window::request_redraw;
[2026-07-29T09:58:34Z DEBUG tracing::span] winit::Window::pre_present_notify;
[2026-07-29T09:58:34Z DEBUG tracing::span] winit::Window::request_redraw;
[2026-07-29T09:58:34Z DEBUG tracing::span] winit::Window::pre_present_notify;
[2026-07-29T09:58:34Z DEBUG tracing::span] winit::Window::request_redraw;
[2026-07-29T09:58:34Z DEBUG tracing::span] winit::Window::pre_present_notify;
[2026-07-29T09:58:34Z DEBUG tracing::span] winit::Window::request_redraw;
[2026-07-29T09:58:34Z DEBUG tracing::span] winit::Window::pre_present_notify;
[2026-07-29T09:58:34Z DEBUG tracing::span] winit::Window::request_redraw;
[2026-07-29T09:58:34Z DEBUG tracing::span] winit::Window::pre_present_notify;
[2026-07-29T09:58:34Z DEBUG tracing::span] winit::Window::request_redraw;
[2026-07-29T09:58:34Z DEBUG tracing::span] winit::Window::pre_present_notify;
[2026-07-29T09:58:34Z DEBUG tracing::span] winit::Window::request_redraw;
[2026-07-29T09:58:34Z DEBUG tracing::span] winit::Window::pre_present_notify;
[2026-07-29T09:58:34Z DEBUG tracing::span] winit::Window::request_redraw;
[2026-07-29T09:58:34Z DEBUG tracing::span] winit::Window::pre_present_notify;
[2026-07-29T09:58:34Z DEBUG tracing::span] winit::Window::request_redraw;
[2026-07-29T09:58:34Z DEBUG tracing::span] winit::Window::pre_present_notify;
[2026-07-29T09:58:34Z DEBUG tracing::span] winit::Window::request_redraw;
[2026-07-29T09:58:34Z DEBUG tracing::span] winit::Window::pre_present_notify;
[2026-07-29T09:58:34Z DEBUG tracing::span] winit::Window::request_redraw;
[2026-07-29T09:58:34Z DEBUG tracing::span] winit::Window::pre_present_notify;
[2026-07-29T09:58:34Z DEBUG tracing::span] winit::Window::request_redraw;
[2026-07-29T09:58:34Z DEBUG tracing::span] winit::Window::pre_present_notify;
[2026-07-29T09:58:34Z DEBUG tracing::span] winit::Window::request_redraw;
[2026-07-29T09:58:34Z DEBUG tracing::span] winit::Window::pre_present_notify;
[2026-07-29T09:58:34Z DEBUG tracing::span] winit::Window::request_redraw;
[2026-07-29T09:58:34Z DEBUG tracing::span] winit::Window::pre_present_notify;
[2026-07-29T09:58:34Z DEBUG tracing::span] winit::Window::request_redraw;
[2026-07-29T09:58:34Z DEBUG tracing::span] winit::Window::pre_present_notify;
[2026-07-29T09:58:34Z DEBUG tracing::span] winit::Window::request_redraw;
[2026-07-29T09:58:34Z DEBUG tracing::span] winit::Window::pre_present_notify;
[2026-07-29T09:58:34Z DEBUG tracing::span] winit::Window::request_redraw;
[2026-07-29T09:58:34Z DEBUG tracing::span] winit::Window::pre_present_notify;
[2026-07-29T09:58:34Z DEBUG tracing::span] winit::Window::request_redraw;
[2026-07-29T09:58:34Z DEBUG tracing::span] winit::Window::pre_present_notify;
[2026-07-29T09:58:34Z DEBUG tracing::span] winit::Window::request_redraw;
[2026-07-29T09:58:34Z DEBUG tracing::span] winit::Window::pre_present_notify;
[2026-07-29T09:58:34Z DEBUG tracing::span] winit::Window::request_redraw;
[2026-07-29T09:58:34Z DEBUG tracing::span] winit::Window::pre_present_notify;
[2026-07-29T09:58:34Z DEBUG tracing::span] winit::Window::request_redraw;
[2026-07-29T09:58:34Z DEBUG tracing::span] winit::Window::pre_present_notify;
[2026-07-29T09:58:34Z DEBUG tracing::span] winit::Window::request_redraw;
[2026-07-29T09:58:34Z DEBUG tracing::span] winit::Window::pre_present_notify;
[2026-07-29T09:58:34Z DEBUG tracing::span] winit::Window::request_redraw;
[2026-07-29T09:58:34Z DEBUG tracing::span] winit::Window::pre_present_notify;
[2026-07-29T09:58:34Z DEBUG tracing::span] winit::Window::request_redraw;
[2026-07-29T09:58:34Z DEBUG tracing::span] winit::Window::pre_present_notify;
[2026-07-29T09:58:34Z DEBUG tracing::span] winit::Window::request_redraw;
[2026-07-29T09:58:34Z DEBUG tracing::span] winit::Window::pre_present_notify;
[2026-07-29T09:58:34Z DEBUG tracing::span] winit::Window::request_redraw;
[2026-07-29T09:58:34Z DEBUG tracing::span] winit::Window::pre_present_notify;
[2026-07-29T09:58:34Z DEBUG tracing::span] winit::Window::request_redraw;
[2026-07-29T09:58:34Z DEBUG tracing::span] winit::Window::pre_present_notify;
[2026-07-29T09:58:34Z DEBUG tracing::span] winit::Window::request_redraw;
[2026-07-29T09:58:34Z DEBUG tracing::span] winit::Window::pre_present_notify;
[2026-07-29T09:58:34Z DEBUG tracing::span] winit::Window::request_redraw;
[2026-07-29T09:58:34Z DEBUG tracing::span] winit::Window::pre_present_notify;
[2026-07-29T09:58:34Z DEBUG tracing::span] winit::Window::request_redraw;
[2026-07-29T09:58:34Z DEBUG tracing::span] winit::Window::pre_present_notify;
[2026-07-29T09:58:34Z DEBUG tracing::span] winit::Window::request_redraw;
[2026-07-29T09:58:34Z DEBUG tracing::span] winit::Window::pre_present_notify;
[2026-07-29T09:58:34Z DEBUG tracing::span] winit::Window::request_redraw;
[2026-07-29T09:58:34Z DEBUG tracing::span] winit::Window::pre_present_notify;
[2026-07-29T09:58:34Z DEBUG tracing::span] winit::Window::request_redraw;
[2026-07-29T09:58:34Z DEBUG tracing::span] winit::Window::pre_present_notify;
[2026-07-29T09:58:34Z DEBUG tracing::span] winit::Window::request_redraw;
[2026-07-29T09:58:34Z DEBUG tracing::span] winit::Window::pre_present_notify;
[2026-07-29T09:58:34Z DEBUG tracing::span] winit::Window::request_redraw;
[2026-07-29T09:58:34Z DEBUG tracing::span] winit::Window::pre_present_notify;
[2026-07-29T09:58:34Z DEBUG tracing::span] winit::Window::request_redraw;
[2026-07-29T09:58:34Z DEBUG tracing::span] winit::Window::pre_present_notify;
[2026-07-29T09:58:34Z DEBUG tracing::span] winit::Window::request_redraw;
[2026-07-29T09:58:34Z DEBUG tracing::span] winit::Window::pre_present_notify;
[2026-07-29T09:58:34Z DEBUG tracing::span] winit::Window::request_redraw;
[2026-07-29T09:58:35Z DEBUG tracing::span] winit::Window::pre_present_notify;
[2026-07-29T09:58:35Z DEBUG tracing::span] winit::Window::request_redraw;
[2026-07-29T09:58:35Z DEBUG tracing::span] winit::Window::pre_present_notify;
[2026-07-29T09:58:35Z DEBUG tracing::span] winit::Window::request_redraw;
[2026-07-29T09:58:35Z DEBUG tracing::span] winit::Window::pre_present_notify;
[2026-07-29T09:58:35Z DEBUG tracing::span] winit::Window::request_redraw;
[2026-07-29T09:58:35Z DEBUG tracing::span] winit::Window::pre_present_notify;
[2026-07-29T09:58:35Z DEBUG tracing::span] winit::Window::request_redraw;
[2026-07-29T09:58:35Z DEBUG tracing::span] winit::Window::pre_present_notify;
[2026-07-29T09:58:35Z DEBUG tracing::span] winit::Window::request_redraw;
[2026-07-29T09:58:35Z DEBUG tracing::span] winit::Window::pre_present_notify;
[2026-07-29T09:58:35Z DEBUG tracing::span] winit::Window::request_redraw;
[2026-07-29T09:58:35Z DEBUG tracing::span] winit::Window::pre_present_notify;
[2026-07-29T09:58:35Z DEBUG tracing::span] winit::Window::request_redraw;
[2026-07-29T09:58:35Z DEBUG tracing::span] winit::Window::pre_present_notify;
[2026-07-29T09:58:35Z DEBUG tracing::span] winit::Window::request_redraw;
[2026-07-29T09:58:35Z DEBUG tracing::span] winit::Window::pre_present_notify;
[2026-07-29T09:58:35Z DEBUG tracing::span] winit::Window::request_redraw;
[2026-07-29T09:58:35Z DEBUG tracing::span] winit::Window::pre_present_notify;
[2026-07-29T09:58:35Z DEBUG tracing::span] winit::Window::request_redraw;
[2026-07-29T09:58:35Z DEBUG tracing::span] winit::Window::pre_present_notify;
[2026-07-29T09:58:35Z DEBUG tracing::span] winit::Window::request_redraw;
[2026-07-29T09:58:35Z DEBUG tracing::span] winit::Window::pre_present_notify;
[2026-07-29T09:58:35Z DEBUG tracing::span] winit::Window::request_redraw;
[2026-07-29T09:58:35Z DEBUG tracing::span] winit::Window::pre_present_notify;
[2026-07-29T09:58:35Z DEBUG tracing::span] winit::Window::request_redraw;
[2026-07-29T09:58:35Z DEBUG tracing::span] winit::Window::pre_present_notify;
[2026-07-29T09:58:35Z DEBUG tracing::span] winit::Window::request_redraw;
[2026-07-29T09:58:35Z DEBUG tracing::span] winit::Window::pre_present_notify;
[2026-07-29T09:58:35Z DEBUG tracing::span] winit::Window::request_redraw;
[2026-07-29T09:58:35Z DEBUG tracing::span] winit::Window::pre_present_notify;
[2026-07-29T09:58:35Z DEBUG tracing::span] winit::Window::request_redraw;
[2026-07-29T09:58:35Z DEBUG tracing::span] winit::Window::pre_present_notify;
[2026-07-29T09:58:35Z DEBUG tracing::span] winit::Window::request_redraw;
[2026-07-29T09:58:35Z DEBUG tracing::span] winit::Window::pre_present_notify;
[2026-07-29T09:58:35Z DEBUG tracing::span] winit::Window::request_redraw;
[2026-07-29T09:58:35Z DEBUG tracing::span] winit::Window::pre_present_notify;
[2026-07-29T09:58:35Z DEBUG tracing::span] winit::Window::request_redraw;
[2026-07-29T09:58:35Z DEBUG tracing::span] winit::Window::pre_present_notify;
[2026-07-29T09:58:35Z DEBUG tracing::span] winit::Window::request_redraw;
[2026-07-29T09:58:35Z DEBUG tracing::span] winit::Window::pre_present_notify;
[2026-07-29T09:58:35Z DEBUG tracing::span] winit::Window::request_redraw;
[2026-07-29T09:58:35Z DEBUG tracing::span] winit::Window::pre_present_notify;
[2026-07-29T09:58:35Z DEBUG tracing::span] winit::Window::request_redraw;
[2026-07-29T09:58:35Z DEBUG tracing::span] winit::Window::pre_present_notify;
[2026-07-29T09:58:35Z DEBUG tracing::span] winit::Window::request_redraw;
[2026-07-29T09:58:35Z DEBUG tracing::span] winit::Window::pre_present_notify;
[2026-07-29T09:58:35Z DEBUG tracing::span] winit::Window::request_redraw;
[2026-07-29T09:58:35Z DEBUG tracing::span] winit::Window::pre_present_notify;
[2026-07-29T09:58:35Z DEBUG tracing::span] winit::Window::request_redraw;
[2026-07-29T09:58:35Z DEBUG tracing::span] winit::Window::pre_present_notify;
[2026-07-29T09:58:35Z DEBUG tracing::span] winit::Window::request_redraw;
[2026-07-29T09:58:35Z DEBUG tracing::span] winit::Window::pre_present_notify;
[2026-07-29T09:58:35Z DEBUG tracing::span] winit::Window::request_redraw;
[2026-07-29T09:58:35Z DEBUG tracing::span] winit::Window::pre_present_notify;
[2026-07-29T09:58:35Z DEBUG tracing::span] winit::Window::request_redraw;
[2026-07-29T09:58:35Z DEBUG tracing::span] winit::Window::pre_present_notify;
[2026-07-29T09:58:35Z DEBUG tracing::span] winit::Window::request_redraw;
[2026-07-29T09:58:35Z DEBUG tracing::span] winit::Window::pre_present_notify;
[2026-07-29T09:58:35Z DEBUG tracing::span] winit::Window::request_redraw;
[2026-07-29T09:58:35Z DEBUG tracing::span] winit::Window::pre_present_notify;
[2026-07-29T09:58:35Z DEBUG tracing::span] winit::Window::request_redraw;
[2026-07-29T09:58:35Z DEBUG tracing::span] winit::Window::pre_present_notify;
[2026-07-29T09:58:35Z DEBUG tracing::span] winit::Window::request_redraw;
[2026-07-29T09:58:35Z DEBUG tracing::span] winit::Window::pre_present_notify;
[2026-07-29T09:58:35Z DEBUG tracing::span] winit::Window::request_redraw;
[2026-07-29T09:58:35Z DEBUG tracing::span] winit::Window::pre_present_notify;
[2026-07-29T09:58:35Z DEBUG tracing::span] winit::Window::request_redraw;
[2026-07-29T09:58:35Z DEBUG tracing::span] winit::Window::pre_present_notify;
[2026-07-29T09:58:35Z DEBUG tracing::span] winit::Window::request_redraw;
[2026-07-29T09:58:35Z DEBUG tracing::span] winit::Window::pre_present_notify;
[2026-07-29T09:58:35Z DEBUG tracing::span] winit::Window::request_redraw;
[2026-07-29T09:58:35Z DEBUG tracing::span] winit::Window::pre_present_notify;
[2026-07-29T09:58:35Z DEBUG tracing::span] winit::Window::request_redraw;
[2026-07-29T09:58:35Z DEBUG tracing::span] winit::Window::pre_present_notify;
[2026-07-29T09:58:35Z DEBUG tracing::span] winit::Window::request_redraw;
[2026-07-29T09:58:35Z DEBUG tracing::span] winit::Window::pre_present_notify;
[2026-07-29T09:58:35Z DEBUG tracing::span] winit::Window::request_redraw;
[2026-07-29T09:58:35Z DEBUG tracing::span] winit::Window::pre_present_notify;
[2026-07-29T09:58:35Z DEBUG tracing::span] winit::Window::request_redraw;
[2026-07-29T09:58:35Z DEBUG tracing::span] winit::Window::pre_present_notify;
[2026-07-29T09:58:35Z DEBUG tracing::span] winit::Window::request_redraw;
[2026-07-29T09:58:35Z DEBUG tracing::span] winit::Window::pre_present_notify;
[2026-07-29T09:58:35Z DEBUG tracing::span] winit::Window::request_redraw;
[2026-07-29T09:58:35Z DEBUG tracing::span] winit::Window::pre_present_notify;
[2026-07-29T09:58:35Z DEBUG tracing::span] winit::Window::request_redraw;
[2026-07-29T09:58:35Z DEBUG tracing::span] winit::Window::pre_present_notify;
[2026-07-29T09:58:35Z DEBUG tracing::span] winit::Window::request_redraw;
[2026-07-29T09:58:35Z DEBUG tracing::span] winit::Window::pre_present_notify;
[2026-07-29T09:58:35Z DEBUG tracing::span] winit::Window::request_redraw;
[2026-07-29T09:58:35Z DEBUG tracing::span] winit::Window::pre_present_notify;
[2026-07-29T09:58:35Z DEBUG tracing::span] winit::Window::request_redraw;
[2026-07-29T09:58:35Z DEBUG tracing::span] winit::Window::pre_present_notify;
[2026-07-29T09:58:35Z DEBUG tracing::span] winit::Window::request_redraw;
[2026-07-29T09:58:35Z DEBUG tracing::span] winit::Window::pre_present_notify;
[2026-07-29T09:58:35Z DEBUG tracing::span] winit::Window::request_redraw;
[2026-07-29T09:58:35Z DEBUG tracing::span] winit::Window::pre_present_notify;
[2026-07-29T09:58:35Z DEBUG tracing::span] winit::Window::request_redraw;
[2026-07-29T09:58:35Z DEBUG tracing::span] winit::Window::pre_present_notify;
[2026-07-29T09:58:35Z DEBUG tracing::span] winit::Window::request_redraw;
[2026-07-29T09:58:35Z DEBUG tracing::span] winit::Window::pre_present_notify;
[2026-07-29T09:58:35Z DEBUG tracing::span] winit::Window::request_redraw;
[2026-07-29T09:58:35Z DEBUG tracing::span] winit::Window::pre_present_notify;
[2026-07-29T09:58:35Z DEBUG tracing::span] winit::Window::request_redraw;
[2026-07-29T09:58:35Z DEBUG tracing::span] winit::Window::pre_present_notify;
[2026-07-29T09:58:35Z DEBUG tracing::span] winit::Window::request_redraw;
[2026-07-29T09:58:35Z DEBUG tracing::span] winit::Window::pre_present_notify;
[2026-07-29T09:58:35Z DEBUG tracing::span] winit::Window::request_redraw;
[2026-07-29T09:58:35Z DEBUG tracing::span] winit::Window::pre_present_notify;
[2026-07-29T09:58:35Z DEBUG tracing::span] winit::Window::request_redraw;
[2026-07-29T09:58:35Z DEBUG tracing::span] winit::Window::pre_present_notify;
[2026-07-29T09:58:35Z DEBUG tracing::span] winit::Window::request_redraw;
[2026-07-29T09:58:35Z DEBUG tracing::span] winit::Window::pre_present_notify;
[2026-07-29T09:58:35Z DEBUG tracing::span] winit::Window::request_redraw;
[2026-07-29T09:58:35Z DEBUG tracing::span] winit::Window::pre_present_notify;
[2026-07-29T09:58:35Z DEBUG tracing::span] winit::Window::request_redraw;
[2026-07-29T09:58:35Z DEBUG tracing::span] winit::Window::pre_present_notify;
[2026-07-29T09:58:35Z DEBUG tracing::span] winit::Window::request_redraw;
[2026-07-29T09:58:35Z DEBUG tracing::span] winit::Window::pre_present_notify;
[2026-07-29T09:58:35Z DEBUG tracing::span] winit::Window::request_redraw;
[2026-07-29T09:58:36Z DEBUG tracing::span] winit::Window::pre_present_notify;
[2026-07-29T09:58:36Z DEBUG tracing::span] winit::Window::request_redraw;
[2026-07-29T09:58:36Z DEBUG tracing::span] winit::Window::pre_present_notify;
[2026-07-29T09:58:36Z DEBUG tracing::span] winit::Window::request_redraw;
[2026-07-29T09:58:36Z DEBUG tracing::span] winit::Window::pre_present_notify;
[2026-07-29T09:58:36Z DEBUG tracing::span] winit::Window::request_redraw;
[2026-07-29T09:58:36Z DEBUG tracing::span] winit::Window::pre_present_notify;
[2026-07-29T09:58:36Z DEBUG tracing::span] winit::Window::request_redraw;
[2026-07-29T09:58:36Z DEBUG tracing::span] winit::Window::pre_present_notify;
[2026-07-29T09:58:36Z DEBUG tracing::span] winit::Window::request_redraw;
[2026-07-29T09:58:36Z DEBUG tracing::span] winit::Window::pre_present_notify;
[2026-07-29T09:58:36Z DEBUG tracing::span] winit::Window::request_redraw;
[2026-07-29T09:58:36Z DEBUG tracing::span] winit::Window::pre_present_notify;
[2026-07-29T09:58:36Z DEBUG tracing::span] winit::Window::request_redraw;
[2026-07-29T09:58:36Z DEBUG tracing::span] winit::Window::pre_present_notify;
[2026-07-29T09:58:36Z DEBUG tracing::span] winit::Window::request_redraw;
[2026-07-29T09:58:36Z DEBUG tracing::span] winit::Window::pre_present_notify;
[2026-07-29T09:58:36Z DEBUG tracing::span] winit::Window::request_redraw;
[2026-07-29T09:58:36Z DEBUG tracing::span] winit::Window::pre_present_notify;
[2026-07-29T09:58:36Z DEBUG tracing::span] winit::Window::request_redraw;
[2026-07-29T09:58:36Z DEBUG tracing::span] winit::Window::pre_present_notify;
[2026-07-29T09:58:36Z DEBUG tracing::span] winit::Window::request_redraw;
[2026-07-29T09:58:36Z DEBUG tracing::span] winit::Window::pre_present_notify;
[2026-07-29T09:58:36Z DEBUG tracing::span] winit::Window::request_redraw;
[2026-07-29T09:58:36Z DEBUG tracing::span] winit::Window::pre_present_notify;
[2026-07-29T09:58:36Z DEBUG tracing::span] winit::Window::request_redraw;
[2026-07-29T09:58:36Z DEBUG tracing::span] winit::Window::pre_present_notify;
[2026-07-29T09:58:36Z DEBUG tracing::span] winit::Window::request_redraw;
[2026-07-29T09:58:36Z DEBUG tracing::span] winit::Window::pre_present_notify;
[2026-07-29T09:58:36Z DEBUG tracing::span] winit::Window::request_redraw;
[2026-07-29T09:58:36Z DEBUG tracing::span] winit::Window::pre_present_notify;
[2026-07-29T09:58:36Z DEBUG tracing::span] winit::Window::request_redraw;
[2026-07-29T09:58:36Z DEBUG tracing::span] winit::Window::pre_present_notify;
[2026-07-29T09:58:36Z DEBUG tracing::span] winit::Window::request_redraw;
[2026-07-29T09:58:36Z DEBUG tracing::span] winit::Window::pre_present_notify;
[2026-07-29T09:58:36Z DEBUG tracing::span] winit::Window::request_redraw;
[2026-07-29T09:58:36Z DEBUG tracing::span] winit::Window::pre_present_notify;
[2026-07-29T09:58:36Z DEBUG tracing::span] winit::Window::request_redraw;
[2026-07-29T09:58:36Z DEBUG tracing::span] winit::Window::pre_present_notify;
[2026-07-29T09:58:36Z DEBUG tracing::span] winit::Window::request_redraw;
[2026-07-29T09:58:36Z DEBUG tracing::span] winit::Window::pre_present_notify;
[2026-07-29T09:58:36Z DEBUG tracing::span] winit::Window::request_redraw;
[2026-07-29T09:58:36Z DEBUG tracing::span] winit::Window::pre_present_notify;
[2026-07-29T09:58:36Z DEBUG tracing::span] winit::Window::request_redraw;
[2026-07-29T09:58:36Z DEBUG tracing::span] winit::Window::pre_present_notify;
[2026-07-29T09:58:36Z DEBUG tracing::span] winit::Window::request_redraw;
[2026-07-29T09:58:36Z DEBUG tracing::span] winit::Window::pre_present_notify;
[2026-07-29T09:58:36Z DEBUG tracing::span] winit::Window::request_redraw;
[2026-07-29T09:58:36Z DEBUG tracing::span] winit::EventLoopProxy::send_event;
[2026-07-29T09:58:36Z DEBUG winit::window] winit::Window::set_title; title="Slint Window"
[2026-07-29T09:58:36Z DEBUG winit::window] winit::Window::set_decorations; decorations=true
[2026-07-29T09:58:36Z DEBUG tracing::span] winit::Window::fullscreen;
[2026-07-29T09:58:36Z DEBUG tracing::span] winit::Window::pre_present_notify;
[2026-07-29T09:58:36Z DEBUG tracing::span] winit::Window::request_redraw;
[2026-07-29T09:58:36Z DEBUG tracing::span] winit::Window::pre_present_notify;
[2026-07-29T09:58:36Z DEBUG tracing::span] winit::Window::request_redraw;
[2026-07-29T09:58:36Z DEBUG tracing::span] winit::Window::pre_present_notify;
[2026-07-29T09:58:36Z DEBUG tracing::span] winit::Window::request_redraw;
[2026-07-29T09:58:36Z DEBUG tracing::span] winit::Window::pre_present_notify;
[2026-07-29T09:58:36Z DEBUG tracing::span] winit::Window::request_redraw;
[2026-07-29T09:58:36Z DEBUG tracing::span] winit::Window::pre_present_notify;
[2026-07-29T09:58:36Z DEBUG tracing::span] winit::Window::request_redraw;
[2026-07-29T09:58:36Z DEBUG tracing::span] winit::Window::pre_present_notify;
[2026-07-29T09:58:36Z DEBUG tracing::span] winit::Window::request_redraw;
[2026-07-29T09:58:36Z DEBUG tracing::span] winit::Window::pre_present_notify;
[2026-07-29T09:58:36Z DEBUG tracing::span] winit::Window::request_redraw;
[2026-07-29T09:58:36Z DEBUG tracing::span] winit::Window::pre_present_notify;
[2026-07-29T09:58:36Z DEBUG tracing::span] winit::Window::request_redraw;
[2026-07-29T09:58:36Z DEBUG tracing::span] winit::Window::pre_present_notify;
[2026-07-29T09:58:36Z DEBUG tracing::span] winit::Window::request_redraw;
[2026-07-29T09:58:36Z DEBUG tracing::span] winit::Window::pre_present_notify;
[2026-07-29T09:58:36Z DEBUG tracing::span] winit::Window::request_redraw;
[2026-07-29T09:58:36Z DEBUG tracing::span] winit::Window::pre_present_notify;
[2026-07-29T09:58:36Z DEBUG tracing::span] winit::Window::request_redraw;
[2026-07-29T09:58:36Z DEBUG tracing::span] winit::Window::pre_present_notify;
[2026-07-29T09:58:36Z DEBUG tracing::span] winit::Window::request_redraw;
[2026-07-29T09:58:36Z DEBUG tracing::span] winit::Window::pre_present_notify;
[2026-07-29T09:58:36Z DEBUG tracing::span] winit::Window::request_redraw;
[2026-07-29T09:58:36Z DEBUG tracing::span] winit::Window::pre_present_notify;
[2026-07-29T09:58:36Z DEBUG tracing::span] winit::Window::request_redraw;
[2026-07-29T09:58:36Z DEBUG tracing::span] winit::Window::pre_present_notify;
[2026-07-29T09:58:36Z DEBUG tracing::span] winit::Window::request_redraw;
[2026-07-29T09:58:36Z DEBUG tracing::span] winit::Window::pre_present_notify;
[2026-07-29T09:58:36Z DEBUG tracing::span] winit::Window::request_redraw;
[2026-07-29T09:58:36Z DEBUG tracing::span] winit::Window::pre_present_notify;
[2026-07-29T09:58:36Z DEBUG tracing::span] winit::Window::request_redraw;
[2026-07-29T09:58:36Z DEBUG tracing::span] winit::Window::pre_present_notify;
[2026-07-29T09:58:36Z DEBUG tracing::span] winit::Window::request_redraw;
[2026-07-29T09:58:36Z DEBUG tracing::span] winit::Window::pre_present_notify;
[2026-07-29T09:58:36Z DEBUG tracing::span] winit::Window::request_redraw;
[2026-07-29T09:58:36Z DEBUG tracing::span] winit::Window::pre_present_notify;
[2026-07-29T09:58:36Z DEBUG tracing::span] winit::Window::request_redraw;
[2026-07-29T09:58:36Z DEBUG tracing::span] winit::Window::pre_present_notify;
[2026-07-29T09:58:36Z DEBUG tracing::span] winit::Window::request_redraw;
[2026-07-29T09:58:36Z DEBUG tracing::span] winit::Window::pre_present_notify;
[2026-07-29T09:58:36Z DEBUG tracing::span] winit::Window::request_redraw;
[2026-07-29T09:58:36Z DEBUG tracing::span] winit::EventLoopProxy::send_event;
[2026-07-29T09:58:36Z DEBUG winit::window] winit::Window::set_title; title="Slint Window"
[2026-07-29T09:58:36Z DEBUG winit::window] winit::Window::set_decorations; decorations=true
[2026-07-29T09:58:36Z DEBUG tracing::span] winit::Window::fullscreen;
[2026-07-29T09:58:36Z DEBUG tracing::span] winit::Window::pre_present_notify;
[2026-07-29T09:58:36Z DEBUG tracing::span] winit::Window::request_redraw;
[2026-07-29T09:58:36Z DEBUG tracing::span] winit::Window::pre_present_notify;
[2026-07-29T09:58:36Z DEBUG tracing::span] winit::Window::request_redraw;
[2026-07-29T09:58:36Z DEBUG tracing::span] winit::Window::pre_present_notify;
[2026-07-29T09:58:36Z DEBUG tracing::span] winit::Window::request_redraw;
[2026-07-29T09:58:36Z DEBUG tracing::span] winit::Window::pre_present_notify;
[2026-07-29T09:58:36Z DEBUG tracing::span] winit::Window::request_redraw;
[2026-07-29T09:58:36Z DEBUG tracing::span] winit::Window::pre_present_notify;
[2026-07-29T09:58:36Z DEBUG tracing::span] winit::Window::request_redraw;
[2026-07-29T09:58:36Z DEBUG tracing::span] winit::Window::pre_present_notify;
[2026-07-29T09:58:36Z DEBUG tracing::span] winit::Window::request_redraw;
[2026-07-29T09:58:36Z DEBUG tracing::span] winit::Window::pre_present_notify;
[2026-07-29T09:58:36Z DEBUG tracing::span] winit::Window::request_redraw;
[2026-07-29T09:58:36Z DEBUG tracing::span] winit::Window::pre_present_notify;
[2026-07-29T09:58:36Z DEBUG tracing::span] winit::Window::request_redraw;
[2026-07-29T09:58:36Z DEBUG tracing::span] winit::Window::pre_present_notify;
[2026-07-29T09:58:36Z DEBUG tracing::span] winit::Window::request_redraw;
[2026-07-29T09:58:36Z DEBUG tracing::span] winit::Window::pre_present_notify;
[2026-07-29T09:58:36Z DEBUG tracing::span] winit::Window::request_redraw;
[2026-07-29T09:58:36Z DEBUG tracing::span] winit::Window::pre_present_notify;
[2026-07-29T09:58:36Z DEBUG tracing::span] winit::Window::request_redraw;
[2026-07-29T09:58:36Z DEBUG tracing::span] winit::Window::pre_present_notify;
[2026-07-29T09:58:36Z DEBUG tracing::span] winit::Window::request_redraw;
[2026-07-29T09:58:36Z DEBUG tracing::span] winit::Window::pre_present_notify;
[2026-07-29T09:58:36Z DEBUG tracing::span] winit::Window::request_redraw;
[2026-07-29T09:58:36Z DEBUG tracing::span] winit::Window::pre_present_notify;
[2026-07-29T09:58:36Z DEBUG tracing::span] winit::Window::request_redraw;
[2026-07-29T09:58:37Z DEBUG tracing::span] winit::Window::pre_present_notify;
[2026-07-29T09:58:37Z DEBUG tracing::span] winit::Window::request_redraw;
[2026-07-29T09:58:37Z DEBUG tracing::span] winit::Window::pre_present_notify;
[2026-07-29T09:58:37Z DEBUG tracing::span] winit::Window::request_redraw;
[2026-07-29T09:58:37Z DEBUG tracing::span] winit::Window::pre_present_notify;
[2026-07-29T09:58:37Z DEBUG tracing::span] winit::Window::request_redraw;
[2026-07-29T09:58:37Z DEBUG tracing::span] winit::Window::pre_present_notify;
[2026-07-29T09:58:37Z DEBUG tracing::span] winit::Window::request_redraw;
[2026-07-29T09:58:37Z DEBUG tracing::span] winit::Window::pre_present_notify;
[2026-07-29T09:58:37Z DEBUG tracing::span] winit::Window::request_redraw;
[2026-07-29T09:58:37Z DEBUG tracing::span] winit::Window::pre_present_notify;
[2026-07-29T09:58:37Z DEBUG tracing::span] winit::Window::request_redraw;
[2026-07-29T09:58:37Z DEBUG tracing::span] winit::Window::pre_present_notify;
[2026-07-29T09:58:37Z DEBUG tracing::span] winit::Window::request_redraw;
[2026-07-29T09:58:37Z DEBUG tracing::span] winit::Window::pre_present_notify;
[2026-07-29T09:58:37Z DEBUG tracing::span] winit::Window::request_redraw;
[2026-07-29T09:58:37Z DEBUG tracing::span] winit::Window::pre_present_notify;
[2026-07-29T09:58:37Z DEBUG tracing::span] winit::Window::request_redraw;
[2026-07-29T09:58:37Z DEBUG tracing::span] winit::Window::pre_present_notify;
[2026-07-29T09:58:37Z DEBUG tracing::span] winit::Window::request_redraw;
[2026-07-29T09:58:37Z DEBUG tracing::span] winit::Window::pre_present_notify;
[2026-07-29T09:58:37Z DEBUG tracing::span] winit::Window::request_redraw;
[2026-07-29T09:58:37Z DEBUG tracing::span] winit::Window::pre_present_notify;
[2026-07-29T09:58:37Z DEBUG tracing::span] winit::Window::request_redraw;
[2026-07-29T09:58:37Z DEBUG tracing::span] winit::Window::pre_present_notify;
[2026-07-29T09:58:37Z DEBUG tracing::span] winit::Window::request_redraw;
[2026-07-29T09:58:37Z DEBUG tracing::span] winit::Window::pre_present_notify;
[2026-07-29T09:58:37Z DEBUG tracing::span] winit::Window::request_redraw;
[2026-07-29T09:58:37Z DEBUG tracing::span] winit::Window::pre_present_notify;
[2026-07-29T09:58:37Z DEBUG tracing::span] winit::Window::request_redraw;
[2026-07-29T09:58:37Z DEBUG tracing::span] winit::Window::pre_present_notify;
[2026-07-29T09:58:37Z DEBUG tracing::span] winit::Window::request_redraw;
[2026-07-29T09:58:37Z DEBUG tracing::span] winit::Window::pre_present_notify;
[2026-07-29T09:58:37Z DEBUG tracing::span] winit::Window::request_redraw;
[2026-07-29T09:58:37Z DEBUG tracing::span] winit::Window::pre_present_notify;
[2026-07-29T09:58:37Z DEBUG tracing::span] winit::Window::request_redraw;
[2026-07-29T09:58:37Z DEBUG tracing::span] winit::Window::pre_present_notify;
[2026-07-29T09:58:37Z DEBUG tracing::span] winit::Window::request_redraw;
[2026-07-29T09:58:37Z DEBUG tracing::span] winit::Window::pre_present_notify;
[2026-07-29T09:58:37Z DEBUG tracing::span] winit::Window::request_redraw;
[2026-07-29T09:58:37Z DEBUG tracing::span] winit::EventLoopProxy::send_event;
[2026-07-29T09:58:37Z DEBUG winit::window] winit::Window::set_title; title="Slint Window"
[2026-07-29T09:58:37Z DEBUG winit::window] winit::Window::set_decorations; decorations=true
[2026-07-29T09:58:37Z DEBUG tracing::span] winit::Window::fullscreen;
[2026-07-29T09:58:37Z DEBUG tracing::span] winit::Window::pre_present_notify;
[2026-07-29T09:58:37Z DEBUG tracing::span] winit::Window::request_redraw;
[2026-07-29T09:58:37Z DEBUG tracing::span] winit::Window::pre_present_notify;
[2026-07-29T09:58:37Z DEBUG tracing::span] winit::Window::request_redraw;
[2026-07-29T09:58:37Z DEBUG tracing::span] winit::Window::pre_present_notify;
[2026-07-29T09:58:37Z DEBUG tracing::span] winit::Window::request_redraw;
[2026-07-29T09:58:37Z DEBUG tracing::span] winit::Window::pre_present_notify;
[2026-07-29T09:58:37Z DEBUG tracing::span] winit::Window::request_redraw;
[2026-07-29T09:58:37Z DEBUG tracing::span] winit::Window::pre_present_notify;
[2026-07-29T09:58:37Z DEBUG tracing::span] winit::Window::request_redraw;
[2026-07-29T09:58:37Z DEBUG tracing::span] winit::Window::pre_present_notify;
[2026-07-29T09:58:37Z DEBUG tracing::span] winit::Window::request_redraw;
[2026-07-29T09:58:37Z DEBUG tracing::span] winit::Window::pre_present_notify;
[2026-07-29T09:58:37Z DEBUG tracing::span] winit::Window::request_redraw;
[2026-07-29T09:58:37Z DEBUG tracing::span] winit::Window::pre_present_notify;
[2026-07-29T09:58:37Z DEBUG tracing::span] winit::Window::request_redraw;
[2026-07-29T09:58:37Z DEBUG tracing::span] winit::Window::pre_present_notify;
[2026-07-29T09:58:37Z DEBUG tracing::span] winit::Window::request_redraw;
[2026-07-29T09:58:37Z DEBUG tracing::span] winit::Window::pre_present_notify;
[2026-07-29T09:58:37Z DEBUG tracing::span] winit::Window::request_redraw;
[2026-07-29T09:58:37Z DEBUG tracing::span] winit::Window::pre_present_notify;
[2026-07-29T09:58:37Z DEBUG tracing::span] winit::Window::request_redraw;
[2026-07-29T09:58:37Z DEBUG tracing::span] winit::Window::pre_present_notify;
[2026-07-29T09:58:37Z DEBUG tracing::span] winit::Window::request_redraw;
[2026-07-29T09:58:37Z DEBUG tracing::span] winit::Window::pre_present_notify;
[2026-07-29T09:58:37Z DEBUG tracing::span] winit::Window::request_redraw;
[2026-07-29T09:58:37Z DEBUG tracing::span] winit::EventLoopProxy::send_event;
[2026-07-29T09:58:37Z DEBUG winit::window] winit::Window::set_title; title="Slint Window"
[2026-07-29T09:58:37Z DEBUG winit::window] winit::Window::set_decorations; decorations=true
[2026-07-29T09:58:37Z DEBUG tracing::span] winit::Window::fullscreen;
[2026-07-29T09:58:37Z DEBUG tracing::span] winit::Window::pre_present_notify;
[2026-07-29T09:58:37Z DEBUG tracing::span] winit::Window::request_redraw;
[2026-07-29T09:58:37Z DEBUG tracing::span] winit::Window::pre_present_notify;
[2026-07-29T09:58:37Z DEBUG tracing::span] winit::Window::request_redraw;
[2026-07-29T09:58:37Z DEBUG tracing::span] winit::Window::pre_present_notify;
[2026-07-29T09:58:37Z DEBUG tracing::span] winit::Window::request_redraw;
[2026-07-29T09:58:37Z DEBUG tracing::span] winit::Window::pre_present_notify;
[2026-07-29T09:58:37Z DEBUG tracing::span] winit::Window::request_redraw;
[2026-07-29T09:58:37Z DEBUG tracing::span] winit::Window::pre_present_notify;
[2026-07-29T09:58:37Z DEBUG tracing::span] winit::Window::request_redraw;
[2026-07-29T09:58:37Z DEBUG tracing::span] winit::Window::pre_present_notify;
[2026-07-29T09:58:37Z DEBUG tracing::span] winit::Window::request_redraw;
[2026-07-29T09:58:37Z DEBUG tracing::span] winit::Window::pre_present_notify;
[2026-07-29T09:58:37Z DEBUG tracing::span] winit::Window::request_redraw;
[2026-07-29T09:58:37Z DEBUG tracing::span] winit::Window::pre_present_notify;
[2026-07-29T09:58:37Z DEBUG tracing::span] winit::Window::request_redraw;
[2026-07-29T09:58:37Z DEBUG tracing::span] winit::Window::pre_present_notify;
[2026-07-29T09:58:37Z DEBUG tracing::span] winit::Window::request_redraw;
[2026-07-29T09:58:37Z DEBUG tracing::span] winit::Window::pre_present_notify;
[2026-07-29T09:58:37Z DEBUG tracing::span] winit::Window::request_redraw;
[2026-07-29T09:58:37Z DEBUG tracing::span] winit::Window::pre_present_notify;
[2026-07-29T09:58:37Z DEBUG tracing::span] winit::Window::request_redraw;
[2026-07-29T09:58:37Z DEBUG tracing::span] winit::Window::pre_present_notify;
[2026-07-29T09:58:37Z DEBUG tracing::span] winit::Window::request_redraw;
[2026-07-29T09:58:37Z DEBUG tracing::span] winit::EventLoopProxy::send_event;
[2026-07-29T09:58:37Z DEBUG winit::window] winit::Window::set_title; title="Slint Window"
[2026-07-29T09:58:37Z DEBUG winit::window] winit::Window::set_decorations; decorations=true
[2026-07-29T09:58:37Z DEBUG tracing::span] winit::Window::fullscreen;
[2026-07-29T09:58:37Z DEBUG tracing::span] winit::Window::pre_present_notify;
[2026-07-29T09:58:37Z DEBUG tracing::span] winit::Window::request_redraw;
[2026-07-29T09:58:37Z DEBUG tracing::span] winit::Window::pre_present_notify;
[2026-07-29T09:58:37Z DEBUG tracing::span] winit::Window::request_redraw;
[2026-07-29T09:58:37Z DEBUG tracing::span] winit::Window::pre_present_notify;
[2026-07-29T09:58:37Z DEBUG tracing::span] winit::Window::request_redraw;
[2026-07-29T09:58:37Z DEBUG tracing::span] winit::Window::pre_present_notify;
[2026-07-29T09:58:37Z DEBUG tracing::span] winit::Window::request_redraw;
[2026-07-29T09:58:37Z DEBUG tracing::span] winit::Window::pre_present_notify;
[2026-07-29T09:58:37Z DEBUG tracing::span] winit::Window::request_redraw;
[2026-07-29T09:58:37Z DEBUG tracing::span] winit::Window::pre_present_notify;
[2026-07-29T09:58:37Z DEBUG tracing::span] winit::Window::request_redraw;
[2026-07-29T09:58:37Z DEBUG tracing::span] winit::Window::pre_present_notify;
[2026-07-29T09:58:37Z DEBUG tracing::span] winit::Window::request_redraw;
[2026-07-29T09:58:37Z DEBUG tracing::span] winit::Window::pre_present_notify;
[2026-07-29T09:58:37Z DEBUG tracing::span] winit::Window::request_redraw;
[2026-07-29T09:58:37Z DEBUG tracing::span] winit::Window::pre_present_notify;
[2026-07-29T09:58:37Z DEBUG tracing::span] winit::Window::request_redraw;
[2026-07-29T09:58:37Z DEBUG tracing::span] winit::Window::pre_present_notify;
[2026-07-29T09:58:37Z DEBUG tracing::span] winit::Window::request_redraw;
[2026-07-29T09:58:37Z DEBUG tracing::span] winit::Window::pre_present_notify;
[2026-07-29T09:58:37Z DEBUG tracing::span] winit::Window::request_redraw;
[2026-07-29T09:58:37Z DEBUG tracing::span] winit::Window::pre_present_notify;
[2026-07-29T09:58:37Z DEBUG tracing::span] winit::Window::request_redraw;
[2026-07-29T09:58:37Z DEBUG tracing::span] winit::Window::pre_present_notify;
[2026-07-29T09:58:37Z DEBUG tracing::span] winit::Window::request_redraw;
[2026-07-29T09:58:37Z DEBUG tracing::span] winit::Window::pre_present_notify;
[2026-07-29T09:58:37Z DEBUG tracing::span] winit::Window::request_redraw;
[2026-07-29T09:58:37Z DEBUG ureq_proto::client] Call<Prepare>
[2026-07-29T09:58:37Z DEBUG ureq::run] PUT https://api.spotify.com/******
[2026-07-29T09:58:37Z DEBUG ureq::unversioned::resolver] Resolved: ArrayVec { len: 2, arr: [35.186.224.24:443, [2600:1901:1:7c5::]:443] }
[2026-07-29T09:58:37Z DEBUG ureq::unversioned::transport::tcp] Connected TcpStream to 35.186.224.24:443
[2026-07-29T09:58:37Z DEBUG rustls::client::hs] No cached session for DnsName("api.spotify.com")
[2026-07-29T09:58:37Z DEBUG rustls::client::hs] Not resuming any session
[2026-07-29T09:58:37Z DEBUG ureq::tls::rustls] Wrapped TLS
[2026-07-29T09:58:37Z DEBUG ureq_proto::client] Call<SendRequest>
[2026-07-29T09:58:37Z DEBUG ureq::run] Request { method: PUT, uri: https://api.spotify.com/******, version: HTTP/1.1, headers: {"accept-encoding": "gzip", "content-length": "62", "user-agent": "ureq/3.3.0", "accept": "*/*", "host": "api.spotify.com", "content-type": "application/json; charset=utf-8", "<NOTICE>": "1 HEADERS ARE REDACTED"} }
[2026-07-29T09:58:37Z DEBUG tracing::span] winit::Window::pre_present_notify;
[2026-07-29T09:58:37Z DEBUG tracing::span] winit::Window::request_redraw;
[2026-07-29T09:58:38Z DEBUG rustls::client::hs] Using ciphersuite TLS13_AES_256_GCM_SHA384
[2026-07-29T09:58:38Z DEBUG rustls::client::tls13] Not resuming
[2026-07-29T09:58:38Z DEBUG rustls::client::tls13] TLS1.3 encrypted extensions: ServerExtensions { server_name_ack: (), unknown_extensions: {}, .. }
[2026-07-29T09:58:38Z DEBUG rustls::client::hs] ALPN protocol is None
[2026-07-29T09:58:38Z DEBUG ureq_proto::client] Call<SendBody>
[2026-07-29T09:58:38Z DEBUG ureq_proto::client] Call<RecvResponse>
[2026-07-29T09:58:38Z DEBUG tracing::span] winit::Window::pre_present_notify;
[2026-07-29T09:58:38Z DEBUG tracing::span] winit::Window::request_redraw;
[2026-07-29T09:58:38Z DEBUG tracing::span] winit::Window::pre_present_notify;
[2026-07-29T09:58:38Z DEBUG tracing::span] winit::Window::request_redraw;
[2026-07-29T09:58:38Z DEBUG tracing::span] winit::Window::pre_present_notify;
[2026-07-29T09:58:38Z DEBUG tracing::span] winit::Window::request_redraw;
[2026-07-29T09:58:38Z DEBUG tracing::span] winit::Window::pre_present_notify;
[2026-07-29T09:58:38Z DEBUG tracing::span] winit::Window::request_redraw;
[2026-07-29T09:58:38Z DEBUG tracing::span] winit::Window::pre_present_notify;
[2026-07-29T09:58:38Z DEBUG tracing::span] winit::Window::request_redraw;
[2026-07-29T09:58:38Z DEBUG tracing::span] winit::Window::pre_present_notify;
[2026-07-29T09:58:38Z DEBUG tracing::span] winit::Window::request_redraw;
[2026-07-29T09:58:38Z DEBUG ureq_proto::client] Call<Cleanup>
[2026-07-29T09:58:38Z DEBUG ureq::run] Response { status: 204, version: HTTP/1.1, headers: {"date": "Wed, 29 Jul 2026 09:58:37 GMT", "server": "envoy", "<NOTICE>": "9 HEADERS ARE REDACTED"} }
[2026-07-29T09:58:38Z DEBUG ureq::pool] Return to pool: PoolKey { scheme: "https", authority: api.spotify.com, proxy: None }
[2026-07-29T09:58:38Z DEBUG tracing::span] winit::EventLoopProxy::send_event;
[2026-07-29T09:58:38Z DEBUG winit::window] winit::Window::set_title; title="Slint Window"
[2026-07-29T09:58:38Z DEBUG winit::window] winit::Window::set_decorations; decorations=true
[2026-07-29T09:58:38Z DEBUG tracing::span] winit::Window::fullscreen;
[2026-07-29T09:58:38Z DEBUG tracing::span] winit::Window::pre_present_notify;
[2026-07-29T09:58:38Z DEBUG tracing::span] winit::Window::request_redraw;
[2026-07-29T09:58:38Z DEBUG tracing::span] winit::Window::pre_present_notify;
[2026-07-29T09:58:38Z DEBUG tracing::span] winit::Window::request_redraw;
[2026-07-29T09:58:38Z DEBUG tracing::span] winit::Window::pre_present_notify;
[2026-07-29T09:58:38Z DEBUG tracing::span] winit::Window::request_redraw;
[2026-07-29T09:58:38Z DEBUG tracing::span] winit::Window::pre_present_notify;
[2026-07-29T09:58:38Z DEBUG tracing::span] winit::Window::request_redraw;
[2026-07-29T09:58:38Z DEBUG tracing::span] winit::Window::pre_present_notify;
[2026-07-29T09:58:38Z DEBUG tracing::span] winit::Window::request_redraw;
[2026-07-29T09:58:38Z DEBUG tracing::span] winit::Window::pre_present_notify;
[2026-07-29T09:58:38Z DEBUG tracing::span] winit::Window::request_redraw;
[2026-07-29T09:58:38Z DEBUG tracing::span] winit::Window::pre_present_notify;
[2026-07-29T09:58:38Z DEBUG tracing::span] winit::Window::request_redraw;
[2026-07-29T09:58:38Z DEBUG tracing::span] winit::Window::pre_present_notify;
[2026-07-29T09:58:38Z DEBUG tracing::span] winit::Window::request_redraw;
[2026-07-29T09:58:38Z DEBUG tracing::span] winit::Window::pre_present_notify;
[2026-07-29T09:58:38Z DEBUG tracing::span] winit::Window::request_redraw;
[2026-07-29T09:58:38Z DEBUG tracing::span] winit::Window::pre_present_notify;
[2026-07-29T09:58:38Z DEBUG tracing::span] winit::Window::request_redraw;
[2026-07-29T09:58:38Z DEBUG tracing::span] winit::Window::pre_present_notify;
[2026-07-29T09:58:38Z DEBUG tracing::span] winit::Window::request_redraw;
[2026-07-29T09:58:38Z DEBUG tracing::span] winit::Window::pre_present_notify;
[2026-07-29T09:58:38Z DEBUG tracing::span] winit::Window::request_redraw;
[2026-07-29T09:58:38Z DEBUG tracing::span] winit::Window::pre_present_notify;
[2026-07-29T09:58:38Z DEBUG tracing::span] winit::Window::request_redraw;
[2026-07-29T09:58:38Z DEBUG tracing::span] winit::Window::pre_present_notify;
[2026-07-29T09:58:38Z DEBUG tracing::span] winit::Window::request_redraw;
[2026-07-29T09:58:38Z DEBUG tracing::span] winit::Window::pre_present_notify;
[2026-07-29T09:58:38Z DEBUG tracing::span] winit::Window::request_redraw;
[2026-07-29T09:58:38Z DEBUG tracing::span] winit::Window::pre_present_notify;
[2026-07-29T09:58:38Z DEBUG tracing::span] winit::Window::request_redraw;
[2026-07-29T09:58:38Z DEBUG tracing::span] winit::Window::pre_present_notify;
[2026-07-29T09:58:38Z DEBUG tracing::span] winit::Window::request_redraw;
[2026-07-29T09:58:38Z DEBUG tracing::span] winit::Window::pre_present_notify;
[2026-07-29T09:58:38Z DEBUG tracing::span] winit::Window::request_redraw;
[2026-07-29T09:58:38Z DEBUG tracing::span] winit::Window::pre_present_notify;
[2026-07-29T09:58:38Z DEBUG tracing::span] winit::Window::request_redraw;
[2026-07-29T09:58:38Z DEBUG tracing::span] winit::Window::pre_present_notify;
[2026-07-29T09:58:38Z DEBUG tracing::span] winit::Window::request_redraw;
[2026-07-29T09:58:38Z DEBUG tracing::span] winit::Window::pre_present_notify;
[2026-07-29T09:58:38Z DEBUG tracing::span] winit::Window::request_redraw;
[2026-07-29T09:58:38Z DEBUG tracing::span] winit::Window::pre_present_notify;
[2026-07-29T09:58:38Z DEBUG tracing::span] winit::Window::request_redraw;
[2026-07-29T09:58:38Z DEBUG tracing::span] winit::Window::pre_present_notify;
[2026-07-29T09:58:38Z DEBUG tracing::span] winit::Window::request_redraw;
[2026-07-29T09:58:38Z DEBUG tracing::span] winit::Window::pre_present_notify;
[2026-07-29T09:58:38Z DEBUG tracing::span] winit::Window::request_redraw;
[2026-07-29T09:58:38Z DEBUG tracing::span] winit::Window::pre_present_notify;
[2026-07-29T09:58:38Z DEBUG tracing::span] winit::Window::request_redraw;
[2026-07-29T09:58:38Z DEBUG tracing::span] winit::Window::pre_present_notify;
[2026-07-29T09:58:38Z DEBUG tracing::span] winit::Window::request_redraw;
[2026-07-29T09:58:38Z DEBUG tracing::span] winit::Window::pre_present_notify;
[2026-07-29T09:58:38Z DEBUG tracing::span] winit::Window::request_redraw;
[2026-07-29T09:58:38Z DEBUG tracing::span] winit::Window::pre_present_notify;
[2026-07-29T09:58:38Z DEBUG tracing::span] winit::Window::request_redraw;
[2026-07-29T09:58:38Z DEBUG tracing::span] winit::Window::pre_present_notify;
[2026-07-29T09:58:38Z DEBUG tracing::span] winit::Window::request_redraw;
[2026-07-29T09:58:38Z DEBUG tracing::span] winit::Window::pre_present_notify;
[2026-07-29T09:58:38Z DEBUG tracing::span] winit::Window::request_redraw;
[2026-07-29T09:58:38Z DEBUG tracing::span] winit::Window::pre_present_notify;
[2026-07-29T09:58:38Z DEBUG tracing::span] winit::Window::request_redraw;
[2026-07-29T09:58:38Z DEBUG tracing::span] winit::Window::pre_present_notify;
[2026-07-29T09:58:38Z DEBUG tracing::span] winit::Window::request_redraw;
[2026-07-29T09:58:38Z DEBUG tracing::span] winit::Window::pre_present_notify;
[2026-07-29T09:58:38Z DEBUG tracing::span] winit::Window::request_redraw;
[2026-07-29T09:58:38Z DEBUG tracing::span] winit::Window::pre_present_notify;
[2026-07-29T09:58:38Z DEBUG tracing::span] winit::Window::request_redraw;
[2026-07-29T09:58:38Z DEBUG tracing::span] winit::Window::pre_present_notify;
[2026-07-29T09:58:38Z DEBUG tracing::span] winit::Window::request_redraw;
[2026-07-29T09:58:38Z DEBUG tracing::span] winit::Window::pre_present_notify;
[2026-07-29T09:58:38Z DEBUG tracing::span] winit::Window::request_redraw;
[2026-07-29T09:58:38Z DEBUG tracing::span] winit::Window::pre_present_notify;
[2026-07-29T09:58:38Z DEBUG tracing::span] winit::Window::request_redraw;
[2026-07-29T09:58:38Z DEBUG tracing::span] winit::Window::pre_present_notify;
[2026-07-29T09:58:38Z DEBUG tracing::span] winit::Window::request_redraw;
[2026-07-29T09:58:38Z DEBUG tracing::span] winit::Window::pre_present_notify;
[2026-07-29T09:58:38Z DEBUG tracing::span] winit::Window::request_redraw;
[2026-07-29T09:58:38Z DEBUG tracing::span] winit::Window::pre_present_notify;
[2026-07-29T09:58:38Z DEBUG tracing::span] winit::Window::request_redraw;
[2026-07-29T09:58:38Z DEBUG tracing::span] winit::Window::pre_present_notify;
[2026-07-29T09:58:38Z DEBUG tracing::span] winit::Window::request_redraw;
[2026-07-29T09:58:38Z DEBUG tracing::span] winit::Window::pre_present_notify;
[2026-07-29T09:58:38Z DEBUG tracing::span] winit::Window::request_redraw;
[2026-07-29T09:58:38Z DEBUG tracing::span] winit::Window::pre_present_notify;
[2026-07-29T09:58:38Z DEBUG tracing::span] winit::Window::request_redraw;
[2026-07-29T09:58:38Z DEBUG tracing::span] winit::Window::pre_present_notify;
[2026-07-29T09:58:38Z DEBUG tracing::span] winit::Window::request_redraw;
[2026-07-29T09:58:38Z DEBUG tracing::span] winit::Window::is_decorated;
[2026-07-29T09:58:38Z DEBUG tracing::span] winit::Window::is_decorated;
[2026-07-29T09:58:38Z DEBUG tracing::span] winit::Window::pre_present_notify;
[2026-07-29T09:58:38Z DEBUG tracing::span] winit::Window::request_redraw;
[2026-07-29T09:58:38Z DEBUG tracing::span] winit::Window::is_decorated;
[2026-07-29T09:58:38Z DEBUG tracing::span] winit::Window::is_decorated;
[2026-07-29T09:58:38Z DEBUG tracing::span] winit::Window::pre_present_notify;
[2026-07-29T09:58:38Z DEBUG tracing::span] winit::Window::request_redraw;
[2026-07-29T09:58:38Z DEBUG tracing::span] winit::Window::is_decorated;
[2026-07-29T09:58:38Z DEBUG tracing::span] winit::Window::is_decorated;
[2026-07-29T09:58:38Z DEBUG tracing::span] winit::Window::pre_present_notify;
[2026-07-29T09:58:38Z DEBUG tracing::span] winit::Window::is_decorated;
[2026-07-29T09:58:38Z DEBUG tracing::span] winit::Window::request_redraw;
[2026-07-29T09:58:38Z DEBUG tracing::span] winit::Window::is_decorated;
[2026-07-29T09:58:38Z DEBUG tracing::span] winit::Window::is_decorated;
[2026-07-29T09:58:38Z DEBUG tracing::span] winit::Window::pre_present_notify;
[2026-07-29T09:58:38Z DEBUG tracing::span] winit::Window::request_redraw;
[2026-07-29T09:58:38Z DEBUG tracing::span] winit::Window::is_decorated;
[2026-07-29T09:58:38Z DEBUG tracing::span] winit::Window::is_decorated;
[2026-07-29T09:58:38Z DEBUG tracing::span] winit::Window::pre_present_notify;
[2026-07-29T09:58:38Z DEBUG tracing::span] winit::Window::request_redraw;
[2026-07-29T09:58:38Z DEBUG tracing::span] winit::Window::is_decorated;
[2026-07-29T09:58:38Z DEBUG tracing::span] winit::Window::is_decorated;
[2026-07-29T09:58:38Z DEBUG tracing::span] winit::Window::pre_present_notify;
[2026-07-29T09:58:38Z DEBUG tracing::span] winit::Window::request_redraw;
[2026-07-29T09:58:38Z DEBUG tracing::span] winit::Window::is_decorated;
[2026-07-29T09:58:38Z DEBUG tracing::span] winit::Window::is_decorated;
[2026-07-29T09:58:38Z DEBUG tracing::span] winit::Window::pre_present_notify;
[2026-07-29T09:58:38Z DEBUG tracing::span] winit::Window::request_redraw;
[2026-07-29T09:58:38Z DEBUG tracing::span] winit::Window::is_decorated;
[2026-07-29T09:58:38Z DEBUG tracing::span] winit::Window::is_decorated;
[2026-07-29T09:58:38Z DEBUG tracing::span] winit::Window::pre_present_notify;
[2026-07-29T09:58:38Z DEBUG tracing::span] winit::Window::request_redraw;
[2026-07-29T09:58:38Z DEBUG tracing::span] winit::Window::is_decorated;
[2026-07-29T09:58:38Z DEBUG tracing::span] winit::Window::is_decorated;
[2026-07-29T09:58:38Z DEBUG tracing::span] winit::Window::is_decorated;
[2026-07-29T09:58:38Z DEBUG tracing::span] winit::Window::pre_present_notify;
[2026-07-29T09:58:38Z DEBUG tracing::span] winit::Window::request_redraw;
[2026-07-29T09:58:38Z DEBUG tracing::span] winit::Window::is_decorated;
[2026-07-29T09:58:38Z DEBUG tracing::span] winit::Window::is_decorated;
[2026-07-29T09:58:38Z DEBUG tracing::span] winit::Window::pre_present_notify;
[2026-07-29T09:58:38Z DEBUG tracing::span] winit::Window::request_redraw;
[2026-07-29T09:58:38Z DEBUG tracing::span] winit::Window::is_decorated;
[2026-07-29T09:58:38Z DEBUG tracing::span] winit::Window::is_decorated;
[2026-07-29T09:58:39Z DEBUG tracing::span] winit::Window::pre_present_notify;
[2026-07-29T09:58:39Z DEBUG tracing::span] winit::Window::request_redraw;
[2026-07-29T09:58:39Z DEBUG tracing::span] winit::Window::is_decorated;
[2026-07-29T09:58:39Z DEBUG tracing::span] winit::Window::is_decorated;
[2026-07-29T09:58:39Z DEBUG tracing::span] winit::Window::pre_present_notify;
[2026-07-29T09:58:39Z DEBUG tracing::span] winit::Window::request_redraw;
[2026-07-29T09:58:39Z DEBUG tracing::span] winit::Window::is_decorated;
[2026-07-29T09:58:39Z DEBUG tracing::span] winit::Window::is_decorated;
[2026-07-29T09:58:39Z DEBUG tracing::span] winit::Window::is_decorated;
[2026-07-29T09:58:39Z DEBUG tracing::span] winit::Window::pre_present_notify;
[2026-07-29T09:58:39Z DEBUG tracing::span] winit::Window::request_redraw;
[2026-07-29T09:58:39Z DEBUG tracing::span] winit::Window::is_decorated;
[2026-07-29T09:58:39Z DEBUG tracing::span] winit::Window::is_decorated;
[2026-07-29T09:58:39Z DEBUG tracing::span] winit::Window::pre_present_notify;
[2026-07-29T09:58:39Z DEBUG tracing::span] winit::Window::request_redraw;
[2026-07-29T09:58:39Z DEBUG tracing::span] winit::Window::is_decorated;
[2026-07-29T09:58:39Z DEBUG tracing::span] winit::Window::is_decorated;
[2026-07-29T09:58:39Z DEBUG tracing::span] winit::Window::pre_present_notify;
[2026-07-29T09:58:39Z DEBUG tracing::span] winit::Window::request_redraw;
[2026-07-29T09:58:39Z DEBUG tracing::span] winit::Window::is_decorated;
[2026-07-29T09:58:39Z DEBUG tracing::span] winit::Window::is_decorated;
[2026-07-29T09:58:39Z DEBUG tracing::span] winit::Window::pre_present_notify;
[2026-07-29T09:58:39Z DEBUG tracing::span] winit::Window::request_redraw;
[2026-07-29T09:58:39Z DEBUG tracing::span] winit::Window::is_decorated;
[2026-07-29T09:58:39Z DEBUG tracing::span] winit::Window::is_decorated;
[2026-07-29T09:58:39Z DEBUG tracing::span] winit::Window::pre_present_notify;
[2026-07-29T09:58:39Z DEBUG tracing::span] winit::Window::request_redraw;
[2026-07-29T09:58:39Z DEBUG tracing::span] winit::Window::is_decorated;
[2026-07-29T09:58:39Z DEBUG tracing::span] winit::Window::is_decorated;
[2026-07-29T09:58:39Z DEBUG tracing::span] winit::Window::is_decorated;
[2026-07-29T09:58:39Z DEBUG tracing::span] winit::Window::pre_present_notify;
[2026-07-29T09:58:39Z DEBUG tracing::span] winit::Window::request_redraw;
[2026-07-29T09:58:39Z DEBUG tracing::span] winit::Window::is_decorated;
[2026-07-29T09:58:39Z DEBUG tracing::span] winit::Window::is_decorated;
[2026-07-29T09:58:39Z DEBUG tracing::span] winit::Window::pre_present_notify;
[2026-07-29T09:58:39Z DEBUG tracing::span] winit::Window::request_redraw;
[2026-07-29T09:58:39Z DEBUG tracing::span] winit::Window::is_decorated;
[2026-07-29T09:58:39Z DEBUG tracing::span] winit::Window::is_decorated;
[2026-07-29T09:58:39Z DEBUG tracing::span] winit::Window::pre_present_notify;
[2026-07-29T09:58:39Z DEBUG tracing::span] winit::Window::request_redraw;
[2026-07-29T09:58:39Z DEBUG tracing::span] winit::Window::is_decorated;
[2026-07-29T09:58:39Z DEBUG tracing::span] winit::Window::is_decorated;
[2026-07-29T09:58:39Z DEBUG tracing::span] winit::Window::pre_present_notify;
[2026-07-29T09:58:39Z DEBUG tracing::span] winit::Window::request_redraw;
[2026-07-29T09:58:39Z DEBUG tracing::span] winit::Window::is_decorated;
[2026-07-29T09:58:39Z DEBUG tracing::span] winit::Window::is_decorated;
[2026-07-29T09:58:39Z DEBUG tracing::span] winit::Window::is_decorated;
[2026-07-29T09:58:39Z DEBUG tracing::span] winit::Window::pre_present_notify;
[2026-07-29T09:58:39Z DEBUG tracing::span] winit::Window::request_redraw;
[2026-07-29T09:58:39Z DEBUG tracing::span] winit::Window::is_decorated;
[2026-07-29T09:58:39Z DEBUG tracing::span] winit::Window::is_decorated;
[2026-07-29T09:58:39Z DEBUG tracing::span] winit::Window::pre_present_notify;
[2026-07-29T09:58:39Z DEBUG tracing::span] winit::Window::request_redraw;
[2026-07-29T09:58:39Z DEBUG tracing::span] winit::Window::is_decorated;
[2026-07-29T09:58:39Z DEBUG tracing::span] winit::Window::is_decorated;
[2026-07-29T09:58:39Z DEBUG tracing::span] winit::Window::pre_present_notify;
[2026-07-29T09:58:39Z DEBUG tracing::span] winit::Window::request_redraw;
[2026-07-29T09:58:39Z DEBUG tracing::span] winit::Window::is_decorated;
[2026-07-29T09:58:39Z DEBUG tracing::span] winit::Window::is_decorated;
[2026-07-29T09:58:39Z DEBUG tracing::span] winit::Window::pre_present_notify;
[2026-07-29T09:58:39Z DEBUG tracing::span] winit::Window::request_redraw;
[2026-07-29T09:58:39Z DEBUG tracing::span] winit::Window::is_decorated;
[2026-07-29T09:58:39Z DEBUG tracing::span] winit::Window::is_decorated;
[2026-07-29T09:58:39Z DEBUG tracing::span] winit::Window::pre_present_notify;
[2026-07-29T09:58:39Z DEBUG tracing::span] winit::Window::request_redraw;
[2026-07-29T09:58:39Z DEBUG tracing::span] winit::Window::is_decorated;
[2026-07-29T09:58:39Z DEBUG tracing::span] winit::Window::is_decorated;
[2026-07-29T09:58:39Z DEBUG tracing::span] winit::Window::is_decorated;
[2026-07-29T09:58:39Z DEBUG tracing::span] winit::Window::pre_present_notify;
[2026-07-29T09:58:39Z DEBUG tracing::span] winit::Window::request_redraw;
[2026-07-29T09:58:39Z DEBUG tracing::span] winit::Window::is_decorated;
[2026-07-29T09:58:39Z DEBUG tracing::span] winit::Window::is_decorated;
[2026-07-29T09:58:39Z DEBUG tracing::span] winit::Window::pre_present_notify;
[2026-07-29T09:58:39Z DEBUG tracing::span] winit::Window::request_redraw;
[2026-07-29T09:58:39Z DEBUG tracing::span] winit::Window::is_decorated;
[2026-07-29T09:58:39Z DEBUG tracing::span] winit::Window::is_decorated;
[2026-07-29T09:58:39Z DEBUG tracing::span] winit::Window::pre_present_notify;
[2026-07-29T09:58:39Z DEBUG tracing::span] winit::Window::request_redraw;
[2026-07-29T09:58:39Z DEBUG tracing::span] winit::Window::is_decorated;
[2026-07-29T09:58:39Z DEBUG tracing::span] winit::Window::is_decorated;
[2026-07-29T09:58:39Z DEBUG tracing::span] winit::Window::pre_present_notify;
[2026-07-29T09:58:39Z DEBUG tracing::span] winit::Window::request_redraw;
[2026-07-29T09:58:39Z DEBUG tracing::span] winit::Window::is_decorated;
[2026-07-29T09:58:39Z DEBUG tracing::span] winit::Window::pre_present_notify;
[2026-07-29T09:58:39Z DEBUG tracing::span] winit::Window::request_redraw;
[2026-07-29T09:58:39Z DEBUG tracing::span] winit::Window::pre_present_notify;
[2026-07-29T09:58:39Z DEBUG tracing::span] winit::Window::request_redraw;
[2026-07-29T09:58:39Z DEBUG tracing::span] winit::Window::is_decorated;
[2026-07-29T09:58:39Z DEBUG tracing::span] winit::Window::is_decorated;
[2026-07-29T09:58:39Z DEBUG tracing::span] winit::Window::pre_present_notify;
[2026-07-29T09:58:39Z DEBUG tracing::span] winit::Window::is_decorated;
[2026-07-29T09:58:39Z DEBUG tracing::span] winit::Window::request_redraw;
[2026-07-29T09:58:39Z DEBUG tracing::span] winit::Window::is_decorated;
[2026-07-29T09:58:39Z DEBUG tracing::span] winit::Window::pre_present_notify;
[2026-07-29T09:58:39Z DEBUG tracing::span] winit::Window::request_redraw;
[2026-07-29T09:58:39Z DEBUG tracing::span] winit::Window::is_decorated;
[2026-07-29T09:58:39Z DEBUG tracing::span] winit::Window::is_decorated;
[2026-07-29T09:58:39Z DEBUG tracing::span] winit::Window::pre_present_notify;
[2026-07-29T09:58:39Z DEBUG tracing::span] winit::Window::request_redraw;
[2026-07-29T09:58:39Z DEBUG tracing::span] winit::Window::is_decorated;
[2026-07-29T09:58:39Z DEBUG tracing::span] winit::Window::is_decorated;
[2026-07-29T09:58:39Z DEBUG tracing::span] winit::Window::is_decorated;
[2026-07-29T09:58:39Z DEBUG tracing::span] winit::Window::pre_present_notify;
[2026-07-29T09:58:39Z DEBUG tracing::span] winit::Window::is_decorated;
[2026-07-29T09:58:39Z DEBUG tracing::span] winit::Window::request_redraw;
[2026-07-29T09:58:39Z DEBUG tracing::span] winit::Window::is_decorated;
[2026-07-29T09:58:39Z DEBUG tracing::span] winit::Window::pre_present_notify;
[2026-07-29T09:58:39Z DEBUG tracing::span] winit::Window::is_decorated;
[2026-07-29T09:58:39Z DEBUG tracing::span] winit::Window::request_redraw;
[2026-07-29T09:58:39Z DEBUG tracing::span] winit::Window::is_decorated;
[2026-07-29T09:58:39Z DEBUG tracing::span] winit::Window::pre_present_notify;
[2026-07-29T09:58:39Z DEBUG tracing::span] winit::Window::request_redraw;
[2026-07-29T09:58:39Z DEBUG tracing::span] winit::Window::is_decorated;
[2026-07-29T09:58:39Z DEBUG tracing::span] winit::Window::is_decorated;
[2026-07-29T09:58:39Z DEBUG tracing::span] winit::Window::pre_present_notify;
[2026-07-29T09:58:39Z DEBUG tracing::span] winit::Window::request_redraw;
[2026-07-29T09:58:39Z DEBUG tracing::span] winit::Window::is_decorated;
[2026-07-29T09:58:39Z DEBUG tracing::span] winit::Window::is_decorated;
[2026-07-29T09:58:39Z DEBUG tracing::span] winit::Window::is_decorated;
[2026-07-29T09:58:39Z DEBUG tracing::span] winit::Window::pre_present_notify;
[2026-07-29T09:58:39Z DEBUG tracing::span] winit::Window::request_redraw;
[2026-07-29T09:58:39Z DEBUG tracing::span] winit::Window::is_decorated;
[2026-07-29T09:58:39Z DEBUG tracing::span] winit::Window::is_decorated;
[2026-07-29T09:58:39Z DEBUG tracing::span] winit::Window::pre_present_notify;
[2026-07-29T09:58:39Z DEBUG tracing::span] winit::Window::request_redraw;
[2026-07-29T09:58:39Z DEBUG tracing::span] winit::Window::is_decorated;
[2026-07-29T09:58:39Z DEBUG tracing::span] winit::Window::is_decorated;
[2026-07-29T09:58:39Z DEBUG tracing::span] winit::Window::pre_present_notify;
[2026-07-29T09:58:39Z DEBUG tracing::span] winit::Window::request_redraw;
[2026-07-29T09:58:39Z DEBUG tracing::span] winit::Window::is_decorated;
[2026-07-29T09:58:39Z DEBUG tracing::span] winit::Window::is_decorated;
[2026-07-29T09:58:39Z DEBUG tracing::span] winit::Window::pre_present_notify;
[2026-07-29T09:58:39Z DEBUG tracing::span] winit::Window::request_redraw;
[2026-07-29T09:58:39Z DEBUG tracing::span] winit::Window::is_decorated;
[2026-07-29T09:58:39Z DEBUG tracing::span] winit::Window::is_decorated;
[2026-07-29T09:58:39Z DEBUG tracing::span] winit::Window::pre_present_notify;
[2026-07-29T09:58:39Z DEBUG tracing::span] winit::Window::is_decorated;
[2026-07-29T09:58:39Z DEBUG tracing::span] winit::Window::is_decorated;
[2026-07-29T09:58:39Z DEBUG tracing::span] winit::Window::request_redraw;
[2026-07-29T09:58:39Z DEBUG tracing::span] winit::Window::is_decorated;
[2026-07-29T09:58:39Z DEBUG tracing::span] winit::Window::pre_present_notify;
[2026-07-29T09:58:39Z DEBUG tracing::span] winit::Window::is_decorated;
[2026-07-29T09:58:39Z DEBUG tracing::span] winit::Window::request_redraw;
[2026-07-29T09:58:39Z DEBUG tracing::span] winit::Window::is_decorated;
[2026-07-29T09:58:39Z DEBUG tracing::span] winit::Window::pre_present_notify;
[2026-07-29T09:58:39Z DEBUG tracing::span] winit::Window::is_decorated;
[2026-07-29T09:58:39Z DEBUG tracing::span] winit::Window::request_redraw;
[2026-07-29T09:58:39Z DEBUG tracing::span] winit::Window::is_decorated;
[2026-07-29T09:58:39Z DEBUG tracing::span] winit::Window::pre_present_notify;
[2026-07-29T09:58:39Z DEBUG tracing::span] winit::Window::request_redraw;
[2026-07-29T09:58:39Z DEBUG tracing::span] winit::Window::pre_present_notify;
[2026-07-29T09:58:39Z DEBUG tracing::span] winit::Window::request_redraw;
[2026-07-29T09:58:39Z DEBUG tracing::span] winit::Window::is_decorated;
[2026-07-29T09:58:39Z DEBUG tracing::span] winit::Window::pre_present_notify;
[2026-07-29T09:58:39Z DEBUG tracing::span] winit::Window::request_redraw;
[2026-07-29T09:58:39Z DEBUG tracing::span] winit::Window::is_decorated;
[2026-07-29T09:58:39Z DEBUG tracing::span] winit::Window::pre_present_notify;
[2026-07-29T09:58:39Z DEBUG tracing::span] winit::Window::request_redraw;
[2026-07-29T09:58:39Z DEBUG tracing::span] winit::Window::is_decorated;
[2026-07-29T09:58:39Z DEBUG tracing::span] winit::Window::is_decorated;
[2026-07-29T09:58:39Z DEBUG tracing::span] winit::Window::pre_present_notify;
[2026-07-29T09:58:39Z DEBUG tracing::span] winit::Window::request_redraw;
[2026-07-29T09:58:39Z DEBUG tracing::span] winit::Window::is_decorated;
[2026-07-29T09:58:39Z DEBUG tracing::span] winit::Window::is_decorated;
[2026-07-29T09:58:39Z DEBUG tracing::span] winit::Window::pre_present_notify;
[2026-07-29T09:58:39Z DEBUG tracing::span] winit::Window::request_redraw;
[2026-07-29T09:58:39Z DEBUG tracing::span] winit::Window::is_decorated;
[2026-07-29T09:58:39Z DEBUG tracing::span] winit::Window::is_decorated;
[2026-07-29T09:58:39Z DEBUG tracing::span] winit::Window::pre_present_notify;
[2026-07-29T09:58:39Z DEBUG tracing::span] winit::Window::request_redraw;
[2026-07-29T09:58:39Z DEBUG tracing::span] winit::Window::is_decorated;
[2026-07-29T09:58:39Z DEBUG tracing::span] winit::Window::is_decorated;
[2026-07-29T09:58:39Z DEBUG tracing::span] winit::Window::is_decorated;
[2026-07-29T09:58:39Z DEBUG tracing::span] winit::Window::pre_present_notify;
[2026-07-29T09:58:39Z DEBUG tracing::span] winit::Window::request_redraw;
[2026-07-29T09:58:39Z DEBUG tracing::span] winit::Window::is_decorated;
[2026-07-29T09:58:39Z DEBUG tracing::span] winit::Window::is_decorated;
[2026-07-29T09:58:39Z DEBUG tracing::span] winit::Window::pre_present_notify;
[2026-07-29T09:58:39Z DEBUG tracing::span] winit::Window::request_redraw;
[2026-07-29T09:58:39Z DEBUG tracing::span] winit::Window::is_decorated;
[2026-07-29T09:58:39Z DEBUG tracing::span] winit::Window::pre_present_notify;
[2026-07-29T09:58:39Z DEBUG tracing::span] winit::Window::request_redraw;
[2026-07-29T09:58:39Z DEBUG tracing::span] winit::Window::pre_present_notify;
[2026-07-29T09:58:39Z DEBUG tracing::span] winit::Window::request_redraw;
[2026-07-29T09:58:39Z DEBUG tracing::span] winit::Window::is_decorated;
[2026-07-29T09:58:39Z DEBUG tracing::span] winit::Window::is_decorated;
[2026-07-29T09:58:39Z DEBUG tracing::span] winit::Window::pre_present_notify;
[2026-07-29T09:58:39Z DEBUG tracing::span] winit::Window::is_decorated;
[2026-07-29T09:58:39Z DEBUG tracing::span] winit::Window::request_redraw;
[2026-07-29T09:58:39Z DEBUG tracing::span] winit::Window::is_decorated;
[2026-07-29T09:58:39Z DEBUG tracing::span] winit::Window::pre_present_notify;
[2026-07-29T09:58:39Z DEBUG tracing::span] winit::Window::request_redraw;
[2026-07-29T09:58:39Z DEBUG tracing::span] winit::Window::is_decorated;
[2026-07-29T09:58:39Z DEBUG tracing::span] winit::Window::is_decorated;
[2026-07-29T09:58:39Z DEBUG tracing::span] winit::Window::pre_present_notify;
[2026-07-29T09:58:39Z DEBUG tracing::span] winit::Window::request_redraw;
[2026-07-29T09:58:39Z DEBUG tracing::span] winit::Window::is_decorated;
[2026-07-29T09:58:39Z DEBUG tracing::span] winit::Window::pre_present_notify;
[2026-07-29T09:58:39Z DEBUG tracing::span] winit::Window::request_redraw;
[2026-07-29T09:58:39Z DEBUG tracing::span] winit::Window::pre_present_notify;
[2026-07-29T09:58:39Z DEBUG tracing::span] winit::Window::request_redraw;
[2026-07-29T09:58:39Z DEBUG tracing::span] winit::Window::pre_present_notify;
[2026-07-29T09:58:39Z DEBUG tracing::span] winit::Window::request_redraw;
[2026-07-29T09:58:39Z DEBUG tracing::span] winit::Window::is_decorated;
[2026-07-29T09:58:39Z DEBUG tracing::span] winit::Window::pre_present_notify;
[2026-07-29T09:58:39Z DEBUG tracing::span] winit::Window::request_redraw;
[2026-07-29T09:58:39Z DEBUG tracing::span] winit::Window::is_decorated;
[2026-07-29T09:58:39Z DEBUG tracing::span] winit::Window::pre_present_notify;
[2026-07-29T09:58:39Z DEBUG tracing::span] winit::Window::request_redraw;
[2026-07-29T09:58:39Z DEBUG tracing::span] winit::Window::is_decorated;
[2026-07-29T09:58:39Z DEBUG tracing::span] winit::Window::pre_present_notify;
[2026-07-29T09:58:39Z DEBUG tracing::span] winit::Window::is_decorated;
[2026-07-29T09:58:39Z DEBUG tracing::span] winit::Window::request_redraw;
[2026-07-29T09:58:39Z DEBUG tracing::span] winit::Window::is_decorated;
[2026-07-29T09:58:39Z DEBUG tracing::span] winit::Window::pre_present_notify;
[2026-07-29T09:58:39Z DEBUG tracing::span] winit::Window::request_redraw;
[2026-07-29T09:58:39Z DEBUG tracing::span] winit::Window::is_decorated;
[2026-07-29T09:58:39Z DEBUG tracing::span] winit::Window::is_decorated;
[2026-07-29T09:58:39Z DEBUG tracing::span] winit::Window::pre_present_notify;
[2026-07-29T09:58:39Z DEBUG tracing::span] winit::Window::request_redraw;
[2026-07-29T09:58:39Z DEBUG tracing::span] winit::Window::is_decorated;
[2026-07-29T09:58:39Z DEBUG tracing::span] winit::Window::pre_present_notify;
[2026-07-29T09:58:39Z DEBUG tracing::span] winit::Window::request_redraw;
[2026-07-29T09:58:39Z DEBUG tracing::span] winit::Window::is_decorated;
[2026-07-29T09:58:39Z DEBUG tracing::span] winit::Window::pre_present_notify;
[2026-07-29T09:58:39Z DEBUG tracing::span] winit::Window::request_redraw;
[2026-07-29T09:58:40Z DEBUG tracing::span] winit::Window::pre_present_notify;
[2026-07-29T09:58:40Z DEBUG tracing::span] winit::Window::request_redraw;
[2026-07-29T09:58:40Z DEBUG tracing::span] winit::Window::pre_present_notify;
[2026-07-29T09:58:40Z DEBUG tracing::span] winit::Window::request_redraw;
[2026-07-29T09:58:40Z DEBUG tracing::span] winit::Window::pre_present_notify;
[2026-07-29T09:58:40Z DEBUG tracing::span] winit::Window::request_redraw;
[2026-07-29T09:58:40Z DEBUG tracing::span] winit::Window::pre_present_notify;
[2026-07-29T09:58:40Z DEBUG tracing::span] winit::Window::request_redraw;
[2026-07-29T09:58:40Z DEBUG tracing::span] winit::Window::pre_present_notify;
[2026-07-29T09:58:40Z DEBUG tracing::span] winit::Window::request_redraw;
[2026-07-29T09:58:40Z DEBUG tracing::span] winit::Window::pre_present_notify;
[2026-07-29T09:58:40Z DEBUG tracing::span] winit::Window::request_redraw;
[2026-07-29T09:58:40Z DEBUG tracing::span] winit::Window::pre_present_notify;
[2026-07-29T09:58:40Z DEBUG tracing::span] winit::Window::request_redraw;
[2026-07-29T09:58:40Z DEBUG tracing::span] winit::Window::pre_present_notify;
[2026-07-29T09:58:40Z DEBUG tracing::span] winit::Window::request_redraw;
[2026-07-29T09:58:40Z DEBUG tracing::span] winit::Window::pre_present_notify;
[2026-07-29T09:58:40Z DEBUG tracing::span] winit::Window::request_redraw;
[2026-07-29T09:58:40Z DEBUG tracing::span] winit::Window::is_decorated;
[2026-07-29T09:58:40Z DEBUG tracing::span] winit::Window::pre_present_notify;
[2026-07-29T09:58:40Z DEBUG tracing::span] winit::Window::request_redraw;
[2026-07-29T09:58:40Z DEBUG tracing::span] winit::Window::pre_present_notify;
[2026-07-29T09:58:40Z DEBUG tracing::span] winit::Window::request_redraw;
[2026-07-29T09:58:40Z DEBUG tracing::span] winit::Window::pre_present_notify;
[2026-07-29T09:58:40Z DEBUG tracing::span] winit::Window::request_redraw;
[2026-07-29T09:58:40Z DEBUG tracing::span] winit::Window::is_decorated;
[2026-07-29T09:58:40Z DEBUG tracing::span] winit::Window::pre_present_notify;
[2026-07-29T09:58:40Z DEBUG tracing::span] winit::Window::request_redraw;
[2026-07-29T09:58:40Z DEBUG tracing::span] winit::Window::pre_present_notify;
[2026-07-29T09:58:40Z DEBUG tracing::span] winit::Window::request_redraw;
[2026-07-29T09:58:40Z DEBUG tracing::span] winit::Window::is_decorated;
[2026-07-29T09:58:40Z DEBUG tracing::span] winit::Window::is_decorated;
[2026-07-29T09:58:40Z DEBUG tracing::span] winit::Window::is_decorated;
[2026-07-29T09:58:40Z DEBUG tracing::span] winit::Window::pre_present_notify;
[2026-07-29T09:58:40Z DEBUG tracing::span] winit::Window::request_redraw;
[2026-07-29T09:58:40Z DEBUG tracing::span] winit::Window::pre_present_notify;
[2026-07-29T09:58:40Z DEBUG tracing::span] winit::Window::request_redraw;
[2026-07-29T09:58:40Z DEBUG tracing::span] winit::Window::is_decorated;
[2026-07-29T09:58:40Z DEBUG tracing::span] winit::Window::pre_present_notify;
[2026-07-29T09:58:40Z DEBUG tracing::span] winit::Window::request_redraw;
[2026-07-29T09:58:40Z DEBUG tracing::span] winit::Window::pre_present_notify;
[2026-07-29T09:58:40Z DEBUG tracing::span] winit::Window::request_redraw;
[2026-07-29T09:58:40Z DEBUG tracing::span] winit::Window::pre_present_notify;
[2026-07-29T09:58:40Z DEBUG tracing::span] winit::Window::request_redraw;
[2026-07-29T09:58:40Z DEBUG tracing::span] winit::Window::pre_present_notify;
[2026-07-29T09:58:40Z DEBUG tracing::span] winit::Window::request_redraw;
[2026-07-29T09:58:40Z DEBUG tracing::span] winit::Window::pre_present_notify;
[2026-07-29T09:58:40Z DEBUG tracing::span] winit::Window::request_redraw;
[2026-07-29T09:58:40Z DEBUG tracing::span] winit::Window::pre_present_notify;
[2026-07-29T09:58:40Z DEBUG tracing::span] winit::Window::request_redraw;
[2026-07-29T09:58:40Z DEBUG tracing::span] winit::Window::pre_present_notify;
[2026-07-29T09:58:40Z DEBUG tracing::span] winit::Window::request_redraw;
[2026-07-29T09:58:40Z DEBUG tracing::span] winit::Window::pre_present_notify;
[2026-07-29T09:58:40Z DEBUG tracing::span] winit::Window::request_redraw;
[2026-07-29T09:58:40Z DEBUG ureq_proto::client] Call<Prepare>
[2026-07-29T09:58:40Z DEBUG ureq::run] PUT https://api.spotify.com/******
[2026-07-29T09:58:40Z DEBUG ureq::unversioned::resolver] Resolved: ArrayVec { len: 2, arr: [35.186.224.24:443, [2600:1901:1:7c5::]:443] }
[2026-07-29T09:58:40Z DEBUG ureq::pool] Use pooled: PoolKey { scheme: "https", authority: api.spotify.com, proxy: None }
[2026-07-29T09:58:40Z DEBUG ureq_proto::client] Call<SendRequest>
[2026-07-29T09:58:40Z DEBUG ureq::run] Request { method: PUT, uri: https://api.spotify.com/******, version: HTTP/1.1, headers: {"accept-encoding": "gzip", "content-length": "0", "user-agent": "ureq/3.3.0", "accept": "*/*", "host": "api.spotify.com", "<NOTICE>": "1 HEADERS ARE REDACTED"} }
[2026-07-29T09:58:40Z DEBUG ureq_proto::client] Call<RecvResponse>
[2026-07-29T09:58:40Z DEBUG tracing::span] winit::Window::pre_present_notify;
[2026-07-29T09:58:40Z DEBUG tracing::span] winit::Window::request_redraw;
[2026-07-29T09:58:40Z DEBUG tracing::span] winit::Window::pre_present_notify;
[2026-07-29T09:58:40Z DEBUG tracing::span] winit::Window::request_redraw;
[2026-07-29T09:58:40Z DEBUG tracing::span] winit::Window::is_decorated;
[2026-07-29T09:58:40Z DEBUG tracing::span] winit::Window::pre_present_notify;
[2026-07-29T09:58:40Z DEBUG tracing::span] winit::Window::is_decorated;
[2026-07-29T09:58:40Z DEBUG tracing::span] winit::Window::request_redraw;
[2026-07-29T09:58:40Z DEBUG tracing::span] winit::Window::is_decorated;
[2026-07-29T09:58:40Z DEBUG tracing::span] winit::Window::pre_present_notify;
[2026-07-29T09:58:40Z DEBUG tracing::span] winit::Window::is_decorated;
[2026-07-29T09:58:40Z DEBUG tracing::span] winit::Window::request_redraw;
[2026-07-29T09:58:40Z DEBUG tracing::span] winit::Window::is_decorated;
[2026-07-29T09:58:40Z DEBUG tracing::span] winit::Window::is_decorated;
[2026-07-29T09:58:40Z DEBUG tracing::span] winit::Window::pre_present_notify;
[2026-07-29T09:58:40Z DEBUG tracing::span] winit::Window::request_redraw;
[2026-07-29T09:58:40Z DEBUG tracing::span] winit::Window::is_decorated;
[2026-07-29T09:58:40Z DEBUG tracing::span] winit::Window::is_decorated;
[2026-07-29T09:58:40Z DEBUG tracing::span] winit::Window::pre_present_notify;
[2026-07-29T09:58:40Z DEBUG tracing::span] winit::Window::request_redraw;
[2026-07-29T09:58:40Z DEBUG tracing::span] winit::Window::is_decorated;
[2026-07-29T09:58:40Z DEBUG tracing::span] winit::Window::is_decorated;
[2026-07-29T09:58:40Z DEBUG ureq_proto::client] Call<RecvBody>
[2026-07-29T09:58:40Z DEBUG ureq::run] Response { status: 200, version: HTTP/1.1, headers: {"content-length": "27", "date": "Wed, 29 Jul 2026 09:58:40 GMT", "server": "envoy", "<NOTICE>": "8 HEADERS ARE REDACTED"} }
[2026-07-29T09:58:40Z DEBUG tracing::span] winit::EventLoopProxy::send_event;
[2026-07-29T09:58:40Z DEBUG tracing::span] winit::Window::pre_present_notify;
[2026-07-29T09:58:40Z DEBUG tracing::span] winit::Window::request_redraw;
[2026-07-29T09:58:40Z DEBUG tracing::span] winit::Window::is_decorated;
[2026-07-29T09:58:40Z DEBUG tracing::span] winit::Window::is_decorated;
[2026-07-29T09:58:40Z DEBUG tracing::span] winit::Window::pre_present_notify;
[2026-07-29T09:58:40Z DEBUG tracing::span] winit::Window::request_redraw;
[2026-07-29T09:58:40Z DEBUG tracing::span] winit::Window::is_decorated;
[2026-07-29T09:58:40Z DEBUG tracing::span] winit::Window::is_decorated;
[2026-07-29T09:58:40Z DEBUG tracing::span] winit::Window::is_decorated;
[2026-07-29T09:58:40Z DEBUG tracing::span] winit::Window::pre_present_notify;
[2026-07-29T09:58:40Z DEBUG tracing::span] winit::Window::request_redraw;
[2026-07-29T09:58:40Z DEBUG tracing::span] winit::Window::is_decorated;
[2026-07-29T09:58:40Z DEBUG tracing::span] winit::Window::is_decorated;
[2026-07-29T09:58:40Z DEBUG tracing::span] winit::Window::pre_present_notify;
[2026-07-29T09:58:40Z DEBUG tracing::span] winit::Window::request_redraw;
[2026-07-29T09:58:40Z DEBUG tracing::span] winit::Window::is_decorated;
[2026-07-29T09:58:40Z DEBUG tracing::span] winit::Window::is_decorated;
[2026-07-29T09:58:40Z DEBUG tracing::span] winit::Window::pre_present_notify;
[2026-07-29T09:58:40Z DEBUG tracing::span] winit::Window::request_redraw;
[2026-07-29T09:58:40Z DEBUG tracing::span] winit::Window::is_decorated;
[2026-07-29T09:58:40Z DEBUG tracing::span] winit::Window::is_decorated;
[2026-07-29T09:58:40Z DEBUG tracing::span] winit::Window::pre_present_notify;
[2026-07-29T09:58:40Z DEBUG tracing::span] winit::Window::request_redraw;
[2026-07-29T09:58:40Z DEBUG tracing::span] winit::Window::is_decorated;
[2026-07-29T09:58:40Z DEBUG tracing::span] winit::Window::is_decorated;
[2026-07-29T09:58:40Z DEBUG tracing::span] winit::Window::pre_present_notify;
[2026-07-29T09:58:40Z DEBUG tracing::span] winit::Window::request_redraw;
[2026-07-29T09:58:40Z DEBUG tracing::span] winit::Window::is_decorated;
[2026-07-29T09:58:40Z DEBUG tracing::span] winit::Window::is_decorated;
[2026-07-29T09:58:40Z DEBUG tracing::span] winit::Window::is_decorated;
[2026-07-29T09:58:40Z DEBUG tracing::span] winit::Window::pre_present_notify;
[2026-07-29T09:58:40Z DEBUG tracing::span] winit::Window::request_redraw;
[2026-07-29T09:58:40Z DEBUG tracing::span] winit::Window::is_decorated;
[2026-07-29T09:58:40Z DEBUG tracing::span] winit::Window::is_decorated;
[2026-07-29T09:58:40Z DEBUG tracing::span] winit::Window::pre_present_notify;
[2026-07-29T09:58:40Z DEBUG tracing::span] winit::Window::request_redraw;
[2026-07-29T09:58:40Z DEBUG tracing::span] winit::Window::is_decorated;
[2026-07-29T09:58:40Z DEBUG tracing::span] winit::Window::is_decorated;
[2026-07-29T09:58:40Z DEBUG tracing::span] winit::Window::pre_present_notify;
[2026-07-29T09:58:40Z DEBUG tracing::span] winit::Window::request_redraw;
[2026-07-29T09:58:40Z DEBUG tracing::span] winit::Window::is_decorated;
[2026-07-29T09:58:40Z DEBUG tracing::span] winit::Window::is_decorated;
[2026-07-29T09:58:40Z DEBUG tracing::span] winit::Window::pre_present_notify;
[2026-07-29T09:58:40Z DEBUG tracing::span] winit::Window::request_redraw;
[2026-07-29T09:58:40Z DEBUG tracing::span] winit::Window::is_decorated;
[2026-07-29T09:58:40Z DEBUG tracing::span] winit::Window::is_decorated;
[2026-07-29T09:58:40Z DEBUG tracing::span] winit::Window::is_decorated;
[2026-07-29T09:58:40Z DEBUG tracing::span] winit::Window::pre_present_notify;
[2026-07-29T09:58:40Z DEBUG tracing::span] winit::Window::request_redraw;
[2026-07-29T09:58:40Z DEBUG tracing::span] winit::Window::is_decorated;
[2026-07-29T09:58:40Z DEBUG tracing::span] winit::Window::is_decorated;
[2026-07-29T09:58:40Z DEBUG tracing::span] winit::Window::pre_present_notify;
[2026-07-29T09:58:40Z DEBUG tracing::span] winit::Window::request_redraw;
[2026-07-29T09:58:40Z DEBUG tracing::span] winit::Window::is_decorated;
[2026-07-29T09:58:40Z DEBUG tracing::span] winit::Window::is_decorated;
[2026-07-29T09:58:40Z DEBUG tracing::span] winit::Window::pre_present_notify;
[2026-07-29T09:58:40Z DEBUG tracing::span] winit::Window::request_redraw;
[2026-07-29T09:58:40Z DEBUG tracing::span] winit::Window::is_decorated;
[2026-07-29T09:58:40Z DEBUG tracing::span] winit::Window::is_decorated;
[2026-07-29T09:58:40Z DEBUG tracing::span] winit::Window::pre_present_notify;
[2026-07-29T09:58:40Z DEBUG tracing::span] winit::Window::request_redraw;
[2026-07-29T09:58:40Z DEBUG tracing::span] winit::Window::is_decorated;
[2026-07-29T09:58:40Z DEBUG tracing::span] winit::Window::is_decorated;
[2026-07-29T09:58:40Z DEBUG tracing::span] winit::Window::pre_present_notify;
[2026-07-29T09:58:40Z DEBUG tracing::span] winit::Window::request_redraw;
[2026-07-29T09:58:40Z DEBUG tracing::span] winit::Window::is_decorated;
[2026-07-29T09:58:40Z DEBUG tracing::span] winit::Window::is_decorated;
[2026-07-29T09:58:40Z DEBUG tracing::span] winit::Window::is_decorated;
[2026-07-29T09:58:40Z DEBUG tracing::span] winit::Window::pre_present_notify;
[2026-07-29T09:58:40Z DEBUG tracing::span] winit::Window::request_redraw;
[2026-07-29T09:58:40Z DEBUG tracing::span] winit::Window::is_decorated;
[2026-07-29T09:58:40Z DEBUG tracing::span] winit::Window::is_decorated;
[2026-07-29T09:58:40Z DEBUG tracing::span] winit::Window::pre_present_notify;
[2026-07-29T09:58:40Z DEBUG tracing::span] winit::Window::request_redraw;
[2026-07-29T09:58:40Z DEBUG tracing::span] winit::Window::is_decorated;
[2026-07-29T09:58:40Z DEBUG tracing::span] winit::Window::is_decorated;
[2026-07-29T09:58:40Z DEBUG tracing::span] winit::Window::pre_present_notify;
[2026-07-29T09:58:40Z DEBUG tracing::span] winit::Window::request_redraw;
[2026-07-29T09:58:40Z DEBUG tracing::span] winit::Window::pre_present_notify;
[2026-07-29T09:58:40Z DEBUG tracing::span] winit::Window::request_redraw;
[2026-07-29T09:58:40Z DEBUG tracing::span] winit::Window::pre_present_notify;
[2026-07-29T09:58:40Z DEBUG tracing::span] winit::Window::request_redraw;
[2026-07-29T09:58:40Z DEBUG tracing::span] winit::Window::pre_present_notify;
[2026-07-29T09:58:40Z DEBUG tracing::span] winit::Window::request_redraw;
[2026-07-29T09:58:40Z DEBUG tracing::span] winit::Window::pre_present_notify;
[2026-07-29T09:58:40Z DEBUG tracing::span] winit::Window::request_redraw;
[2026-07-29T09:58:40Z DEBUG tracing::span] winit::Window::pre_present_notify;
[2026-07-29T09:58:40Z DEBUG tracing::span] winit::Window::request_redraw;
[2026-07-29T09:58:40Z DEBUG tracing::span] winit::Window::pre_present_notify;
[2026-07-29T09:58:40Z DEBUG tracing::span] winit::Window::request_redraw;
[2026-07-29T09:58:40Z DEBUG tracing::span] winit::Window::pre_present_notify;
[2026-07-29T09:58:40Z DEBUG tracing::span] winit::Window::request_redraw;
[2026-07-29T09:58:40Z DEBUG tracing::span] winit::Window::pre_present_notify;
[2026-07-29T09:58:40Z DEBUG tracing::span] winit::Window::request_redraw;
[2026-07-29T09:58:40Z DEBUG tracing::span] winit::Window::pre_present_notify;
[2026-07-29T09:58:40Z DEBUG tracing::span] winit::Window::request_redraw;
[2026-07-29T09:58:40Z DEBUG tracing::span] winit::Window::pre_present_notify;
[2026-07-29T09:58:40Z DEBUG tracing::span] winit::Window::request_redraw;
[2026-07-29T09:58:40Z DEBUG tracing::span] winit::Window::pre_present_notify;
[2026-07-29T09:58:40Z DEBUG tracing::span] winit::Window::request_redraw;
[2026-07-29T09:58:41Z DEBUG tracing::span] winit::Window::pre_present_notify;
[2026-07-29T09:58:41Z DEBUG tracing::span] winit::Window::request_redraw;
[2026-07-29T09:58:41Z DEBUG tracing::span] winit::Window::pre_present_notify;
[2026-07-29T09:58:41Z DEBUG tracing::span] winit::Window::request_redraw;
[2026-07-29T09:58:41Z DEBUG tracing::span] winit::Window::pre_present_notify;
[2026-07-29T09:58:41Z DEBUG tracing::span] winit::Window::request_redraw;
[2026-07-29T09:58:41Z DEBUG tracing::span] winit::Window::pre_present_notify;
[2026-07-29T09:58:41Z DEBUG tracing::span] winit::Window::request_redraw;
[2026-07-29T09:58:41Z DEBUG tracing::span] winit::Window::pre_present_notify;
[2026-07-29T09:58:41Z DEBUG tracing::span] winit::Window::request_redraw;
[2026-07-29T09:58:41Z DEBUG tracing::span] winit::Window::pre_present_notify;
[2026-07-29T09:58:41Z DEBUG tracing::span] winit::Window::request_redraw;
[2026-07-29T09:58:41Z DEBUG tracing::span] winit::Window::pre_present_notify;
[2026-07-29T09:58:41Z DEBUG tracing::span] winit::Window::request_redraw;
[2026-07-29T09:58:41Z DEBUG tracing::span] winit::Window::pre_present_notify;
[2026-07-29T09:58:41Z DEBUG tracing::span] winit::Window::request_redraw;
[2026-07-29T09:58:41Z DEBUG tracing::span] winit::Window::pre_present_notify;
[2026-07-29T09:58:41Z DEBUG tracing::span] winit::Window::request_redraw;
[2026-07-29T09:58:41Z DEBUG tracing::span] winit::Window::pre_present_notify;
[2026-07-29T09:58:41Z DEBUG tracing::span] winit::Window::request_redraw;
[2026-07-29T09:58:41Z DEBUG tracing::span] winit::Window::pre_present_notify;
[2026-07-29T09:58:41Z DEBUG tracing::span] winit::Window::request_redraw;
[2026-07-29T09:58:41Z DEBUG tracing::span] winit::Window::pre_present_notify;
[2026-07-29T09:58:41Z DEBUG tracing::span] winit::Window::request_redraw;
[2026-07-29T09:58:41Z DEBUG tracing::span] winit::Window::pre_present_notify;
[2026-07-29T09:58:41Z DEBUG tracing::span] winit::Window::request_redraw;
[2026-07-29T09:58:41Z DEBUG tracing::span] winit::Window::pre_present_notify;
[2026-07-29T09:58:41Z DEBUG tracing::span] winit::Window::request_redraw;
[2026-07-29T09:58:41Z DEBUG tracing::span] winit::Window::pre_present_notify;
[2026-07-29T09:58:41Z DEBUG tracing::span] winit::Window::request_redraw;
[2026-07-29T09:58:41Z DEBUG tracing::span] winit::Window::pre_present_notify;
[2026-07-29T09:58:41Z DEBUG tracing::span] winit::Window::request_redraw;
[2026-07-29T09:58:41Z DEBUG tracing::span] winit::Window::pre_present_notify;
[2026-07-29T09:58:41Z DEBUG tracing::span] winit::Window::request_redraw;
[2026-07-29T09:58:41Z DEBUG tracing::span] winit::Window::pre_present_notify;
[2026-07-29T09:58:41Z DEBUG tracing::span] winit::Window::request_redraw;
[2026-07-29T09:58:41Z DEBUG tracing::span] winit::Window::pre_present_notify;
[2026-07-29T09:58:41Z DEBUG tracing::span] winit::Window::request_redraw;
[2026-07-29T09:58:41Z DEBUG tracing::span] winit::Window::pre_present_notify;
[2026-07-29T09:58:41Z DEBUG tracing::span] winit::Window::request_redraw;
[2026-07-29T09:58:41Z DEBUG tracing::span] winit::Window::pre_present_notify;
[2026-07-29T09:58:41Z DEBUG tracing::span] winit::Window::request_redraw;
[2026-07-29T09:58:41Z DEBUG tracing::span] winit::Window::pre_present_notify;
[2026-07-29T09:58:41Z DEBUG tracing::span] winit::Window::request_redraw;
[2026-07-29T09:58:41Z DEBUG tracing::span] winit::Window::pre_present_notify;
[2026-07-29T09:58:41Z DEBUG tracing::span] winit::Window::request_redraw;
[2026-07-29T09:58:41Z DEBUG tracing::span] winit::Window::pre_present_notify;
[2026-07-29T09:58:41Z DEBUG tracing::span] winit::Window::request_redraw;
[2026-07-29T09:58:41Z DEBUG tracing::span] winit::Window::pre_present_notify;
[2026-07-29T09:58:41Z DEBUG tracing::span] winit::Window::request_redraw;
[2026-07-29T09:58:41Z DEBUG tracing::span] winit::Window::pre_present_notify;
[2026-07-29T09:58:41Z DEBUG tracing::span] winit::Window::request_redraw;
[2026-07-29T09:58:41Z DEBUG tracing::span] winit::Window::pre_present_notify;
[2026-07-29T09:58:41Z DEBUG tracing::span] winit::Window::request_redraw;
[2026-07-29T09:58:41Z DEBUG tracing::span] winit::Window::pre_present_notify;
[2026-07-29T09:58:41Z DEBUG tracing::span] winit::Window::request_redraw;
[2026-07-29T09:58:41Z DEBUG tracing::span] winit::Window::pre_present_notify;
[2026-07-29T09:58:41Z DEBUG tracing::span] winit::Window::request_redraw;
[2026-07-29T09:58:41Z DEBUG tracing::span] winit::Window::pre_present_notify;
[2026-07-29T09:58:41Z DEBUG tracing::span] winit::Window::request_redraw;
[2026-07-29T09:58:41Z DEBUG tracing::span] winit::Window::pre_present_notify;
[2026-07-29T09:58:41Z DEBUG tracing::span] winit::Window::request_redraw;
[2026-07-29T09:58:41Z DEBUG tracing::span] winit::Window::pre_present_notify;
[2026-07-29T09:58:41Z DEBUG tracing::span] winit::Window::request_redraw;
[2026-07-29T09:58:41Z DEBUG tracing::span] winit::Window::pre_present_notify;
[2026-07-29T09:58:41Z DEBUG tracing::span] winit::Window::request_redraw;
[2026-07-29T09:58:41Z DEBUG tracing::span] winit::Window::pre_present_notify;
[2026-07-29T09:58:41Z DEBUG tracing::span] winit::Window::request_redraw;
[2026-07-29T09:58:41Z DEBUG tracing::span] winit::Window::pre_present_notify;
[2026-07-29T09:58:41Z DEBUG tracing::span] winit::Window::request_redraw;
[2026-07-29T09:58:41Z DEBUG tracing::span] winit::Window::pre_present_notify;
[2026-07-29T09:58:41Z DEBUG tracing::span] winit::Window::request_redraw;
[2026-07-29T09:58:41Z DEBUG tracing::span] winit::Window::pre_present_notify;
[2026-07-29T09:58:41Z DEBUG tracing::span] winit::Window::request_redraw;
[2026-07-29T09:58:41Z DEBUG tracing::span] winit::Window::pre_present_notify;
[2026-07-29T09:58:41Z DEBUG tracing::span] winit::Window::request_redraw;
[2026-07-29T09:58:41Z DEBUG tracing::span] winit::Window::pre_present_notify;
[2026-07-29T09:58:41Z DEBUG tracing::span] winit::Window::request_redraw;
[2026-07-29T09:58:41Z DEBUG tracing::span] winit::EventLoopProxy::send_event;
[2026-07-29T09:58:41Z DEBUG winit::window] winit::Window::set_title; title="Slint Window"
[2026-07-29T09:58:41Z DEBUG winit::window] winit::Window::set_decorations; decorations=true
[2026-07-29T09:58:41Z DEBUG tracing::span] winit::Window::fullscreen;
[2026-07-29T09:58:41Z DEBUG tracing::span] winit::Window::pre_present_notify;
[2026-07-29T09:58:41Z DEBUG tracing::span] winit::Window::request_redraw;
[2026-07-29T09:58:41Z DEBUG tracing::span] winit::Window::pre_present_notify;
[2026-07-29T09:58:41Z DEBUG tracing::span] winit::Window::request_redraw;
[2026-07-29T09:58:41Z DEBUG tracing::span] winit::Window::pre_present_notify;
[2026-07-29T09:58:41Z DEBUG tracing::span] winit::Window::request_redraw;
[2026-07-29T09:58:41Z DEBUG tracing::span] winit::Window::pre_present_notify;
[2026-07-29T09:58:41Z DEBUG tracing::span] winit::Window::request_redraw;
[2026-07-29T09:58:41Z DEBUG tracing::span] winit::Window::pre_present_notify;
[2026-07-29T09:58:41Z DEBUG tracing::span] winit::Window::request_redraw;
[2026-07-29T09:58:41Z DEBUG tracing::span] winit::Window::pre_present_notify;
[2026-07-29T09:58:41Z DEBUG tracing::span] winit::Window::request_redraw;
[2026-07-29T09:58:41Z DEBUG tracing::span] winit::Window::pre_present_notify;
[2026-07-29T09:58:41Z DEBUG tracing::span] winit::Window::request_redraw;
[2026-07-29T09:58:41Z DEBUG tracing::span] winit::Window::pre_present_notify;
[2026-07-29T09:58:41Z DEBUG tracing::span] winit::Window::request_redraw;
[2026-07-29T09:58:41Z DEBUG tracing::span] winit::Window::pre_present_notify;
[2026-07-29T09:58:41Z DEBUG tracing::span] winit::Window::request_redraw;
[2026-07-29T09:58:41Z DEBUG tracing::span] winit::Window::pre_present_notify;
[2026-07-29T09:58:41Z DEBUG tracing::span] winit::Window::request_redraw;
[2026-07-29T09:58:41Z DEBUG tracing::span] winit::Window::pre_present_notify;
[2026-07-29T09:58:41Z DEBUG tracing::span] winit::Window::request_redraw;
[2026-07-29T09:58:41Z DEBUG tracing::span] winit::Window::pre_present_notify;
[2026-07-29T09:58:41Z DEBUG tracing::span] winit::Window::request_redraw;
[2026-07-29T09:58:41Z DEBUG tracing::span] winit::Window::pre_present_notify;
[2026-07-29T09:58:41Z DEBUG tracing::span] winit::Window::request_redraw;
[2026-07-29T09:58:41Z DEBUG tracing::span] winit::EventLoopProxy::send_event;
[2026-07-29T09:58:41Z DEBUG winit::window] winit::Window::set_title; title="Slint Window"
[2026-07-29T09:58:41Z DEBUG winit::window] winit::Window::set_decorations; decorations=true
[2026-07-29T09:58:41Z DEBUG tracing::span] winit::Window::fullscreen;
[2026-07-29T09:58:41Z DEBUG tracing::span] winit::Window::pre_present_notify;
[2026-07-29T09:58:41Z DEBUG tracing::span] winit::Window::request_redraw;
[2026-07-29T09:58:41Z DEBUG tracing::span] winit::Window::pre_present_notify;
[2026-07-29T09:58:41Z DEBUG tracing::span] winit::Window::request_redraw;
[2026-07-29T09:58:41Z DEBUG tracing::span] winit::Window::pre_present_notify;
[2026-07-29T09:58:41Z DEBUG tracing::span] winit::Window::request_redraw;
[2026-07-29T09:58:41Z DEBUG tracing::span] winit::Window::pre_present_notify;
[2026-07-29T09:58:41Z DEBUG tracing::span] winit::Window::request_redraw;
[2026-07-29T09:58:41Z DEBUG tracing::span] winit::Window::pre_present_notify;
[2026-07-29T09:58:41Z DEBUG tracing::span] winit::Window::request_redraw;
[2026-07-29T09:58:41Z DEBUG tracing::span] winit::Window::pre_present_notify;
[2026-07-29T09:58:41Z DEBUG tracing::span] winit::Window::request_redraw;
[2026-07-29T09:58:41Z DEBUG tracing::span] winit::Window::pre_present_notify;
[2026-07-29T09:58:41Z DEBUG tracing::span] winit::Window::request_redraw;
[2026-07-29T09:58:41Z DEBUG tracing::span] winit::Window::pre_present_notify;
[2026-07-29T09:58:41Z DEBUG tracing::span] winit::Window::request_redraw;
[2026-07-29T09:58:42Z DEBUG tracing::span] winit::Window::pre_present_notify;
[2026-07-29T09:58:42Z DEBUG tracing::span] winit::Window::request_redraw;
[2026-07-29T09:58:42Z DEBUG tracing::span] winit::Window::pre_present_notify;
[2026-07-29T09:58:42Z DEBUG tracing::span] winit::Window::request_redraw;
[2026-07-29T09:58:42Z DEBUG tracing::span] winit::Window::pre_present_notify;
[2026-07-29T09:58:42Z DEBUG tracing::span] winit::Window::request_redraw;
[2026-07-29T09:58:42Z DEBUG tracing::span] winit::Window::pre_present_notify;
[2026-07-29T09:58:42Z DEBUG tracing::span] winit::Window::request_redraw;
[2026-07-29T09:58:42Z DEBUG tracing::span] winit::Window::pre_present_notify;
[2026-07-29T09:58:42Z DEBUG tracing::span] winit::Window::request_redraw;
[2026-07-29T09:58:42Z DEBUG tracing::span] winit::EventLoopProxy::send_event;
[2026-07-29T09:58:42Z DEBUG winit::window] winit::Window::set_title; title="Slint Window"
[2026-07-29T09:58:42Z DEBUG winit::window] winit::Window::set_decorations; decorations=true
[2026-07-29T09:58:42Z DEBUG tracing::span] winit::Window::fullscreen;
[2026-07-29T09:58:42Z DEBUG tracing::span] winit::Window::pre_present_notify;
[2026-07-29T09:58:42Z DEBUG tracing::span] winit::Window::request_redraw;
[2026-07-29T09:58:42Z DEBUG tracing::span] winit::Window::pre_present_notify;
[2026-07-29T09:58:42Z DEBUG tracing::span] winit::Window::request_redraw;
[2026-07-29T09:58:42Z DEBUG tracing::span] winit::Window::pre_present_notify;
[2026-07-29T09:58:42Z DEBUG tracing::span] winit::Window::request_redraw;
[2026-07-29T09:58:42Z DEBUG tracing::span] winit::Window::pre_present_notify;
[2026-07-29T09:58:42Z DEBUG tracing::span] winit::Window::request_redraw;
[2026-07-29T09:58:42Z DEBUG tracing::span] winit::Window::pre_present_notify;
[2026-07-29T09:58:42Z DEBUG tracing::span] winit::Window::request_redraw;
[2026-07-29T09:58:42Z DEBUG tracing::span] winit::Window::pre_present_notify;
[2026-07-29T09:58:42Z DEBUG tracing::span] winit::Window::request_redraw;
[2026-07-29T09:58:42Z DEBUG tracing::span] winit::Window::pre_present_notify;
[2026-07-29T09:58:42Z DEBUG tracing::span] winit::Window::request_redraw;
[2026-07-29T09:58:42Z DEBUG tracing::span] winit::Window::pre_present_notify;
[2026-07-29T09:58:42Z DEBUG tracing::span] winit::Window::request_redraw;
[2026-07-29T09:58:42Z DEBUG tracing::span] winit::Window::pre_present_notify;
[2026-07-29T09:58:42Z DEBUG tracing::span] winit::Window::request_redraw;
[2026-07-29T09:58:42Z DEBUG tracing::span] winit::Window::pre_present_notify;
[2026-07-29T09:58:42Z DEBUG tracing::span] winit::Window::request_redraw;
[2026-07-29T09:58:42Z DEBUG tracing::span] winit::Window::pre_present_notify;
[2026-07-29T09:58:42Z DEBUG tracing::span] winit::Window::request_redraw;
[2026-07-29T09:58:42Z DEBUG tracing::span] winit::Window::pre_present_notify;
[2026-07-29T09:58:42Z DEBUG tracing::span] winit::Window::request_redraw;
[2026-07-29T09:58:42Z DEBUG tracing::span] winit::Window::pre_present_notify;
[2026-07-29T09:58:42Z DEBUG tracing::span] winit::Window::request_redraw;
[2026-07-29T09:58:42Z DEBUG tracing::span] winit::Window::pre_present_notify;
[2026-07-29T09:58:42Z DEBUG tracing::span] winit::Window::request_redraw;
[2026-07-29T09:58:42Z DEBUG tracing::span] winit::Window::pre_present_notify;
[2026-07-29T09:58:42Z DEBUG tracing::span] winit::Window::request_redraw;
[2026-07-29T09:58:42Z DEBUG tracing::span] winit::Window::pre_present_notify;
[2026-07-29T09:58:42Z DEBUG tracing::span] winit::Window::request_redraw;
[2026-07-29T09:58:42Z DEBUG tracing::span] winit::Window::pre_present_notify;
[2026-07-29T09:58:42Z DEBUG tracing::span] winit::Window::request_redraw;
[2026-07-29T09:58:42Z DEBUG tracing::span] winit::Window::pre_present_notify;
[2026-07-29T09:58:42Z DEBUG tracing::span] winit::Window::request_redraw;
[2026-07-29T09:58:42Z DEBUG tracing::span] winit::Window::pre_present_notify;
[2026-07-29T09:58:42Z DEBUG tracing::span] winit::Window::request_redraw;
[2026-07-29T09:58:42Z DEBUG tracing::span] winit::Window::pre_present_notify;
[2026-07-29T09:58:42Z DEBUG tracing::span] winit::Window::request_redraw;
[2026-07-29T09:58:42Z DEBUG tracing::span] winit::Window::pre_present_notify;
[2026-07-29T09:58:42Z DEBUG tracing::span] winit::Window::request_redraw;
[2026-07-29T09:58:42Z DEBUG tracing::span] winit::Window::pre_present_notify;
[2026-07-29T09:58:42Z DEBUG tracing::span] winit::Window::request_redraw;
[2026-07-29T09:58:42Z DEBUG tracing::span] winit::Window::pre_present_notify;
[2026-07-29T09:58:42Z DEBUG tracing::span] winit::Window::request_redraw;
[2026-07-29T09:58:42Z DEBUG tracing::span] winit::Window::pre_present_notify;
[2026-07-29T09:58:42Z DEBUG tracing::span] winit::Window::request_redraw;
[2026-07-29T09:58:42Z DEBUG tracing::span] winit::Window::pre_present_notify;
[2026-07-29T09:58:42Z DEBUG tracing::span] winit::Window::request_redraw;
[2026-07-29T09:58:42Z DEBUG tracing::span] winit::Window::pre_present_notify;
[2026-07-29T09:58:42Z DEBUG tracing::span] winit::Window::request_redraw;
[2026-07-29T09:58:42Z DEBUG tracing::span] winit::Window::pre_present_notify;
[2026-07-29T09:58:42Z DEBUG tracing::span] winit::Window::request_redraw;
[2026-07-29T09:58:42Z DEBUG tracing::span] winit::Window::pre_present_notify;
[2026-07-29T09:58:42Z DEBUG tracing::span] winit::Window::request_redraw;
[2026-07-29T09:58:42Z DEBUG tracing::span] winit::Window::pre_present_notify;
[2026-07-29T09:58:42Z DEBUG tracing::span] winit::Window::request_redraw;
[2026-07-29T09:58:42Z DEBUG tracing::span] winit::Window::pre_present_notify;
[2026-07-29T09:58:42Z DEBUG tracing::span] winit::Window::request_redraw;
[2026-07-29T09:58:42Z DEBUG tracing::span] winit::Window::pre_present_notify;
[2026-07-29T09:58:42Z DEBUG tracing::span] winit::Window::request_redraw;
[2026-07-29T09:58:42Z DEBUG tracing::span] winit::Window::pre_present_notify;
[2026-07-29T09:58:42Z DEBUG tracing::span] winit::Window::request_redraw;
[2026-07-29T09:58:42Z DEBUG tracing::span] winit::Window::pre_present_notify;
[2026-07-29T09:58:42Z DEBUG tracing::span] winit::Window::request_redraw;
[2026-07-29T09:58:42Z DEBUG tracing::span] winit::Window::pre_present_notify;
[2026-07-29T09:58:42Z DEBUG tracing::span] winit::Window::request_redraw;
[2026-07-29T09:58:42Z DEBUG tracing::span] winit::Window::pre_present_notify;
[2026-07-29T09:58:42Z DEBUG tracing::span] winit::Window::request_redraw;
[2026-07-29T09:58:42Z DEBUG tracing::span] winit::Window::pre_present_notify;
[2026-07-29T09:58:42Z DEBUG tracing::span] winit::Window::request_redraw;
[2026-07-29T09:58:42Z DEBUG tracing::span] winit::Window::pre_present_notify;
[2026-07-29T09:58:42Z DEBUG tracing::span] winit::Window::request_redraw;
[2026-07-29T09:58:42Z DEBUG tracing::span] winit::Window::pre_present_notify;
[2026-07-29T09:58:42Z DEBUG tracing::span] winit::Window::request_redraw;
[2026-07-29T09:58:42Z DEBUG tracing::span] winit::Window::pre_present_notify;
[2026-07-29T09:58:42Z DEBUG tracing::span] winit::Window::request_redraw;
[2026-07-29T09:58:42Z DEBUG tracing::span] winit::Window::pre_present_notify;
[2026-07-29T09:58:42Z DEBUG tracing::span] winit::Window::request_redraw;
[2026-07-29T09:58:42Z DEBUG tracing::span] winit::Window::pre_present_notify;
[2026-07-29T09:58:42Z DEBUG tracing::span] winit::Window::request_redraw;
[2026-07-29T09:58:42Z DEBUG tracing::span] winit::Window::pre_present_notify;
[2026-07-29T09:58:42Z DEBUG tracing::span] winit::Window::request_redraw;
[2026-07-29T09:58:42Z DEBUG tracing::span] winit::Window::pre_present_notify;
[2026-07-29T09:58:42Z DEBUG tracing::span] winit::Window::request_redraw;
[2026-07-29T09:58:42Z DEBUG tracing::span] winit::Window::pre_present_notify;
[2026-07-29T09:58:42Z DEBUG tracing::span] winit::Window::request_redraw;
[2026-07-29T09:58:42Z DEBUG tracing::span] winit::Window::pre_present_notify;
[2026-07-29T09:58:42Z DEBUG tracing::span] winit::Window::request_redraw;
[2026-07-29T09:58:42Z DEBUG tracing::span] winit::Window::pre_present_notify;
[2026-07-29T09:58:42Z DEBUG tracing::span] winit::Window::request_redraw;
[2026-07-29T09:58:42Z DEBUG tracing::span] winit::Window::pre_present_notify;
[2026-07-29T09:58:42Z DEBUG tracing::span] winit::Window::request_redraw;
[2026-07-29T09:58:42Z DEBUG tracing::span] winit::Window::pre_present_notify;
[2026-07-29T09:58:42Z DEBUG tracing::span] winit::Window::request_redraw;
[2026-07-29T09:58:42Z DEBUG tracing::span] winit::Window::pre_present_notify;
[2026-07-29T09:58:42Z DEBUG tracing::span] winit::Window::request_redraw;
[2026-07-29T09:58:42Z DEBUG tracing::span] winit::Window::pre_present_notify;
[2026-07-29T09:58:42Z DEBUG tracing::span] winit::Window::request_redraw;
[2026-07-29T09:58:42Z DEBUG tracing::span] winit::Window::pre_present_notify;
[2026-07-29T09:58:42Z DEBUG tracing::span] winit::Window::request_redraw;
[2026-07-29T09:58:42Z DEBUG tracing::span] winit::Window::pre_present_notify;
[2026-07-29T09:58:42Z DEBUG tracing::span] winit::Window::request_redraw;
[2026-07-29T09:58:42Z DEBUG tracing::span] winit::Window::pre_present_notify;
[2026-07-29T09:58:42Z DEBUG tracing::span] winit::Window::request_redraw;
[2026-07-29T09:58:42Z DEBUG tracing::span] winit::Window::pre_present_notify;
[2026-07-29T09:58:42Z DEBUG tracing::span] winit::Window::request_redraw;
[2026-07-29T09:58:42Z DEBUG tracing::span] winit::Window::pre_present_notify;
[2026-07-29T09:58:42Z DEBUG tracing::span] winit::Window::request_redraw;
[2026-07-29T09:58:43Z DEBUG tracing::span] winit::Window::pre_present_notify;
[2026-07-29T09:58:43Z DEBUG tracing::span] winit::Window::request_redraw;
[2026-07-29T09:58:43Z DEBUG tracing::span] winit::Window::pre_present_notify;
[2026-07-29T09:58:43Z DEBUG tracing::span] winit::Window::request_redraw;
[2026-07-29T09:58:43Z DEBUG tracing::span] winit::Window::pre_present_notify;
[2026-07-29T09:58:43Z DEBUG tracing::span] winit::Window::request_redraw;
[2026-07-29T09:58:43Z DEBUG tracing::span] winit::Window::pre_present_notify;
[2026-07-29T09:58:43Z DEBUG tracing::span] winit::Window::request_redraw;
[2026-07-29T09:58:43Z DEBUG tracing::span] winit::Window::pre_present_notify;
[2026-07-29T09:58:43Z DEBUG tracing::span] winit::Window::request_redraw;
[2026-07-29T09:58:43Z DEBUG tracing::span] winit::Window::pre_present_notify;
[2026-07-29T09:58:43Z DEBUG tracing::span] winit::Window::request_redraw;
[2026-07-29T09:58:43Z DEBUG tracing::span] winit::Window::pre_present_notify;
[2026-07-29T09:58:43Z DEBUG tracing::span] winit::Window::request_redraw;
[2026-07-29T09:58:43Z DEBUG tracing::span] winit::Window::pre_present_notify;
[2026-07-29T09:58:43Z DEBUG tracing::span] winit::Window::request_redraw;
[2026-07-29T09:58:43Z DEBUG tracing::span] winit::Window::pre_present_notify;
[2026-07-29T09:58:43Z DEBUG tracing::span] winit::Window::request_redraw;
[2026-07-29T09:58:43Z DEBUG tracing::span] winit::Window::pre_present_notify;
[2026-07-29T09:58:43Z DEBUG tracing::span] winit::Window::request_redraw;
[2026-07-29T09:58:43Z DEBUG tracing::span] winit::Window::pre_present_notify;
[2026-07-29T09:58:43Z DEBUG tracing::span] winit::Window::request_redraw;
[2026-07-29T09:58:43Z DEBUG winit::window] winit::Window::set_title; title="Slint Window"
[2026-07-29T09:58:43Z DEBUG winit::window] winit::Window::set_decorations; decorations=true
[2026-07-29T09:58:43Z DEBUG tracing::span] winit::Window::fullscreen;
[2026-07-29T09:58:43Z DEBUG winit::window] winit::Window::set_resizable; resizable=true
[2026-07-29T09:58:43Z DEBUG winit::window] winit::Window::set_min_inner_size; min_size=Some(Physical(PhysicalSize { width: 1255, height: 826 }))
[2026-07-29T09:58:43Z DEBUG winit::window] winit::Window::max_size; max_size=Some(Physical(PhysicalSize { width: 101079, height: 16777215 }))
[2026-07-29T09:58:43Z DEBUG tracing::span] winit::Window::pre_present_notify;
[2026-07-29T09:58:43Z DEBUG tracing::span] winit::Window::request_redraw;
[2026-07-29T09:58:43Z DEBUG tracing::span] winit::Window::pre_present_notify;
[2026-07-29T09:58:43Z DEBUG tracing::span] winit::Window::request_redraw;
[2026-07-29T09:58:43Z DEBUG tracing::span] winit::Window::pre_present_notify;
[2026-07-29T09:58:43Z DEBUG tracing::span] winit::Window::request_redraw;
[2026-07-29T09:58:43Z DEBUG tracing::span] winit::Window::pre_present_notify;
[2026-07-29T09:58:43Z DEBUG tracing::span] winit::Window::request_redraw;
[2026-07-29T09:58:43Z DEBUG tracing::span] winit::Window::pre_present_notify;
[2026-07-29T09:58:43Z DEBUG tracing::span] winit::Window::request_redraw;
[2026-07-29T09:58:43Z DEBUG tracing::span] winit::Window::pre_present_notify;
[2026-07-29T09:58:43Z DEBUG tracing::span] winit::Window::request_redraw;
[2026-07-29T09:58:43Z DEBUG tracing::span] winit::Window::pre_present_notify;
[2026-07-29T09:58:43Z DEBUG tracing::span] winit::Window::request_redraw;
[2026-07-29T09:58:43Z DEBUG tracing::span] winit::Window::pre_present_notify;
[2026-07-29T09:58:43Z DEBUG tracing::span] winit::Window::request_redraw;
[2026-07-29T09:58:43Z DEBUG tracing::span] winit::Window::pre_present_notify;
[2026-07-29T09:58:43Z DEBUG tracing::span] winit::Window::request_redraw;
[2026-07-29T09:58:43Z DEBUG tracing::span] winit::EventLoopProxy::send_event;
[2026-07-29T09:58:43Z DEBUG tracing::span] winit::Window::pre_present_notify;
[2026-07-29T09:58:43Z DEBUG tracing::span] winit::Window::request_redraw;
[2026-07-29T09:58:43Z DEBUG winit::window] winit::Window::set_title; title="Slint Window"
[2026-07-29T09:58:43Z DEBUG winit::window] winit::Window::set_decorations; decorations=true
[2026-07-29T09:58:43Z DEBUG tracing::span] winit::Window::fullscreen;
[2026-07-29T09:58:43Z DEBUG winit::window] winit::Window::set_resizable; resizable=true
[2026-07-29T09:58:43Z DEBUG winit::window] winit::Window::set_min_inner_size; min_size=Some(Physical(PhysicalSize { width: 1255, height: 826 }))
[2026-07-29T09:58:43Z DEBUG winit::window] winit::Window::max_size; max_size=Some(Physical(PhysicalSize { width: 101079, height: 16777215 }))
[2026-07-29T09:58:43Z DEBUG winit::window] winit::Window::set_title; title="Slint Window"
[2026-07-29T09:58:43Z DEBUG winit::window] winit::Window::set_decorations; decorations=true
[2026-07-29T09:58:43Z DEBUG tracing::span] winit::Window::fullscreen;
[2026-07-29T09:58:43Z DEBUG tracing::span] winit::Window::pre_present_notify;
[2026-07-29T09:58:43Z DEBUG tracing::span] winit::Window::request_redraw;
[2026-07-29T09:58:43Z DEBUG tracing::span] winit::Window::pre_present_notify;
[2026-07-29T09:58:43Z DEBUG tracing::span] winit::Window::request_redraw;
[2026-07-29T09:58:43Z DEBUG tracing::span] winit::Window::pre_present_notify;
[2026-07-29T09:58:43Z DEBUG tracing::span] winit::Window::request_redraw;
[2026-07-29T09:58:43Z DEBUG tracing::span] winit::Window::pre_present_notify;
[2026-07-29T09:58:43Z DEBUG tracing::span] winit::Window::request_redraw;
[2026-07-29T09:58:43Z DEBUG tracing::span] winit::Window::pre_present_notify;
[2026-07-29T09:58:43Z DEBUG tracing::span] winit::Window::request_redraw;
[2026-07-29T09:58:43Z DEBUG tracing::span] winit::Window::pre_present_notify;
[2026-07-29T09:58:43Z DEBUG tracing::span] winit::Window::request_redraw;
[2026-07-29T09:58:43Z DEBUG tracing::span] winit::Window::pre_present_notify;
[2026-07-29T09:58:43Z DEBUG tracing::span] winit::Window::request_redraw;
[2026-07-29T09:58:43Z DEBUG tracing::span] winit::Window::pre_present_notify;
[2026-07-29T09:58:43Z DEBUG tracing::span] winit::Window::request_redraw;
[2026-07-29T09:58:43Z DEBUG tracing::span] winit::Window::pre_present_notify;
[2026-07-29T09:58:43Z DEBUG tracing::span] winit::Window::request_redraw;
[2026-07-29T09:58:43Z DEBUG tracing::span] winit::Window::pre_present_notify;
[2026-07-29T09:58:43Z DEBUG tracing::span] winit::Window::request_redraw;
[2026-07-29T09:58:43Z DEBUG tracing::span] winit::Window::pre_present_notify;
[2026-07-29T09:58:43Z DEBUG tracing::span] winit::Window::request_redraw;
[2026-07-29T09:58:43Z DEBUG tracing::span] winit::Window::pre_present_notify;
[2026-07-29T09:58:43Z DEBUG tracing::span] winit::Window::request_redraw;
[2026-07-29T09:58:43Z DEBUG tracing::span] winit::Window::pre_present_notify;
[2026-07-29T09:58:43Z DEBUG tracing::span] winit::Window::request_redraw;
[2026-07-29T09:58:43Z DEBUG tracing::span] winit::Window::pre_present_notify;
[2026-07-29T09:58:43Z DEBUG tracing::span] winit::Window::request_redraw;
[2026-07-29T09:58:43Z DEBUG tracing::span] winit::Window::pre_present_notify;
[2026-07-29T09:58:43Z DEBUG tracing::span] winit::Window::request_redraw;
[2026-07-29T09:58:43Z DEBUG tracing::span] winit::Window::pre_present_notify;
[2026-07-29T09:58:43Z DEBUG tracing::span] winit::Window::request_redraw;
[2026-07-29T09:58:43Z DEBUG tracing::span] winit::Window::pre_present_notify;
[2026-07-29T09:58:43Z DEBUG tracing::span] winit::Window::request_redraw;
[2026-07-29T09:58:43Z DEBUG tracing::span] winit::Window::pre_present_notify;
[2026-07-29T09:58:43Z DEBUG tracing::span] winit::Window::request_redraw;
[2026-07-29T09:58:43Z DEBUG tracing::span] winit::Window::pre_present_notify;
[2026-07-29T09:58:43Z DEBUG tracing::span] winit::Window::request_redraw;
[2026-07-29T09:58:43Z DEBUG tracing::span] winit::Window::pre_present_notify;
[2026-07-29T09:58:43Z DEBUG tracing::span] winit::Window::request_redraw;
[2026-07-29T09:58:43Z DEBUG tracing::span] winit::Window::pre_present_notify;
[2026-07-29T09:58:43Z DEBUG tracing::span] winit::Window::request_redraw;
[2026-07-29T09:58:43Z DEBUG tracing::span] winit::Window::pre_present_notify;
[2026-07-29T09:58:43Z DEBUG tracing::span] winit::Window::request_redraw;
[2026-07-29T09:58:43Z DEBUG tracing::span] winit::Window::pre_present_notify;
[2026-07-29T09:58:43Z DEBUG tracing::span] winit::Window::request_redraw;
[2026-07-29T09:58:43Z DEBUG tracing::span] winit::Window::pre_present_notify;
[2026-07-29T09:58:43Z DEBUG tracing::span] winit::Window::request_redraw;
[2026-07-29T09:58:43Z DEBUG tracing::span] winit::Window::pre_present_notify;
[2026-07-29T09:58:43Z DEBUG tracing::span] winit::Window::request_redraw;
[2026-07-29T09:58:43Z DEBUG tracing::span] winit::Window::pre_present_notify;
[2026-07-29T09:58:43Z DEBUG tracing::span] winit::Window::request_redraw;
[2026-07-29T09:58:43Z DEBUG tracing::span] winit::Window::pre_present_notify;
[2026-07-29T09:58:43Z DEBUG tracing::span] winit::Window::request_redraw;
[2026-07-29T09:58:43Z DEBUG tracing::span] winit::Window::pre_present_notify;
[2026-07-29T09:58:43Z DEBUG tracing::span] winit::Window::request_redraw;
[2026-07-29T09:58:43Z DEBUG tracing::span] winit::Window::pre_present_notify;
[2026-07-29T09:58:43Z DEBUG tracing::span] winit::Window::request_redraw;
[2026-07-29T09:58:43Z DEBUG tracing::span] winit::Window::pre_present_notify;
[2026-07-29T09:58:43Z DEBUG tracing::span] winit::Window::request_redraw;
[2026-07-29T09:58:43Z DEBUG tracing::span] winit::Window::pre_present_notify;
[2026-07-29T09:58:43Z DEBUG tracing::span] winit::Window::request_redraw;
[2026-07-29T09:58:43Z DEBUG tracing::span] winit::Window::pre_present_notify;
[2026-07-29T09:58:43Z DEBUG tracing::span] winit::Window::request_redraw;
[2026-07-29T09:58:43Z DEBUG tracing::span] winit::EventLoopProxy::send_event;
[2026-07-29T09:58:43Z DEBUG winit::window] winit::Window::set_title; title="Slint Window"
[2026-07-29T09:58:43Z DEBUG winit::window] winit::Window::set_decorations; decorations=true
[2026-07-29T09:58:43Z DEBUG tracing::span] winit::Window::fullscreen;
[2026-07-29T09:58:43Z DEBUG winit::window] winit::Window::set_resizable; resizable=true
[2026-07-29T09:58:43Z DEBUG winit::window] winit::Window::set_min_inner_size; min_size=Some(Physical(PhysicalSize { width: 800, height: 372 }))
[2026-07-29T09:58:43Z DEBUG winit::window] winit::Window::max_size; max_size=Some(Physical(PhysicalSize { width: 200238, height: 16777215 }))
[2026-07-29T09:58:43Z DEBUG winit::window] winit::Window::set_title; title="Slint Window"
[2026-07-29T09:58:43Z DEBUG winit::window] winit::Window::set_decorations; decorations=true
[2026-07-29T09:58:43Z DEBUG tracing::span] winit::Window::fullscreen;
[2026-07-29T09:58:43Z DEBUG tracing::span] winit::Window::pre_present_notify;
[2026-07-29T09:58:43Z DEBUG tracing::span] winit::Window::request_redraw;
[2026-07-29T09:58:43Z DEBUG tracing::span] winit::Window::pre_present_notify;
[2026-07-29T09:58:43Z DEBUG tracing::span] winit::Window::request_redraw;
[2026-07-29T09:58:43Z DEBUG tracing::span] winit::Window::pre_present_notify;
[2026-07-29T09:58:43Z DEBUG tracing::span] winit::Window::request_redraw;
[2026-07-29T09:58:43Z DEBUG tracing::span] winit::Window::pre_present_notify;
[2026-07-29T09:58:43Z DEBUG tracing::span] winit::Window::request_redraw;
[2026-07-29T09:58:43Z DEBUG tracing::span] winit::Window::pre_present_notify;
[2026-07-29T09:58:43Z DEBUG tracing::span] winit::Window::request_redraw;
[2026-07-29T09:58:43Z DEBUG tracing::span] winit::Window::pre_present_notify;
[2026-07-29T09:58:43Z DEBUG tracing::span] winit::Window::request_redraw;
[2026-07-29T09:58:43Z DEBUG tracing::span] winit::Window::pre_present_notify;
[2026-07-29T09:58:43Z DEBUG tracing::span] winit::Window::request_redraw;
[2026-07-29T09:58:44Z DEBUG tracing::span] winit::Window::pre_present_notify;
[2026-07-29T09:58:44Z DEBUG tracing::span] winit::Window::request_redraw;
[2026-07-29T09:58:44Z DEBUG tracing::span] winit::Window::pre_present_notify;
[2026-07-29T09:58:44Z DEBUG tracing::span] winit::Window::request_redraw;
[2026-07-29T09:58:44Z DEBUG tracing::span] winit::Window::pre_present_notify;
[2026-07-29T09:58:44Z DEBUG tracing::span] winit::Window::request_redraw;
[2026-07-29T09:58:44Z DEBUG tracing::span] winit::Window::pre_present_notify;
[2026-07-29T09:58:44Z DEBUG tracing::span] winit::Window::request_redraw;
[2026-07-29T09:58:44Z DEBUG tracing::span] winit::Window::pre_present_notify;
[2026-07-29T09:58:44Z DEBUG tracing::span] winit::Window::request_redraw;
[2026-07-29T09:58:44Z DEBUG tracing::span] winit::Window::pre_present_notify;
[2026-07-29T09:58:44Z DEBUG tracing::span] winit::Window::request_redraw;
[2026-07-29T09:58:44Z DEBUG tracing::span] winit::Window::pre_present_notify;
[2026-07-29T09:58:44Z DEBUG tracing::span] winit::Window::request_redraw;
[2026-07-29T09:58:44Z DEBUG tracing::span] winit::Window::pre_present_notify;
[2026-07-29T09:58:44Z DEBUG tracing::span] winit::Window::request_redraw;
[2026-07-29T09:58:44Z DEBUG tracing::span] winit::Window::pre_present_notify;
[2026-07-29T09:58:44Z DEBUG tracing::span] winit::Window::request_redraw;
[2026-07-29T09:58:44Z DEBUG tracing::span] winit::Window::pre_present_notify;
[2026-07-29T09:58:44Z DEBUG tracing::span] winit::Window::request_redraw;
[2026-07-29T09:58:44Z DEBUG tracing::span] winit::Window::pre_present_notify;
[2026-07-29T09:58:44Z DEBUG tracing::span] winit::Window::request_redraw;
[2026-07-29T09:58:44Z DEBUG tracing::span] winit::Window::pre_present_notify;
[2026-07-29T09:58:44Z DEBUG tracing::span] winit::Window::request_redraw;
[2026-07-29T09:58:44Z DEBUG tracing::span] winit::Window::pre_present_notify;
[2026-07-29T09:58:44Z DEBUG tracing::span] winit::Window::request_redraw;
[2026-07-29T09:58:44Z DEBUG tracing::span] winit::Window::pre_present_notify;
[2026-07-29T09:58:44Z DEBUG tracing::span] winit::Window::request_redraw;
[2026-07-29T09:58:44Z DEBUG tracing::span] winit::Window::pre_present_notify;
[2026-07-29T09:58:44Z DEBUG tracing::span] winit::Window::request_redraw;
[2026-07-29T09:58:44Z DEBUG tracing::span] winit::Window::pre_present_notify;
[2026-07-29T09:58:44Z DEBUG tracing::span] winit::Window::request_redraw;
[2026-07-29T09:58:44Z DEBUG tracing::span] winit::Window::pre_present_notify;
[2026-07-29T09:58:44Z DEBUG tracing::span] winit::Window::request_redraw;
[2026-07-29T09:58:44Z DEBUG tracing::span] winit::Window::pre_present_notify;
[2026-07-29T09:58:44Z DEBUG tracing::span] winit::Window::request_redraw;
[2026-07-29T09:58:44Z DEBUG tracing::span] winit::Window::pre_present_notify;
[2026-07-29T09:58:44Z DEBUG tracing::span] winit::Window::request_redraw;
[2026-07-29T09:58:44Z DEBUG tracing::span] winit::Window::pre_present_notify;
[2026-07-29T09:58:44Z DEBUG tracing::span] winit::Window::request_redraw;
[2026-07-29T09:58:44Z DEBUG tracing::span] winit::Window::pre_present_notify;
[2026-07-29T09:58:44Z DEBUG tracing::span] winit::Window::request_redraw;
[2026-07-29T09:58:44Z DEBUG tracing::span] winit::Window::pre_present_notify;
[2026-07-29T09:58:44Z DEBUG tracing::span] winit::Window::request_redraw;
[2026-07-29T09:58:44Z DEBUG tracing::span] winit::Window::pre_present_notify;
[2026-07-29T09:58:44Z DEBUG tracing::span] winit::Window::request_redraw;
[2026-07-29T09:58:44Z DEBUG tracing::span] winit::Window::pre_present_notify;
[2026-07-29T09:58:44Z DEBUG tracing::span] winit::Window::request_redraw;
[2026-07-29T09:58:44Z DEBUG tracing::span] winit::Window::pre_present_notify;
[2026-07-29T09:58:44Z DEBUG tracing::span] winit::Window::request_redraw;
[2026-07-29T09:58:44Z DEBUG tracing::span] winit::Window::pre_present_notify;
[2026-07-29T09:58:44Z DEBUG tracing::span] winit::Window::request_redraw;
[2026-07-29T09:58:44Z DEBUG tracing::span] winit::Window::pre_present_notify;
[2026-07-29T09:58:44Z DEBUG tracing::span] winit::Window::request_redraw;
[2026-07-29T09:58:44Z DEBUG tracing::span] winit::Window::pre_present_notify;
[2026-07-29T09:58:44Z DEBUG tracing::span] winit::Window::request_redraw;
[2026-07-29T09:58:44Z DEBUG tracing::span] winit::Window::pre_present_notify;
[2026-07-29T09:58:44Z DEBUG tracing::span] winit::Window::request_redraw;
[2026-07-29T09:58:44Z DEBUG tracing::span] winit::Window::pre_present_notify;
[2026-07-29T09:58:44Z DEBUG tracing::span] winit::Window::request_redraw;
[2026-07-29T09:58:44Z DEBUG tracing::span] winit::Window::pre_present_notify;
[2026-07-29T09:58:44Z DEBUG tracing::span] winit::Window::request_redraw;
[2026-07-29T09:58:44Z DEBUG tracing::span] winit::Window::pre_present_notify;
[2026-07-29T09:58:44Z DEBUG tracing::span] winit::Window::request_redraw;
[2026-07-29T09:58:44Z DEBUG tracing::span] winit::Window::pre_present_notify;
[2026-07-29T09:58:44Z DEBUG tracing::span] winit::Window::request_redraw;
[2026-07-29T09:58:44Z DEBUG tracing::span] winit::Window::pre_present_notify;
[2026-07-29T09:58:44Z DEBUG tracing::span] winit::Window::request_redraw;
[2026-07-29T09:58:44Z DEBUG tracing::span] winit::Window::pre_present_notify;
[2026-07-29T09:58:44Z DEBUG tracing::span] winit::Window::request_redraw;
[2026-07-29T09:58:44Z DEBUG tracing::span] winit::Window::pre_present_notify;
[2026-07-29T09:58:44Z DEBUG tracing::span] winit::Window::request_redraw;
[2026-07-29T09:58:44Z DEBUG tracing::span] winit::Window::pre_present_notify;
[2026-07-29T09:58:44Z DEBUG tracing::span] winit::Window::request_redraw;
[2026-07-29T09:58:44Z DEBUG tracing::span] winit::Window::pre_present_notify;
[2026-07-29T09:58:44Z DEBUG tracing::span] winit::Window::request_redraw;
[2026-07-29T09:58:44Z DEBUG tracing::span] winit::Window::pre_present_notify;
[2026-07-29T09:58:44Z DEBUG tracing::span] winit::Window::request_redraw;
[2026-07-29T09:58:44Z DEBUG tracing::span] winit::Window::pre_present_notify;
[2026-07-29T09:58:44Z DEBUG tracing::span] winit::Window::request_redraw;
[2026-07-29T09:58:44Z DEBUG tracing::span] winit::Window::pre_present_notify;
[2026-07-29T09:58:44Z DEBUG tracing::span] winit::Window::request_redraw;
[2026-07-29T09:58:44Z DEBUG tracing::span] winit::Window::pre_present_notify;
[2026-07-29T09:58:44Z DEBUG tracing::span] winit::Window::request_redraw;
[2026-07-29T09:58:44Z DEBUG tracing::span] winit::Window::pre_present_notify;
[2026-07-29T09:58:44Z DEBUG tracing::span] winit::Window::request_redraw;
[2026-07-29T09:58:44Z DEBUG tracing::span] winit::Window::pre_present_notify;
[2026-07-29T09:58:44Z DEBUG tracing::span] winit::Window::request_redraw;
[2026-07-29T09:58:44Z DEBUG tracing::span] winit::Window::pre_present_notify;
[2026-07-29T09:58:44Z DEBUG tracing::span] winit::Window::request_redraw;
[2026-07-29T09:58:44Z DEBUG ureq_proto::client] Call<Prepare>
[2026-07-29T09:58:44Z DEBUG ureq::run] PUT https://api.spotify.com/******
[2026-07-29T09:58:44Z DEBUG ureq::unversioned::resolver] Resolved: ArrayVec { len: 2, arr: [35.186.224.24:443, [2600:1901:1:7c5::]:443] }
[2026-07-29T09:58:44Z DEBUG tracing::span] winit::Window::pre_present_notify;
[2026-07-29T09:58:44Z DEBUG tracing::span] winit::Window::request_redraw;
[2026-07-29T09:58:44Z DEBUG ureq::unversioned::transport::tcp] Connected TcpStream to 35.186.224.24:443
[2026-07-29T09:58:44Z DEBUG rustls::client::hs] No cached session for DnsName("api.spotify.com")
[2026-07-29T09:58:44Z DEBUG rustls::client::hs] Not resuming any session
[2026-07-29T09:58:44Z DEBUG ureq::tls::rustls] Wrapped TLS
[2026-07-29T09:58:44Z DEBUG ureq_proto::client] Call<SendRequest>
[2026-07-29T09:58:44Z DEBUG ureq::run] Request { method: PUT, uri: https://api.spotify.com/******, version: HTTP/1.1, headers: {"accept-encoding": "gzip", "content-length": "0", "user-agent": "ureq/3.3.0", "accept": "*/*", "host": "api.spotify.com", "<NOTICE>": "1 HEADERS ARE REDACTED"} }
[2026-07-29T09:58:44Z DEBUG rustls::client::hs] Using ciphersuite TLS13_AES_256_GCM_SHA384
[2026-07-29T09:58:44Z DEBUG rustls::client::tls13] Not resuming
[2026-07-29T09:58:44Z DEBUG rustls::client::tls13] TLS1.3 encrypted extensions: ServerExtensions { server_name_ack: (), unknown_extensions: {}, .. }
[2026-07-29T09:58:44Z DEBUG rustls::client::hs] ALPN protocol is None
[2026-07-29T09:58:44Z DEBUG ureq_proto::client] Call<RecvResponse>
[2026-07-29T09:58:44Z DEBUG tracing::span] winit::Window::pre_present_notify;
[2026-07-29T09:58:44Z DEBUG tracing::span] winit::Window::request_redraw;
[2026-07-29T09:58:44Z DEBUG tracing::span] winit::Window::pre_present_notify;
[2026-07-29T09:58:44Z DEBUG tracing::span] winit::Window::request_redraw;
[2026-07-29T09:58:44Z DEBUG tracing::span] winit::Window::pre_present_notify;
[2026-07-29T09:58:44Z DEBUG tracing::span] winit::Window::request_redraw;
[2026-07-29T09:58:44Z DEBUG tracing::span] winit::Window::pre_present_notify;
[2026-07-29T09:58:44Z DEBUG tracing::span] winit::Window::request_redraw;
[2026-07-29T09:58:44Z DEBUG tracing::span] winit::Window::pre_present_notify;
[2026-07-29T09:58:44Z DEBUG tracing::span] winit::Window::request_redraw;
[2026-07-29T09:58:44Z DEBUG tracing::span] winit::Window::pre_present_notify;
[2026-07-29T09:58:44Z DEBUG tracing::span] winit::Window::request_redraw;
[2026-07-29T09:58:44Z DEBUG tracing::span] winit::Window::pre_present_notify;
[2026-07-29T09:58:44Z DEBUG tracing::span] winit::Window::request_redraw;
[2026-07-29T09:58:44Z DEBUG tracing::span] winit::Window::pre_present_notify;
[2026-07-29T09:58:44Z DEBUG tracing::span] winit::Window::request_redraw;
[2026-07-29T09:58:44Z DEBUG tracing::span] winit::Window::pre_present_notify;
[2026-07-29T09:58:44Z DEBUG tracing::span] winit::Window::request_redraw;
[2026-07-29T09:58:44Z DEBUG ureq_proto::client] Call<RecvBody>
[2026-07-29T09:58:44Z DEBUG ureq::run] Response { status: 200, version: HTTP/1.1, headers: {"content-length": "27", "date": "Wed, 29 Jul 2026 09:58:44 GMT", "server": "envoy", "<NOTICE>": "8 HEADERS ARE REDACTED"} }
[2026-07-29T09:58:44Z DEBUG tracing::span] winit::EventLoopProxy::send_event;
[2026-07-29T09:58:44Z DEBUG winit::window] winit::Window::set_title; title="Slint Window"
[2026-07-29T09:58:44Z DEBUG winit::window] winit::Window::set_decorations; decorations=true
[2026-07-29T09:58:44Z DEBUG tracing::span] winit::Window::fullscreen;
[2026-07-29T09:58:44Z DEBUG tracing::span] winit::Window::pre_present_notify;
[2026-07-29T09:58:44Z DEBUG tracing::span] winit::Window::request_redraw;
[2026-07-29T09:58:44Z DEBUG tracing::span] winit::Window::pre_present_notify;
[2026-07-29T09:58:44Z DEBUG tracing::span] winit::Window::request_redraw;
[2026-07-29T09:58:44Z DEBUG tracing::span] winit::Window::pre_present_notify;
[2026-07-29T09:58:44Z DEBUG tracing::span] winit::Window::request_redraw;
[2026-07-29T09:58:44Z DEBUG tracing::span] winit::Window::pre_present_notify;
[2026-07-29T09:58:44Z DEBUG tracing::span] winit::Window::request_redraw;
[2026-07-29T09:58:44Z DEBUG tracing::span] winit::Window::pre_present_notify;
[2026-07-29T09:58:44Z DEBUG tracing::span] winit::Window::request_redraw;
[2026-07-29T09:58:45Z DEBUG tracing::span] winit::Window::pre_present_notify;
[2026-07-29T09:58:45Z DEBUG tracing::span] winit::Window::request_redraw;
[2026-07-29T09:58:45Z DEBUG tracing::span] winit::Window::pre_present_notify;
[2026-07-29T09:58:45Z DEBUG tracing::span] winit::Window::request_redraw;
[2026-07-29T09:58:45Z DEBUG tracing::span] winit::Window::pre_present_notify;
[2026-07-29T09:58:45Z DEBUG tracing::span] winit::Window::request_redraw;
[2026-07-29T09:58:45Z DEBUG tracing::span] winit::Window::pre_present_notify;
[2026-07-29T09:58:45Z DEBUG tracing::span] winit::Window::request_redraw;
[2026-07-29T09:58:45Z DEBUG tracing::span] winit::Window::pre_present_notify;
[2026-07-29T09:58:45Z DEBUG tracing::span] winit::Window::request_redraw;
[2026-07-29T09:58:45Z DEBUG tracing::span] winit::Window::outer_position;
[2026-07-29T09:58:45Z DEBUG tracing::span] winit::Window::id;
[2026-07-29T09:58:45Z DEBUG tracing::span] winit::EventLoopProxy::send_event;
[2026-07-29T09:58:45Z DEBUG tracing::span] winit::ActiveEventLoop::exit;
[2026-07-29T09:58:45Z DEBUG ureq_proto::client] Call<Prepare>
[2026-07-29T09:58:45Z DEBUG ureq::run] PUT https://api.spotify.com/******
[2026-07-29T09:58:45Z DEBUG ureq::unversioned::resolver] Resolved: ArrayVec { len: 2, arr: [35.186.224.24:443, [2600:1901:1:7c5::]:443] }
[2026-07-29T09:58:45Z DEBUG ureq::unversioned::transport::tcp] Connected TcpStream to 35.186.224.24:443
[2026-07-29T09:58:45Z DEBUG rustls::client::hs] No cached session for DnsName("api.spotify.com")
[2026-07-29T09:58:45Z DEBUG rustls::client::hs] Not resuming any session
[2026-07-29T09:58:45Z DEBUG ureq::tls::rustls] Wrapped TLS
[2026-07-29T09:58:45Z DEBUG ureq_proto::client] Call<SendRequest>
[2026-07-29T09:58:45Z DEBUG ureq::run] Request { method: PUT, uri: https://api.spotify.com/******, version: HTTP/1.1, headers: {"accept-encoding": "gzip", "content-length": "0", "user-agent": "ureq/3.3.0", "accept": "*/*", "host": "api.spotify.com", "<NOTICE>": "1 HEADERS ARE REDACTED"} }
[2026-07-29T09:58:45Z DEBUG rustls::client::hs] Using ciphersuite TLS13_AES_256_GCM_SHA384
[2026-07-29T09:58:45Z DEBUG rustls::client::tls13] Not resuming
[2026-07-29T09:58:45Z DEBUG rustls::client::tls13] TLS1.3 encrypted extensions: ServerExtensions { server_name_ack: (), unknown_extensions: {}, .. }
[2026-07-29T09:58:45Z DEBUG rustls::client::hs] ALPN protocol is None
[2026-07-29T09:58:45Z DEBUG ureq_proto::client] Call<RecvResponse>
[2026-07-29T09:58:45Z DEBUG ureq_proto::client] Call<RecvBody>
[2026-07-29T09:58:45Z DEBUG ureq::run] Response { status: 403, version: HTTP/1.1, headers: {"content-type": "application/json; charset=utf-8", "content-encoding": "gzip", "date": "Wed, 29 Jul 2026 09:58:45 GMT", "server": "envoy", "transfer-encoding": "chunked", "<NOTICE>": "9 HEADERS ARE REDACTED"} }
[2026-07-29T09:58:45Z DEBUG ureq::body] Decoding gzip
[2026-07-29T09:58:45Z DEBUG ureq_proto::client] Call<Cleanup>
[2026-07-29T09:58:45Z DEBUG ureq::pool] Return to pool: PoolKey { scheme: "https", authority: api.spotify.com, proxy: None }
[2026-07-29T09:58:45Z INFO  kuplay_core::common::applog] PUT failed https://api.spotify.com/v1/me/player/pause?device_id=352e5556d37988e5dad46e0834c67c580cd6e03e
    code 403 with ERROR BODY {
      "error" : {
        "status" : 403,
        "message" : "Player command failed: Restriction violated",
        "reason" : "UNKNOWN"
      }
    }
[2026-07-29T09:58:45Z DEBUG tracing::span] winit::EventLoopProxy::send_event;
[2026-07-29T09:58:45Z INFO  kuplay_core::common::applog] Failed to drop Spot
    StatusCode(403)
[2026-07-29T09:58:45Z DEBUG tracing::span] winit::EventLoopProxy::send_event;
